NumOfHot,FusionType,MergeBP,MainBP,IsCase,IsUnique,Qual,PassQual,OriFreq,Freq,Pos1,Pos2,Source,BreakPointInfo,SRSeqCigar,SUSeqCigar,OriSRCount,OriSUCount,SRCount,SUCount,DPCount,AltDepth,Depth,Link
HotFusion,DEL/ITX,.,Y,N,N,60,Y,0.9820,0.9860,2:111883194,2:111886098,SplitRead,L+|R-,CTGTTCTCCATAGAGGCTGTGCCATTTTACATTCCCACCAACA(43M/43)_CTGTTCTCCATAGAGGCTGTGCCATTTTACATTCCCACGT(40M/38C0A0)_CTGTTCTCCATAGAGGCTGTGCCATTTTACANTCCCACCATCAGG(45M/31T8A4)_CTGTTCTCCATAGAGGCTGTGCCATTTTCCATTCCCACCATC(42M/28A11A1)_CTGTTCTCCATAGAGGCTGTCCCATTTTACATTCCCACCA(40M/20G19),*,202,0,202,0,509,913,926,http://10.0.1.7:4384/cnv-cgi/sv.cgi?s=190008263BCD_190008263BPD&p1=2:111883194&p2=2:111886098&lr=LR
2,DEL/ITX,7,N,N,N,35,Y,1.0000,1.0000,12:12027154,12:12026415,SplitRead,R-|L+,CCATAAAAAGCCTTTAAATCTCCGTAAAGC(30M/30),*,1,0,192,0,379,763,763,http://10.0.1.7:4384/cnv-cgi/sv.cgi?s=190008263BCD_190008263BPD&p1=12:12027154&p2=12:12026415&lr=RL
2,DEL/ITX,7,Y,N,N,35,Y,0.9761,0.9820,12:12026415,12:12027154,SplitRead,L+|R-,TACAAAAATTCGTCGGGCATGTTGGTGCACACCTGTAGTCCCAGC(45M/21G23)_TACAAAAATTCGGCGGGCATGTTGGTGCACACCTGT(36M/12T8G14),*,192,0,192,0,379,763,777,http://10.0.1.7:4384/cnv-cgi/sv.cgi?s=190008263BCD_190008263BPD&p1=12:12026415&p2=12:12027154&lr=LR
0,DEL/ITX,13,Y,N,N,60,Y,0.4521,0.5504,2:202149443,2:202146650,SplitRead,R-|L+,GAGGGTTTTGCTCTTGAATTTCTGGTTG(28M/27C0),*,1,0,45,0,183,273,496,http://10.0.1.7:4384/cnv-cgi/sv.cgi?s=190008263BCD_190008263BPD&p1=2:202149443&p2=2:202146650&lr=RL
0,DEL/ITX,13,N,N,N,60,Y,0.5758,0.6207,2:202149441,2:202146648,SplitRead,R-|L+,TATAGAGGGTTTTGCTCTTGAATTTCTGGT(30M/30)_GCTACGAATATAGAGGGTTTTGCGCTTGAATTTCTGGT(38M/23T14)_ATAGAGGGTTTTGCTCTTGAAGTTCTGGT(29M/21T7)_ATAGAGGGTTTTTCTCTTGAATTTCTGTT(29M/12G14G1),*,44,0,45,0,180,270,435,http://10.0.1.7:4384/cnv-cgi/sv.cgi?s=190008263BCD_190008263BPD&p1=2:202149441&p2=2:202146648&lr=RL
0,DEL/ITX,0,N,N,N,0,N,0.0563,0.1860,6:29911850,6:29911033,SplitRead,R-|L+,GGGCTCGGGGGACTGGGCTGCCCGTGGG(28M/20A3C3),*,1,0,67,0,46,180,968,http://10.0.1.7:4384/cnv-cgi/sv.cgi?s=190008263BCD_190008263BPD&p1=6:29911850&p2=6:29911033&lr=RL
0,DEL/ITX,0,Y,N,N,0,N,0.0826,0.1254,6:29911036,6:29911853,SplitRead,L+|R-,CCATGACAGATGCAAAATGCCTGAATTTTCTGACTCTTC(39M/39)_CCATGACAGATGCAAACTGCCTGAATTTTCTGACTCTTCCC(41M/16A24),*,67,0,67,0,46,180,1435,http://10.0.1.7:4384/cnv-cgi/sv.cgi?s=190008263BCD_190008263BPD&p1=6:29911036&p2=6:29911853&lr=LR
0,CTX-2,.,Y,N,N,25,Y,0.1214,0.2166,5:180045701,11:62164222,SplitRead,R-|R-,TAGGGTAACCCAGCCTGGGGT(21M/5G2A12),*,64,0,64,0,0,128,591,http://10.0.1.7:4384/cnv-cgi/sv.cgi?s=190008263BCD_190008263BPD&p1=5:180045701&p2=11:62164222&lr=RR
0,CTX-2,.,Y,N,Y,0,N,0.1460,0.1460,9:35075323-35075737,2:33141299-33141623,DiscordantPair,L+|L+,*,*,0,0,0,0,127,127,870,http://10.0.1.7:4384/cnv-cgi/sv.cgi?s=190008263BCD_190008263BPD&p1=9:35075737&p2=2:33141623&lr=LL
0,CTX-2,.,Y,N,Y,25,Y,0.0640,0.1203,6:31324524,14:32891424,SplitRead,L+|L+,GCACAGATCTCCAAGACCAACA(22M/7C9T4),*,62,0,62,0,0,124,1031,http://10.0.1.7:4384/cnv-cgi/sv.cgi?s=190008263BCD_190008263BPD&p1=6:31324524&p2=14:32891424&lr=LL
0,CTX-1,.,Y,N,Y,0,N,0.1306,0.2311,13:49034049,4:84564442,SplitRead,L+|R-,CTTCCTTCCTTCCTTCCTTCCTTCCTT(27M/27),*,61,0,61,0,0,122,528,http://10.0.1.7:4384/cnv-cgi/sv.cgi?s=190008263BCD_190008263BPD&p1=13:49034049&p2=4:84564442&lr=LR
1,CTX-2,.,Y,N,Y,0,N,0.1558,0.1558,10:43611739-43612233,2:33141296-33141623,DiscordantPair,L+|L+,*,*,0,0,0,0,119,119,764,http://10.0.1.7:4384/cnv-cgi/sv.cgi?s=190008263BCD_190008263BPD&p1=10:43612233&p2=2:33141623&lr=LL
0,CTX-1,.,Y,N,N,25,Y,0.1538,0.2667,10:88683000,1:61792755,SplitRead,R-|L+,CTACTATTAAGAGATGTATATA(22M/9T2T9),*,58,0,58,0,0,116,435,http://10.0.1.7:4384/cnv-cgi/sv.cgi?s=190008263BCD_190008263BPD&p1=10:88683000&p2=1:61792755&lr=RL
0,CTX-1,.,Y,N,Y,0,N,0.0982,0.1788,9:8338848,7:71922620,SplitRead,R-|L+,CTTCTCCCAGAGAGAGAGAG(20M/20),*,54,0,54,0,0,108,604,http://10.0.1.7:4384/cnv-cgi/sv.cgi?s=190008263BCD_190008263BPD&p1=9:8338848&p2=7:71922620&lr=RL
1,CTX-2,.,Y,N,Y,0,N,0.1247,0.2217,21:42842716,Y:9706519,SplitRead,L+|L+,GGAGCCATAGCCCGAGGCCT(20M/7C5A6),*,48,0,48,0,0,96,433,http://10.0.1.7:4384/cnv-cgi/sv.cgi?s=190008263BCD_190008263BPD&p1=21:42842716&p2=Y:9706519&lr=LL
0,CTX-1,.,Y,N,N,8,N,0.4608,0.6309,16:89874498,15:45160359,SplitRead,R-|L+,CTCAAAAAAAAACAACAAAAAACAAAAAACAAA(33M/33),*,47,0,47,0,0,94,149,http://10.0.1.7:4384/cnv-cgi/sv.cgi?s=190008263BCD_190008263BPD&p1=16:89874498&p2=15:45160359&lr=RL
0,DUP/ITX,.,Y,N,Y,0,N,0.0640,0.0640,6:29910542-29911028,6:29857055-29857356,DiscordantPair,L+|R-,*,*,0,0,0,0,90,90,1407,http://10.0.1.7:4384/cnv-cgi/sv.cgi?s=190008263BCD_190008263BPD&p1=6:29911028&p2=6:29857055&lr=LR
0,INV,.,Y,N,N,4,N,0.0500,0.0745,6:31324488,6:29855977,SplitRead,L+|L+,AGAACCTGCGGATCGCGCTCC(21M/21),*,28,0,28,0,25,81,1087,http://10.0.1.7:4384/cnv-cgi/sv.cgi?s=190008263BCD_190008263BPD&p1=6:31324488&p2=6:29855977&lr=LL
1,CTX-1,.,Y,N,Y,0,N,0.0323,0.0627,1:120612060,2:90448552,SplitRead,L+|R-,GCCGCCGCCGCCGCCGCCGCCGCCGCCGCC(30M/30),*,35,0,35,0,0,70,1117,http://10.0.1.7:4384/cnv-cgi/sv.cgi?s=190008263BCD_190008263BPD&p1=1:120612060&p2=2:90448552&lr=LR
1,CTX-2,.,Y,N,Y,0,N,0.0764,0.0764,17:38511951-38512385,2:33141296-33141632,DiscordantPair,L+|L+,*,*,0,0,0,0,69,69,903,http://10.0.1.7:4384/cnv-cgi/sv.cgi?s=190008263BCD_190008263BPD&p1=17:38512385&p2=2:33141632&lr=LL
0,CTX-2,.,Y,N,Y,0,N,0.2000,0.2000,13:25670781-25671092,3:155027215-155027530,DiscordantPair,R-|R-,*,*,0,0,0,0,63,63,315,http://10.0.1.7:4384/cnv-cgi/sv.cgi?s=190008263BCD_190008263BPD&p1=13:25670781&p2=3:155027215&lr=RR
1,CTX-2,.,Y,N,Y,0,N,0.1230,0.2191,7:140498080,15:80289329,SplitRead,L+|L+,AAGACTCCGTCTCAAAAAAAAAAAA(25M/25),*,31,0,31,0,0,62,283,http://10.0.1.7:4384/cnv-cgi/sv.cgi?s=190008263BCD_190008263BPD&p1=7:140498080&p2=15:80289329&lr=LL
1,INV,.,Y,N,N,0,N,0.1336,0.1840,1:145272978,1:120551447,SplitRead,R-|R-,AAAAATTCTTACACTCTTGGAGTTTACATTCTAATAGCT(39M/39)_AAAAATTCTTACACTCTTTGAGTTT(25M/18G6),*,19,0,19,0,22,60,326,http://10.0.1.7:4384/cnv-cgi/sv.cgi?s=190008263BCD_190008263BPD&p1=1:145272978&p2=1:120551447&lr=RR
0,DEL/ITX,.,Y,N,N,28,Y,0.0406,0.0406,6:29855156-29856037,6:29910330-29911036,DiscordantPair,L+|R-,*,*,0,0,0,0,59,59,1452,http://10.0.1.7:4384/cnv-cgi/sv.cgi?s=190008263BCD_190008263BPD&p1=6:29856037&p2=6:29910330&lr=LR
0,CTX-1,.,Y,N,Y,0,N,0.1471,0.1471,5:40797986-40798325,2:33141296-33141695,DiscordantPair,L+|R-,*,*,0,0,0,0,59,59,401,http://10.0.1.7:4384/cnv-cgi/sv.cgi?s=190008263BCD_190008263BPD&p1=5:40798325&p2=2:33141296&lr=LR
0,CTX-1,.,Y,N,Y,0,N,0.0386,0.0744,2:46583282,12:4551142,SplitRead,R-|L+,AGCTGTCCAACCCCACGCTCT(21M/9G6T4),*,29,0,29,0,0,58,780,http://10.0.1.7:4384/cnv-cgi/sv.cgi?s=190008263BCD_190008263BPD&p1=2:46583282&p2=12:4551142&lr=RL
0,CTX-1,.,Y,N,Y,0,N,0.0459,0.0459,1:27101209-27101838,2:33141299-33141686,DiscordantPair,R-|L+,*,*,0,0,0,0,57,57,1243,http://10.0.1.7:4384/cnv-cgi/sv.cgi?s=190008263BCD_190008263BPD&p1=1:27101209&p2=2:33141686&lr=RL
0,CTX-2,.,Y,N,Y,0,N,0.0979,0.0979,16:72821611-72821941,2:33141310-33141623,DiscordantPair,L+|L+,*,*,0,0,0,0,57,57,582,http://10.0.1.7:4384/cnv-cgi/sv.cgi?s=190008263BCD_190008263BPD&p1=16:72821941&p2=2:33141623&lr=LL
0,CTX-1,.,Y,N,Y,0,N,0.2036,0.2036,X:47040585-47041074,2:33141297-33141691,DiscordantPair,R-|L+,*,*,0,0,0,0,56,56,275,http://10.0.1.7:4384/cnv-cgi/sv.cgi?s=190008263BCD_190008263BPD&p1=X:47040585&p2=2:33141691&lr=RL
0,CTX-1,.,Y,N,Y,0,N,0.1157,0.2074,14:35871431,15:67163580,SplitRead,R-|L+,ATTTAAAAAAAGAGTAAGCTA(21M/13C4A2),*,28,0,28,0,0,56,270,http://10.0.1.7:4384/cnv-cgi/sv.cgi?s=190008263BCD_190008263BPD&p1=14:35871431&p2=15:67163580&lr=RL
0,CTX-2,.,Y,N,N,0,N,0.1821,0.1821,1:179198337-179198672,2:33141297-33141686,DiscordantPair,R-|R-,*,*,0,0,0,0,55,55,302,http://10.0.1.7:4384/cnv-cgi/sv.cgi?s=190008263BCD_190008263BPD&p1=1:179198337&p2=2:33141297&lr=RR
0,INV,.,Y,N,N,0,N,0.0338,0.0446,6:29857056,6:31239137,SplitRead,R-|R-,CCCACGGTCAGCCCAGTCCCCCGAGCCCCGCACCGCCCC(39M/3G27C7),*,13,0,13,0,26,52,1166,http://10.0.1.7:4384/cnv-cgi/sv.cgi?s=190008263BCD_190008263BPD&p1=6:29857056&p2=6:31239137&lr=RR
1,CTX-1,.,Y,N,Y,0,N,0.3983,0.3983,19:15353401-15353937,2:33141279-33141694,DiscordantPair,L+|R-,*,*,0,0,0,0,47,47,118,http://10.0.1.7:4384/cnv-cgi/sv.cgi?s=190008263BCD_190008263BPD&p1=19:15353937&p2=2:33141279&lr=LR
0,CTX-1,.,Y,N,Y,0,N,0.0947,0.0947,17:78936556-78936890,2:33141309-33141694,DiscordantPair,L+|R-,*,*,0,0,0,0,46,46,486,http://10.0.1.7:4384/cnv-cgi/sv.cgi?s=190008263BCD_190008263BPD&p1=17:78936890&p2=2:33141309&lr=LR
0,CTX-2,.,Y,N,Y,0,N,0.0494,0.0494,16:3778671-3779270,2:33141296-33141656,DiscordantPair,L+|L+,*,*,0,0,0,0,44,44,890,http://10.0.1.7:4384/cnv-cgi/sv.cgi?s=190008263BCD_190008263BPD&p1=16:3779270&p2=2:33141656&lr=LL
0,DEL/ITX,.,Y,N,Y,12,N,0.0295,0.0295,22:42523350-42523570,22:42537334-42537722,DiscordantPair,L+|R-,*,*,0,0,0,0,44,44,1493,http://10.0.1.7:4384/cnv-cgi/sv.cgi?s=190008263BCD_190008263BPD&p1=22:42523570&p2=22:42537334&lr=LR
0,CTX-2,.,Y,N,N,0,N,0.1354,0.1354,19:2164152-2164451,2:33141296-33141664,DiscordantPair,R-|R-,*,*,0,0,0,0,44,44,325,http://10.0.1.7:4384/cnv-cgi/sv.cgi?s=190008263BCD_190008263BPD&p1=19:2164152&p2=2:33141296&lr=RR
0,CTX-1,.,Y,N,Y,0,N,0.0905,0.0905,11:32456390-32456967,2:33141296-33141695,DiscordantPair,L+|R-,*,*,0,0,0,0,43,43,475,http://10.0.1.7:4384/cnv-cgi/sv.cgi?s=190008263BCD_190008263BPD&p1=11:32456967&p2=2:33141296&lr=LR
0,CTX-2,.,Y,N,Y,0,N,0.0424,0.0424,9:98209153-98209621,2:33141296-33141643,DiscordantPair,L+|L+,*,*,0,0,0,0,42,42,991,http://10.0.1.7:4384/cnv-cgi/sv.cgi?s=190008263BCD_190008263BPD&p1=9:98209621&p2=2:33141643&lr=LL
0,CTX-2,.,Y,N,Y,0,N,0.1961,0.3279,16:89874498,5:107928007,SplitRead,R-|R-,TTTGTTTTTTGTATTTTGTTGTTTT(25M/20T4),*,20,0,20,0,0,40,122,http://10.0.1.7:4384/cnv-cgi/sv.cgi?s=190008263BCD_190008263BPD&p1=16:89874498&p2=5:107928007&lr=RR
0,CTX-2,.,Y,N,Y,0,N,0.0853,0.0853,6:43744876-43745427,2:33141296-33141675,DiscordantPair,L+|L+,*,*,0,0,0,0,40,40,469,http://10.0.1.7:4384/cnv-cgi/sv.cgi?s=190008263BCD_190008263BPD&p1=6:43745427&p2=2:33141675&lr=LL
0,CTX-1,.,Y,N,Y,0,N,0.0496,0.0496,14:23530373-23530717,2:33141296-33141675,DiscordantPair,L+|R-,*,*,0,0,0,0,39,39,787,http://10.0.1.7:4384/cnv-cgi/sv.cgi?s=190008263BCD_190008263BPD&p1=14:23530717&p2=2:33141296&lr=LR
0,CTX-2,.,Y,N,Y,0,N,0.0299,0.0580,6:29911932,X:152014598,SplitRead,R-|R-,CAGCGTGGTGAGTCATATGC(20M/3T13G2),*,19,0,19,0,0,38,655,http://10.0.1.7:4384/cnv-cgi/sv.cgi?s=190008263BCD_190008263BPD&p1=6:29911932&p2=X:152014598&lr=RR
0,INV,.,Y,N,N,0,N,0.0202,0.0322,6:29857056,6:31324231,SplitRead,R-|R-,CCCACGGTCAGCCCAGTCCCCCGAGCCCCGCCCCGCCCCGACCAA(45M/3G41),*,14,0,14,0,9,37,1150,http://10.0.1.7:4384/cnv-cgi/sv.cgi?s=190008263BCD_190008263BPD&p1=6:29857056&p2=6:31324231&lr=RR
0,CTX-2,.,Y,N,Y,0,N,0.0447,0.0447,19:15281455-15281825,2:33141295-33141633,DiscordantPair,R-|R-,*,*,0,0,0,0,37,37,827,http://10.0.1.7:4384/cnv-cgi/sv.cgi?s=190008263BCD_190008263BPD&p1=19:15281455&p2=2:33141295&lr=RR
0,CTX-2,.,Y,N,Y,0,N,0.0861,0.1586,2:202149441,X:147532466,SplitRead,R-|R-,ACCAGAAATTCAAGATCAAAA(21M/20G0),*,18,0,18,0,0,36,227,http://10.0.1.7:4384/cnv-cgi/sv.cgi?s=190008263BCD_190008263BPD&p1=2:202149441&p2=X:147532466&lr=RR
1,CTX-1,.,Y,N,Y,0,N,0.0623,0.0623,19:15354863-15355327,2:33141296-33141695,DiscordantPair,L+|R-,*,*,0,0,0,0,36,36,578,http://10.0.1.7:4384/cnv-cgi/sv.cgi?s=190008263BCD_190008263BPD&p1=19:15355327&p2=2:33141296&lr=LR
0,DUP/ITX,.,Y,N,Y,2,N,0.0233,0.0233,6:29910192-29910446,6:29795769-29795847,DiscordantPair,L+|R-,*,*,0,0,0,0,35,35,1504,http://10.0.1.7:4384/cnv-cgi/sv.cgi?s=190008263BCD_190008263BPD&p1=6:29910446&p2=6:29795769&lr=LR
0,CTX-1,.,Y,N,N,0,N,0.9714,0.9714,8:101727689-101727830,3:155027217-155027536,DiscordantPair,L+|R-,*,*,0,0,0,0,34,34,35,http://10.0.1.7:4384/cnv-cgi/sv.cgi?s=190008263BCD_190008263BPD&p1=8:101727830&p2=3:155027217&lr=LR
0,CTX-1,.,Y,N,Y,0,N,0.0317,0.0317,6:138202353-138202703,2:33141308-33141681,DiscordantPair,R-|L+,*,*,0,0,0,0,34,34,1074,http://10.0.1.7:4384/cnv-cgi/sv.cgi?s=190008263BCD_190008263BPD&p1=6:138202353&p2=2:33141681&lr=RL
0,INV,.,Y,N,Y,7,N,0.0231,0.0231,6:29855905-29856175,6:31324503-31324982,DiscordantPair,R-|R-,*,*,0,0,0,0,33,33,1426,http://10.0.1.7:4384/cnv-cgi/sv.cgi?s=190008263BCD_190008263BPD&p1=6:29855905&p2=6:31324503&lr=RR
0,DUP/ITX,.,Y,N,Y,34,Y,0.0402,0.0402,6:29911319-29911616,6:29856862-29856989,DiscordantPair,L+|R-,*,*,0,0,0,0,33,33,821,http://10.0.1.7:4384/cnv-cgi/sv.cgi?s=190008263BCD_190008263BPD&p1=6:29911616&p2=6:29856862&lr=LR
0,CTX-2,.,Y,N,N,0,N,0.0690,0.0690,19:50918964-50919383,2:33141293-33141677,DiscordantPair,R-|R-,*,*,0,0,0,0,33,33,478,http://10.0.1.7:4384/cnv-cgi/sv.cgi?s=190008263BCD_190008263BPD&p1=19:50918964&p2=2:33141293&lr=RR
0,CTX-2,.,Y,N,Y,0,N,0.0364,0.0364,12:49444596-49445528,2:33141296-33141628,DiscordantPair,L+|L+,*,*,0,0,0,0,32,32,879,http://10.0.1.7:4384/cnv-cgi/sv.cgi?s=190008263BCD_190008263BPD&p1=12:49445528&p2=2:33141628&lr=LL
0,CTX-2,.,Y,N,Y,0,N,0.0784,0.0784,14:23538662-23538850,2:33141296-33141623,DiscordantPair,L+|L+,*,*,0,0,0,0,32,32,408,http://10.0.1.7:4384/cnv-cgi/sv.cgi?s=190008263BCD_190008263BPD&p1=14:23538850&p2=2:33141623&lr=LL
0,DEL/ITX,.,Y,N,Y,0,N,0.0980,0.0980,2:25474852-25475120,2:33141282-33141679,DiscordantPair,L+|R-,*,*,0,0,0,0,30,30,306,http://10.0.1.7:4384/cnv-cgi/sv.cgi?s=190008263BCD_190008263BPD&p1=2:25475120&p2=2:33141282&lr=LR
0,DEL/ITX,.,Y,N,Y,25,Y,0.0524,0.0997,2:61713209,2:191264370,SplitRead,L+|R-,TAGGGTTTGAATTAGGGTTTCC(22M/20T0G0),*,15,0,15,0,0,30,301,http://10.0.1.7:4384/cnv-cgi/sv.cgi?s=190008263BCD_190008263BPD&p1=2:61713209&p2=2:191264370&lr=LR
0,INV,.,Y,N,N,0,N,0.0262,0.0358,6:29911850,6:31239137,SplitRead,R-|R-,CCCACGGTCAGCCCAGTCCCCCGAGCCCCGCCCC(34M/3G30),*,8,0,8,0,13,29,810,http://10.0.1.7:4384/cnv-cgi/sv.cgi?s=190008263BCD_190008263BPD&p1=6:29911850&p2=6:31239137&lr=RR
0,CTX-2,.,Y,N,Y,0,N,0.0261,0.0508,5:236501,3:195701483,SplitRead,R-|R-,TCCTCAAGCCCACCTCCCTCAA(22M/3A18),*,14,0,14,0,0,28,551,http://10.0.1.7:4384/cnv-cgi/sv.cgi?s=190008263BCD_190008263BPD&p1=5:236501&p2=3:195701483&lr=RR
0,CTX-1,.,Y,N,Y,0,N,0.0628,0.1181,6:31325533,9:33786349,SplitRead,R-|L+,GTCTGAAGCCACCACACAGA(20M/14G5),*,14,0,14,0,0,28,237,http://10.0.1.7:4384/cnv-cgi/sv.cgi?s=190008263BCD_190008263BPD&p1=6:31325533&p2=9:33786349&lr=RL
1,CTX-2,.,Y,N,Y,0,N,0.2772,0.2772,15:88798985-88799440,2:33141296-33141623,DiscordantPair,L+|L+,*,*,0,0,0,0,28,28,101,http://10.0.1.7:4384/cnv-cgi/sv.cgi?s=190008263BCD_190008263BPD&p1=15:88799440&p2=2:33141623&lr=LL
0,DEL/ITX,.,Y,N,Y,28,Y,0.0189,0.0189,6:31238813-31239134,6:31324265-31324482,DiscordantPair,L+|R-,*,*,0,0,0,0,27,27,1427,http://10.0.1.7:4384/cnv-cgi/sv.cgi?s=190008263BCD_190008263BPD&p1=6:31239134&p2=6:31324265&lr=LR
0,CTX-1,.,Y,N,Y,0,N,0.0498,0.0498,19:4097246-4097625,13:86526113-86526182,DiscordantPair,R-|L+,*,*,0,0,0,0,27,27,542,http://10.0.1.7:4384/cnv-cgi/sv.cgi?s=190008263BCD_190008263BPD&p1=19:4097246&p2=13:86526182&lr=RL
0,DUP/ITX,.,Y,N,Y,38,Y,0.0199,0.0199,6:29911271-29911396,6:29902213-29902433,DiscordantPair,L+|R-,*,*,0,0,0,0,27,27,1359,http://10.0.1.7:4384/cnv-cgi/sv.cgi?s=190008263BCD_190008263BPD&p1=6:29911396&p2=6:29902213&lr=LR
0,DEL/ITX,.,Y,N,N,45,Y,0.0497,0.0831,6:29902058,6:29911315,SplitRead,L+|R-,GCACTGGTACCAGGAGCCACGGGGCG(26M/4G9G11),*,11,0,11,0,4,26,313,http://10.0.1.7:4384/cnv-cgi/sv.cgi?s=190008263BCD_190008263BPD&p1=6:29902058&p2=6:29911315&lr=LR
0,CTX-2,.,Y,N,Y,0,N,0.0588,0.0588,17:40468693-40468922,2:33141296-33141623,DiscordantPair,L+|L+,*,*,0,0,0,0,26,26,442,http://10.0.1.7:4384/cnv-cgi/sv.cgi?s=190008263BCD_190008263BPD&p1=17:40468922&p2=2:33141623&lr=LL
0,CTX-2,.,Y,N,Y,0,N,0.2955,0.4561,12:133216127,14:35606957,SplitRead,L+|L+,CAGAGTTTGGGTTGTGTTGA(20M/13T5G0),*,13,0,13,0,0,26,57,http://10.0.1.7:4384/cnv-cgi/sv.cgi?s=190008263BCD_190008263BPD&p1=12:133216127&p2=14:35606957&lr=LL
0,CTX-2,.,Y,N,Y,0,N,0.2955,0.4561,12:133216127,22:34803032,SplitRead,L+|L+,CAGAGAGTTTGGGTTGTGTTGA(16M1I5M/20T0),*,13,0,13,0,0,26,57,http://10.0.1.7:4384/cnv-cgi/sv.cgi?s=190008263BCD_190008263BPD&p1=12:133216127&p2=22:34803032&lr=LL
0,INV,.,Y,N,Y,0,N,0.0221,0.0230,6:31323942,6:29856520,SplitRead,L+|L+,GGGAAGCAGACGCTGCAGCGCGCGGC(26M/6G18G0),*,1,0,1,0,23,25,1086,http://10.0.1.7:4384/cnv-cgi/sv.cgi?s=190008263BCD_190008263BPD&p1=6:31323942&p2=6:29856520&lr=LL
2,DEL/ITX,.,Y,N,Y,0,N,0.0788,0.1012,1:120548418,1:120551447,SplitRead,L+|R-,AAAAATTCTTACACTCTTGGAGTTTACATTCTAATAGC(38M/38),*,6,0,6,0,13,25,247,http://10.0.1.7:4384/cnv-cgi/sv.cgi?s=190008263BCD_190008263BPD&p1=1:120548418&p2=1:120551447&lr=LR
0,CTX-2,.,Y,N,Y,0,N,0.0474,0.0474,16:30134489-30134819,2:33141299-33141673,DiscordantPair,R-|R-,*,*,0,0,0,0,25,25,527,http://10.0.1.7:4384/cnv-cgi/sv.cgi?s=190008263BCD_190008263BPD&p1=16:30134489&p2=2:33141299&lr=RR
0,CTX-1,.,Y,N,Y,0,N,0.0173,0.0339,7:124475297,3:48092396,SplitRead,R-|L+,AAGAGTGAAACTCCATCTCA(20M/20),*,12,0,12,0,0,24,707,http://10.0.1.7:4384/cnv-cgi/sv.cgi?s=190008263BCD_190008263BPD&p1=7:124475297&p2=3:48092396&lr=RL
0,CTX-1,.,Y,N,N,0,N,0.0494,0.0941,21:11026528,7:151932710,SplitRead,R-|L+,GAAAGATAAGGAGTCAAAGAGGAAGGTAAGA(31M/31),*,12,0,12,0,0,24,255,http://10.0.1.7:4384/cnv-cgi/sv.cgi?s=190008263BCD_190008263BPD&p1=21:11026528&p2=7:151932710&lr=RL
0,CTX-2,.,Y,N,N,0,N,0.0576,0.0576,1:3639773-3640052,2:33141309-33141667,DiscordantPair,L+|L+,*,*,0,0,0,0,22,22,382,http://10.0.1.7:4384/cnv-cgi/sv.cgi?s=190008263BCD_190008263BPD&p1=1:3640052&p2=2:33141667&lr=LL
1,CTX-1,.,Y,N,Y,0,N,0.0247,0.0247,10:43612013-43612414,2:33141296-33141662,DiscordantPair,R-|L+,*,*,0,0,0,0,22,22,890,http://10.0.1.7:4384/cnv-cgi/sv.cgi?s=190008263BCD_190008263BPD&p1=10:43612013&p2=2:33141662&lr=RL
0,CTX-2,.,Y,N,Y,0,N,0.0414,0.0414,1:16462102-16462265,2:33141299-33141630,DiscordantPair,L+|L+,*,*,0,0,0,0,21,21,507,http://10.0.1.7:4384/cnv-cgi/sv.cgi?s=190008263BCD_190008263BPD&p1=1:16462265&p2=2:33141630&lr=LL
0,CTX-1,.,Y,N,Y,13,N,0.0254,0.0254,8:101729999-101730113,3:155027242-155027509,DiscordantPair,L+|R-,*,*,0,0,0,0,21,21,828,http://10.0.1.7:4384/cnv-cgi/sv.cgi?s=190008263BCD_190008263BPD&p1=8:101730113&p2=3:155027242&lr=LR
0,DUP/ITX,.,Y,N,Y,38,Y,0.0261,0.0414,6:29855638,6:29910439,SplitRead,R-|L+,TGAGTGCGGGGTCGGGAGGGAAACCGCCTCTGCGA(35M/34G0),*,8,0,8,0,5,21,507,http://10.0.1.7:4384/cnv-cgi/sv.cgi?s=190008263BCD_190008263BPD&p1=6:29855638&p2=6:29910439&lr=RL
1,INV,.,Y,N,Y,37,Y,0.0239,0.0466,4:55146407,4:90087279,SplitRead,R-|R-,CTGGGTGACCTAGAATGTGCCAGG(7M1I16M/0A22),*,10,0,10,0,0,20,429,http://10.0.1.7:4384/cnv-cgi/sv.cgi?s=190008263BCD_190008263BPD&p1=4:55146407&p2=4:90087279&lr=RR
0,CTX-1,.,Y,N,Y,0,N,0.1325,0.1325,10:116005901-116006204,2:33141300-33141641,DiscordantPair,R-|L+,*,*,0,0,0,0,20,20,151,http://10.0.1.7:4384/cnv-cgi/sv.cgi?s=190008263BCD_190008263BPD&p1=10:116005901&p2=2:33141641&lr=RL
0,DUP/ITX,.,Y,N,Y,0,N,0.0126,0.0126,8:144940279-144940609,8:144945080-144945130,DiscordantPair,R-|L+,*,*,0,0,0,0,20,20,1583,http://10.0.1.7:4384/cnv-cgi/sv.cgi?s=190008263BCD_190008263BPD&p1=8:144940279&p2=8:144945130&lr=RL
0,CTX-2,.,Y,N,Y,0,N,0.0320,0.0320,18:45377492-45377720,2:33141316-33141665,DiscordantPair,L+|L+,*,*,0,0,0,0,19,19,593,http://10.0.1.7:4384/cnv-cgi/sv.cgi?s=190008263BCD_190008263BPD&p1=18:45377720&p2=2:33141665&lr=LL
0,DEL/ITX,.,Y,N,Y,0,N,0.0141,0.0141,6:29855923-29856177,6:29857056-29857175,DiscordantPair,L+|R-,*,*,0,0,0,0,19,19,1346,http://10.0.1.7:4384/cnv-cgi/sv.cgi?s=190008263BCD_190008263BPD&p1=6:29856177&p2=6:29857056&lr=LR
0,CTX-2,.,Y,N,Y,0,N,0.0509,0.0509,12:49423861-49424191,2:33141308-33141607,DiscordantPair,L+|L+,*,*,0,0,0,0,19,19,373,http://10.0.1.7:4384/cnv-cgi/sv.cgi?s=190008263BCD_190008263BPD&p1=12:49424191&p2=2:33141607&lr=LL
0,CTX-2,.,Y,N,N,0,N,0.0441,0.0441,19:2223111-2223516,2:33141296-33141654,DiscordantPair,L+|L+,*,*,0,0,0,0,19,19,431,http://10.0.1.7:4384/cnv-cgi/sv.cgi?s=190008263BCD_190008263BPD&p1=19:2223516&p2=2:33141654&lr=LL
0,CTX-1,.,Y,N,Y,0,N,0.0499,0.0499,1:16451574-16451818,2:33141297-33141694,DiscordantPair,L+|R-,*,*,0,0,0,0,18,18,361,http://10.0.1.7:4384/cnv-cgi/sv.cgi?s=190008263BCD_190008263BPD&p1=1:16451818&p2=2:33141297&lr=LR
0,CTX-1,.,Y,N,N,0,N,0.0541,0.0541,5:180076382-180076592,2:33141300-33141611,DiscordantPair,L+|R-,*,*,0,0,0,0,18,18,333,http://10.0.1.7:4384/cnv-cgi/sv.cgi?s=190008263BCD_190008263BPD&p1=5:180076592&p2=2:33141300&lr=LR
0,INV,.,Y,N,Y,0,N,0.0321,0.0321,2:198256888-198257227,2:33141308-33141693,DiscordantPair,L+|L+,*,*,0,0,0,0,18,18,561,http://10.0.1.7:4384/cnv-cgi/sv.cgi?s=190008263BCD_190008263BPD&p1=2:198257227&p2=2:33141693&lr=LL
0,CTX-1,.,Y,N,Y,0,N,0.0354,0.0684,22:29108108,11:11019076,SplitRead,L+|R-,TAGAATTTATAGACATTCCAT(21M/14T6),*,9,0,9,0,0,18,263,http://10.0.1.7:4384/cnv-cgi/sv.cgi?s=190008263BCD_190008263BPD&p1=22:29108108&p2=11:11019076&lr=LR
0,DUP/ITX,.,Y,N,N,4,N,0.0098,0.0098,6:29910564-29910960,6:29974506-29974594,DiscordantPair,R-|L+,*,*,0,0,0,0,18,18,1831,http://10.0.1.7:4384/cnv-cgi/sv.cgi?s=190008263BCD_190008263BPD&p1=6:29910564&p2=6:29974594&lr=RL
0,CTX-2,.,Y,N,Y,0,N,0.0175,0.0175,16:89836031-89836611,2:33141305-33141623,DiscordantPair,L+|L+,*,*,0,0,0,0,17,17,973,http://10.0.1.7:4384/cnv-cgi/sv.cgi?s=190008263BCD_190008263BPD&p1=16:89836611&p2=2:33141623&lr=LL
0,CTX-2,.,Y,N,N,0,N,0.0329,0.0329,12:64216238-64216319,3:155027216-155027486,DiscordantPair,R-|R-,*,*,0,0,0,0,17,17,516,http://10.0.1.7:4384/cnv-cgi/sv.cgi?s=190008263BCD_190008263BPD&p1=12:64216238&p2=3:155027216&lr=RR
0,DEL/ITX,.,Y,N,Y,0,N,0.0120,0.0128,6:29856235,6:29911853,SplitRead,L+|R-,CCATGACAGAGGCAAAATGCCTGAATTTC(29M/10T17T0),*,1,0,1,0,14,16,1246,http://10.0.1.7:4384/cnv-cgi/sv.cgi?s=190008263BCD_190008263BPD&p1=6:29856235&p2=6:29911853&lr=LR
0,CTX-1,.,Y,N,N,0,N,0.0283,0.0283,16:72830102-72830431,2:33141300-33141653,DiscordantPair,L+|R-,*,*,0,0,0,0,16,16,565,http://10.0.1.7:4384/cnv-cgi/sv.cgi?s=190008263BCD_190008263BPD&p1=16:72830431&p2=2:33141300&lr=LR
1,DEL/ITX,.,Y,N,Y,0,N,0.0209,0.0209,12:12035872-12036204,12:66451368-66451472,DiscordantPair,L+|R-,*,*,0,0,0,0,16,16,766,http://10.0.1.7:4384/cnv-cgi/sv.cgi?s=190008263BCD_190008263BPD&p1=12:12036204&p2=12:66451368&lr=LR
0,CTX-1,.,Y,N,N,0,N,0.0741,0.1379,7:151932695,2:91899574,SplitRead,R-|L+,GATAAGGAGTCAAAGAGGAAGGTAAGA(27M/27),*,8,0,8,0,0,16,116,http://10.0.1.7:4384/cnv-cgi/sv.cgi?s=190008263BCD_190008263BPD&p1=7:151932695&p2=2:91899574&lr=RL
0,INV,.,Y,N,Y,0,N,0.0063,0.0118,6:29856208,6:31324259,SplitRead,L+|L+,AGCCCCGTCCCCCGAGCCCC(20M/5A14),*,7,0,7,0,1,15,1267,http://10.0.1.7:4384/cnv-cgi/sv.cgi?s=190008263BCD_190008263BPD&p1=6:29856208&p2=6:31324259&lr=LL
0,CTX-1,.,Y,N,Y,0,N,0.0414,0.0414,X:70345502-70345764,2:33141308-33141677,DiscordantPair,R-|L+,*,*,0,0,0,0,15,15,362,http://10.0.1.7:4384/cnv-cgi/sv.cgi?s=190008263BCD_190008263BPD&p1=X:70345502&p2=2:33141677&lr=RL
1,CTX-2,.,Y,N,Y,0,N,0.0968,0.0968,12:12027602-12027755,2:33141308-33141663,DiscordantPair,L+|L+,*,*,0,0,0,0,15,15,155,http://10.0.1.7:4384/cnv-cgi/sv.cgi?s=190008263BCD_190008263BPD&p1=12:12027755&p2=2:33141663&lr=LL
1,CTX-2,.,Y,N,N,0,N,0.0490,0.0490,19:15361903-15362256,2:33141299-33141623,DiscordantPair,L+|L+,*,*,0,0,0,0,15,15,306,http://10.0.1.7:4384/cnv-cgi/sv.cgi?s=190008263BCD_190008263BPD&p1=19:15362256&p2=2:33141623&lr=LL
0,CTX-1,.,Y,N,Y,0,N,0.0256,0.0256,X:70349674-70350076,2:33141296-33141623,DiscordantPair,R-|L+,*,*,0,0,0,0,14,14,546,http://10.0.1.7:4384/cnv-cgi/sv.cgi?s=190008263BCD_190008263BPD&p1=X:70349674&p2=2:33141623&lr=RL
1,CTX-1,.,Y,N,Y,0,N,0.0253,0.0253,17:38510526-38510765,2:33141298-33141670,DiscordantPair,L+|R-,*,*,0,0,0,0,14,14,554,http://10.0.1.7:4384/cnv-cgi/sv.cgi?s=190008263BCD_190008263BPD&p1=17:38510765&p2=2:33141298&lr=LR
0,DEL/ITX,.,Y,N,Y,9,N,0.0467,0.0892,22:42538471,22:42524776,SplitRead,R-|L+,GCAGCGACTCCTCGGTCTCTC(21M/4A16),*,7,0,7,0,0,14,157,http://10.0.1.7:4384/cnv-cgi/sv.cgi?s=190008263BCD_190008263BPD&p1=22:42538471&p2=22:42524776&lr=RL
0,INV,.,Y,N,Y,0,N,0.0056,0.0112,2:91884555,2:99557081,SplitRead,R-|R-,TAGCTTGTACGTAGTTGAGA(20M/1G8A9),*,7,0,7,0,0,14,1249,http://10.0.1.7:4384/cnv-cgi/sv.cgi?s=190008263BCD_190008263BPD&p1=2:91884555&p2=2:99557081&lr=RR
1,CTX-2,.,Y,N,Y,0,N,0.0235,0.0235,8:38323630-38324306,2:33141313-33141639,DiscordantPair,L+|L+,*,*,0,0,0,0,14,14,595,http://10.0.1.7:4384/cnv-cgi/sv.cgi?s=190008263BCD_190008263BPD&p1=8:38324306&p2=2:33141639&lr=LL
0,CTX-1,.,Y,N,Y,0,N,0.0150,0.0295,13:49034049,5:154011848,SplitRead,L+|R-,CTTCCTTTCTTCCTTCCTTCCT(22M/22),*,7,0,7,0,0,14,474,http://10.0.1.7:4384/cnv-cgi/sv.cgi?s=190008263BCD_190008263BPD&p1=13:49034049&p2=5:154011848&lr=LR
0,CTX-1,.,Y,N,Y,0,N,0.1458,0.2545,2:202149401,15:70582406,SplitRead,R-|L+,GGGGAGAGGGAGAGAGAGAC(20M/20),*,7,0,7,0,0,14,55,http://10.0.1.7:4384/cnv-cgi/sv.cgi?s=190008263BCD_190008263BPD&p1=2:202149401&p2=15:70582406&lr=RL
0,CTX-2,.,Y,N,Y,0,N,0.0320,0.0320,3:71247256-71247557,2:33141308-33141485,DiscordantPair,L+|L+,*,*,0,0,0,0,13,13,406,http://10.0.1.7:4384/cnv-cgi/sv.cgi?s=190008263BCD_190008263BPD&p1=3:71247557&p2=2:33141485&lr=LL
0,CTX-2,.,Y,N,N,0,N,0.0349,0.0349,14:35873618-35873859,2:33141307-33141631,DiscordantPair,R-|R-,*,*,0,0,0,0,13,13,373,http://10.0.1.7:4384/cnv-cgi/sv.cgi?s=190008263BCD_190008263BPD&p1=14:35873618&p2=2:33141307&lr=RR
0,CTX-1,.,Y,N,Y,0,N,0.0202,0.0202,19:11494793-11495105,2:33141296-33141400,DiscordantPair,R-|L+,*,*,0,0,0,0,13,13,643,http://10.0.1.7:4384/cnv-cgi/sv.cgi?s=190008263BCD_190008263BPD&p1=19:11494793&p2=2:33141400&lr=RL
1,INV,.,Y,N,N,0,N,0.0263,0.0513,1:120548418,1:145269952,SplitRead,L+|L+,TATAAGAATGTAAACTCCAAGAGTGTAAGAATTTTT(36M/3T32),*,6,0,6,0,0,12,234,http://10.0.1.7:4384/cnv-cgi/sv.cgi?s=190008263BCD_190008263BPD&p1=1:120548418&p2=1:145269952&lr=LL
0,CTX-1,.,Y,N,Y,0,N,0.0146,0.0146,16:3777725-3778634,2:33141308-33141628,DiscordantPair,R-|L+,*,*,0,0,0,0,12,12,823,http://10.0.1.7:4384/cnv-cgi/sv.cgi?s=190008263BCD_190008263BPD&p1=16:3777725&p2=2:33141628&lr=RL
1,INV,.,Y,N,Y,0,N,0.0076,0.0076,1:120612006-120612060,1:145209374-145209688,DiscordantPair,R-|R-,*,*,0,0,0,0,12,12,1577,http://10.0.1.7:4384/cnv-cgi/sv.cgi?s=190008263BCD_190008263BPD&p1=1:120612006&p2=1:145209374&lr=RR
1,CTX-1,.,Y,N,Y,0,N,0.0123,0.0123,4:1806125-1806622,2:33141296-33141463,DiscordantPair,R-|L+,*,*,0,0,0,0,12,12,976,http://10.0.1.7:4384/cnv-cgi/sv.cgi?s=190008263BCD_190008263BPD&p1=4:1806125&p2=2:33141463&lr=RL
0,DUP/ITX,.,Y,N,N,0,N,0.0096,0.0096,8:144940262-144940604,8:144942197-144942247,DiscordantPair,R-|L+,*,*,0,0,0,0,12,12,1253,http://10.0.1.7:4384/cnv-cgi/sv.cgi?s=190008263BCD_190008263BPD&p1=8:144940262&p2=8:144942247&lr=RL
0,CTX-1,.,Y,N,Y,0,N,0.0088,0.0088,3:195701310-195701606,5:1593209-1593283,DiscordantPair,R-|L+,*,*,0,0,0,0,11,11,1252,http://10.0.1.7:4384/cnv-cgi/sv.cgi?s=190008263BCD_190008263BPD&p1=3:195701310&p2=5:1593283&lr=RL
0,CTX-2,.,Y,N,Y,0,N,0.0199,0.0199,17:29422172-29422509,2:33141300-33141691,DiscordantPair,L+|L+,*,*,0,0,0,0,11,11,554,http://10.0.1.7:4384/cnv-cgi/sv.cgi?s=190008263BCD_190008263BPD&p1=17:29422509&p2=2:33141691&lr=LL
0,CTX-1,.,Y,N,Y,0,N,0.0261,0.0261,17:29422203-29422494,2:33141310-33141400,DiscordantPair,R-|L+,*,*,0,0,0,0,11,11,422,http://10.0.1.7:4384/cnv-cgi/sv.cgi?s=190008263BCD_190008263BPD&p1=17:29422203&p2=2:33141400&lr=RL
0,CTX-2,.,Y,N,Y,0,N,0.0157,0.0157,10:104263964-104264185,2:33141298-33141653,DiscordantPair,R-|R-,*,*,0,0,0,0,11,11,701,http://10.0.1.7:4384/cnv-cgi/sv.cgi?s=190008263BCD_190008263BPD&p1=10:104263964&p2=2:33141298&lr=RR
0,CTX-2,.,Y,N,Y,0,N,0.0087,0.0087,22:41573127-41573782,2:33141330-33141629,DiscordantPair,L+|L+,*,*,0,0,0,0,11,11,1258,http://10.0.1.7:4384/cnv-cgi/sv.cgi?s=190008263BCD_190008263BPD&p1=22:41573782&p2=2:33141629&lr=LL
0,CTX-2,.,Y,N,Y,0,N,0.0163,0.0163,19:10599850-10600133,4:82515381-82515454,DiscordantPair,R-|R-,*,*,0,0,0,0,11,11,675,http://10.0.1.7:4384/cnv-cgi/sv.cgi?s=190008263BCD_190008263BPD&p1=19:10599850&p2=4:82515381&lr=RR
0,DEL/ITX,.,Y,N,Y,10,N,0.0050,0.0050,6:29910604-29910711,6:29795769-29795846,DiscordantPair,R-|L+,*,*,0,0,0,0,10,10,2007,http://10.0.1.7:4384/cnv-cgi/sv.cgi?s=190008263BCD_190008263BPD&p1=6:29910604&p2=6:29795846&lr=RL
0,CTX-2,.,Y,N,Y,0,N,0.0242,0.0242,16:715433-715796,2:33141300-33141623,DiscordantPair,L+|L+,*,*,0,0,0,0,10,10,413,http://10.0.1.7:4384/cnv-cgi/sv.cgi?s=190008263BCD_190008263BPD&p1=16:715796&p2=2:33141623&lr=LL
0,CTX-2,.,Y,N,Y,0,N,0.0403,0.0775,1:226553495,16:16982003,SplitRead,R-|R-,TGTTTTTTTTGTTTTTGTTTTTT(23M/23),*,5,0,5,0,0,10,129,http://10.0.1.7:4384/cnv-cgi/sv.cgi?s=190008263BCD_190008263BPD&p1=1:226553495&p2=16:16982003&lr=RR
0,CTX-1,.,Y,N,Y,0,N,0.0095,0.0095,17:15974712-15975077,2:33141330-33141623,DiscordantPair,R-|L+,*,*,0,0,0,0,10,10,1054,http://10.0.1.7:4384/cnv-cgi/sv.cgi?s=190008263BCD_190008263BPD&p1=17:15974712&p2=2:33141623&lr=RL
0,CTX-2,.,Y,N,Y,0,N,0.1020,0.1852,4:55199776,18:53230090,SplitRead,R-|R-,ATAGTTAGATAGACAGGCAG(20M/4G15),*,5,0,5,0,0,10,54,http://10.0.1.7:4384/cnv-cgi/sv.cgi?s=190008263BCD_190008263BPD&p1=4:55199776&p2=18:53230090&lr=RR
0,CTX-2,.,Y,N,Y,0,N,0.0058,0.0115,6:31324255,1:206809317,SplitRead,R-|R-,GGGGCGCGGGGGACGGGGCT(20M/0C19),*,5,0,5,0,0,10,866,http://10.0.1.7:4384/cnv-cgi/sv.cgi?s=190008263BCD_190008263BPD&p1=6:31324255&p2=1:206809317&lr=RR
0,CTX-1,.,Y,N,Y,0,N,0.0149,0.0149,19:1219175-1219419,2:33141297-33141630,DiscordantPair,L+|R-,*,*,0,0,0,0,10,10,671,http://10.0.1.7:4384/cnv-cgi/sv.cgi?s=190008263BCD_190008263BPD&p1=19:1219419&p2=2:33141297&lr=LR
0,CTX-2,.,Y,N,Y,0,N,0.0017,0.0017,21:11049277-11049582,2:33141330-33141633,DiscordantPair,L+|L+,*,*,0,0,0,0,10,10,5915,http://10.0.1.7:4384/cnv-cgi/sv.cgi?s=190008263BCD_190008263BPD&p1=21:11049582&p2=2:33141633&lr=LL
0,CTX-1,.,Y,N,Y,0,N,0.0033,0.0033,21:11021100-11021206,2:91894359-91894482,DiscordantPair,L+|R-,*,*,0,0,0,0,9,9,2755,http://10.0.1.7:4384/cnv-cgi/sv.cgi?s=190008263BCD_190008263BPD&p1=21:11021206&p2=2:91894359&lr=LR
0,CTX-1,.,Y,N,N,0,N,0.0231,0.0231,5:170814882-170815042,2:33141296-33141508,DiscordantPair,L+|R-,*,*,0,0,0,0,9,9,390,http://10.0.1.7:4384/cnv-cgi/sv.cgi?s=190008263BCD_190008263BPD&p1=5:170815042&p2=2:33141296&lr=LR
0,CTX-1,.,Y,N,Y,0,N,0.0127,0.0127,13:49033818-49034017,2:87469312-87469391,DiscordantPair,L+|R-,*,*,0,0,0,0,9,9,708,http://10.0.1.7:4384/cnv-cgi/sv.cgi?s=190008263BCD_190008263BPD&p1=13:49034017&p2=2:87469312&lr=LR
0,CTX-2,.,Y,N,N,0,N,0.0106,0.0106,8:145738243-145738555,2:33141297-33141679,DiscordantPair,L+|L+,*,*,0,0,0,0,9,9,846,http://10.0.1.7:4384/cnv-cgi/sv.cgi?s=190008263BCD_190008263BPD&p1=8:145738555&p2=2:33141679&lr=LL
0,CTX-2,.,Y,N,Y,0,N,0.0024,0.0024,21:11038777-11039387,2:33141319-33141629,DiscordantPair,L+|L+,*,*,0,0,0,0,9,9,3681,http://10.0.1.7:4384/cnv-cgi/sv.cgi?s=190008263BCD_190008263BPD&p1=21:11039387&p2=2:33141629&lr=LL
0,CTX-1,.,Y,N,N,0,N,0.0135,0.0135,19:10599847-10600212,16:81119771-81119836,DiscordantPair,R-|L+,*,*,0,0,0,0,9,9,665,http://10.0.1.7:4384/cnv-cgi/sv.cgi?s=190008263BCD_190008263BPD&p1=19:10599847&p2=16:81119836&lr=RL
0,CTX-1,.,Y,N,Y,0,N,0.5000,0.6667,13:72248872,11:91686173,SplitRead,R-|L+,CAATTCAAGTTTGAAAACTA(20M/12C7),*,4,0,4,0,0,8,12,http://10.0.1.7:4384/cnv-cgi/sv.cgi?s=190008263BCD_190008263BPD&p1=13:72248872&p2=11:91686173&lr=RL
0,CTX-1,.,Y,N,Y,0,N,0.0036,0.0036,1:145273146-145273558,2:33141331-33141637,DiscordantPair,R-|L+,*,*,0,0,0,0,8,8,2228,http://10.0.1.7:4384/cnv-cgi/sv.cgi?s=190008263BCD_190008263BPD&p1=1:145273146&p2=2:33141637&lr=RL
0,CTX-2,.,Y,N,Y,0,N,0.0930,0.1702,16:67663675,5:64153964,SplitRead,L+|L+,GACAGAGCGAGACTCCGTCTC(21M/21),*,4,0,4,0,0,8,47,http://10.0.1.7:4384/cnv-cgi/sv.cgi?s=190008263BCD_190008263BPD&p1=16:67663675&p2=5:64153964&lr=LL
1,CTX-1,.,Y,N,Y,0,N,0.0093,0.0093,9:139396743-139397025,2:33141308-33141670,DiscordantPair,R-|L+,*,*,0,0,0,0,8,8,864,http://10.0.1.7:4384/cnv-cgi/sv.cgi?s=190008263BCD_190008263BPD&p1=9:139396743&p2=2:33141670&lr=RL
0,CTX-2,.,Y,N,Y,0,N,0.0092,0.0092,16:3638957-3639416,2:33141296-33141639,DiscordantPair,L+|L+,*,*,0,0,0,0,8,8,866,http://10.0.1.7:4384/cnv-cgi/sv.cgi?s=190008263BCD_190008263BPD&p1=16:3639416&p2=2:33141639&lr=LL
1,CTX-1,.,Y,N,Y,0,N,0.0070,0.0070,17:41256151-41256333,22:16891946-16891996,DiscordantPair,R-|L+,*,*,0,0,0,0,8,8,1151,http://10.0.1.7:4384/cnv-cgi/sv.cgi?s=190008263BCD_190008263BPD&p1=17:41256151&p2=22:16891996&lr=RL
0,CTX-1,.,Y,N,Y,0,N,0.0100,0.0100,17:37873543-37873834,2:33141296-33141362,DiscordantPair,R-|L+,*,*,0,0,0,0,8,8,802,http://10.0.1.7:4384/cnv-cgi/sv.cgi?s=190008263BCD_190008263BPD&p1=17:37873543&p2=2:33141362&lr=RL
1,CTX-1,.,Y,N,Y,0,N,0.0220,0.0220,17:41277181-41277630,2:33141307-33141623,DiscordantPair,R-|L+,*,*,0,0,0,0,8,8,364,http://10.0.1.7:4384/cnv-cgi/sv.cgi?s=190008263BCD_190008263BPD&p1=17:41277181&p2=2:33141623&lr=RL
0,CTX-2,.,Y,N,N,0,N,0.0066,0.0066,1:145209365-145209502,7:100291937-100292008,DiscordantPair,R-|R-,*,*,0,0,0,0,8,8,1206,http://10.0.1.7:4384/cnv-cgi/sv.cgi?s=190008263BCD_190008263BPD&p1=1:145209365&p2=7:100291937&lr=RR
0,CTX-1,.,Y,N,Y,0,N,0.0162,0.0162,10:8097546-8097858,2:33141296-33141359,DiscordantPair,R-|L+,*,*,0,0,0,0,8,8,495,http://10.0.1.7:4384/cnv-cgi/sv.cgi?s=190008263BCD_190008263BPD&p1=10:8097546&p2=2:33141359&lr=RL
0,CTX-1,.,Y,N,Y,0,N,0.1739,0.2963,10:23576195,3:162686427,SplitRead,R-|L+,CTATACTACAAGGTTACAGTA(21M/21),*,4,0,4,0,0,8,27,http://10.0.1.7:4384/cnv-cgi/sv.cgi?s=190008263BCD_190008263BPD&p1=10:23576195&p2=3:162686427&lr=RL
0,DEL/ITX,.,Y,N,N,0,N,0.0183,0.0183,8:144942196-144942247,8:144945175-144945295,DiscordantPair,L+|R-,*,*,0,0,0,0,8,8,437,http://10.0.1.7:4384/cnv-cgi/sv.cgi?s=190008263BCD_190008263BPD&p1=8:144942247&p2=8:144945175&lr=LR
1,CTX-2,.,Y,N,Y,0,N,0.0066,0.0066,8:38320851-38321332,2:33141310-33141642,DiscordantPair,L+|L+,*,*,0,0,0,0,8,8,1217,http://10.0.1.7:4384/cnv-cgi/sv.cgi?s=190008263BCD_190008263BPD&p1=8:38321332&p2=2:33141642&lr=LL
0,CTX-2,.,Y,N,Y,5,N,0.5000,0.6667,13:72248872,9:81438753,SplitRead,R-|R-,TAGTTTTCAAACTTGAATGG(20M/2T17),*,4,0,4,0,0,8,12,http://10.0.1.7:4384/cnv-cgi/sv.cgi?s=190008263BCD_190008263BPD&p1=13:72248872&p2=9:81438753&lr=RR
0,CTX-2,.,Y,N,Y,0,N,0.0290,0.0563,7:2985364,11:126341418,SplitRead,R-|R-,CCTCTGTTGTGGCTTGGTTC(20M/16C2T0),*,4,0,4,0,0,8,142,http://10.0.1.7:4384/cnv-cgi/sv.cgi?s=190008263BCD_190008263BPD&p1=7:2985364&p2=11:126341418&lr=RR
0,CTX-1,.,Y,N,Y,0,N,0.0017,0.0017,21:11038903-11039370,2:33141330-33141637,DiscordantPair,R-|L+,*,*,0,0,0,0,8,8,4832,http://10.0.1.7:4384/cnv-cgi/sv.cgi?s=190008263BCD_190008263BPD&p1=21:11038903&p2=2:33141637&lr=RL
0,CTX-1,.,Y,N,Y,0,N,0.0092,0.0092,13:49033705-49033994,17:51102484-51102558,DiscordantPair,L+|R-,*,*,0,0,0,0,8,8,869,http://10.0.1.7:4384/cnv-cgi/sv.cgi?s=190008263BCD_190008263BPD&p1=13:49033994&p2=17:51102484&lr=LR
0,INV,.,Y,N,Y,1,N,0.0051,0.0051,6:31239451-31239615,6:29855941-29856023,DiscordantPair,R-|R-,*,*,0,0,0,0,8,8,1584,http://10.0.1.7:4384/cnv-cgi/sv.cgi?s=190008263BCD_190008263BPD&p1=6:31239451&p2=6:29855941&lr=RR
0,DUP/ITX,.,Y,N,Y,10,N,0.0150,0.0150,6:29855213-29855546,6:29795772-29795846,DiscordantPair,L+|R-,*,*,0,0,0,0,8,8,532,http://10.0.1.7:4384/cnv-cgi/sv.cgi?s=190008263BCD_190008263BPD&p1=6:29855546&p2=6:29795772&lr=LR
0,DUP/ITX,.,Y,N,Y,9,N,0.0065,0.0065,6:29974504-29974584,6:29855726-29856018,DiscordantPair,L+|R-,*,*,0,0,0,0,8,8,1239,http://10.0.1.7:4384/cnv-cgi/sv.cgi?s=190008263BCD_190008263BPD&p1=6:29974584&p2=6:29855726&lr=LR
0,DUP/ITX,.,Y,N,Y,3,N,0.0054,0.0054,6:31238813-31239097,6:31323420-31323681,DiscordantPair,R-|L+,*,*,0,0,0,0,8,8,1472,http://10.0.1.7:4384/cnv-cgi/sv.cgi?s=190008263BCD_190008263BPD&p1=6:31238813&p2=6:31323681&lr=RL
0,CTX-1,.,Y,N,Y,0,N,0.0099,0.0099,19:41743940-41744058,2:33141297-33141597,DiscordantPair,R-|L+,*,*,0,0,0,0,8,8,809,http://10.0.1.7:4384/cnv-cgi/sv.cgi?s=190008263BCD_190008263BPD&p1=19:41743940&p2=2:33141597&lr=RL
0,CTX-2,.,Y,N,Y,0,N,0.0125,0.0125,5:1572327-1572408,3:195412856-195412971,DiscordantPair,R-|R-,*,*,0,0,0,0,7,7,561,http://10.0.1.7:4384/cnv-cgi/sv.cgi?s=190008263BCD_190008263BPD&p1=5:1572327&p2=3:195412856&lr=RR
1,CTX-1,.,Y,N,Y,0,N,0.0128,0.0128,1:156836679-156836930,2:33141297-33141400,DiscordantPair,R-|L+,*,*,0,0,0,0,7,7,546,http://10.0.1.7:4384/cnv-cgi/sv.cgi?s=190008263BCD_190008263BPD&p1=1:156836679&p2=2:33141400&lr=RL
0,DUP/ITX,.,Y,N,Y,30,Y,0.0153,0.0153,19:43575881-43576109,19:43519739-43519865,DiscordantPair,L+|R-,*,*,0,0,0,0,7,7,457,http://10.0.1.7:4384/cnv-cgi/sv.cgi?s=190008263BCD_190008263BPD&p1=19:43576109&p2=19:43519739&lr=LR
0,DEL/ITX,.,Y,N,Y,4,N,0.0041,0.0057,6:29974508,6:29910464,SplitRead,R-|L+,TGCGGGGAGAAGCAAGGGGCCCGCCCGGCG(30M/22T2T4),*,2,0,2,0,3,7,1234,http://10.0.1.7:4384/cnv-cgi/sv.cgi?s=190008263BCD_190008263BPD&p1=6:29974508&p2=6:29910464&lr=RL
1,CTX-1,.,Y,N,N,0,N,0.0055,0.0055,1:120611838-120612039,7:100291942-100292008,DiscordantPair,L+|R-,*,*,0,0,0,0,7,7,1273,http://10.0.1.7:4384/cnv-cgi/sv.cgi?s=190008263BCD_190008263BPD&p1=1:120612039&p2=7:100291942&lr=LR
0,CTX-2,.,Y,N,Y,0,N,0.0063,0.0063,17:15978577-15979007,2:33141330-33141623,DiscordantPair,L+|L+,*,*,0,0,0,0,7,7,1115,http://10.0.1.7:4384/cnv-cgi/sv.cgi?s=190008263BCD_190008263BPD&p1=17:15979007&p2=2:33141623&lr=LL
0,CTX-2,.,Y,N,Y,0,N,0.0060,0.0060,1:27100632-27101255,2:33141331-33141689,DiscordantPair,L+|L+,*,*,0,0,0,0,7,7,1175,http://10.0.1.7:4384/cnv-cgi/sv.cgi?s=190008263BCD_190008263BPD&p1=1:27101255&p2=2:33141689&lr=LL
0,CTX-2,.,Y,N,Y,0,N,0.0056,0.0056,17:15973570-15973775,X:99283408-99283463,DiscordantPair,R-|R-,*,*,0,0,0,0,7,7,1252,http://10.0.1.7:4384/cnv-cgi/sv.cgi?s=190008263BCD_190008263BPD&p1=17:15973570&p2=X:99283408&lr=RR
0,CTX-1,.,Y,N,Y,0,N,0.0223,0.0223,11:69518033-69518283,2:33141308-33141505,DiscordantPair,L+|R-,*,*,0,0,0,0,7,7,314,http://10.0.1.7:4384/cnv-cgi/sv.cgi?s=190008263BCD_190008263BPD&p1=11:69518283&p2=2:33141308&lr=LR
0,DEL/ITX,.,Y,N,Y,0,N,0.0075,0.0075,8:101730037-101730118,8:101727688-101727830,DiscordantPair,R-|L+,*,*,0,0,0,0,7,7,933,http://10.0.1.7:4384/cnv-cgi/sv.cgi?s=190008263BCD_190008263BPD&p1=8:101730037&p2=8:101727830&lr=RL
1,CTX-1,.,Y,N,N,12,N,0.0094,0.0094,12:12018255-12018480,1:57107942-57108000,DiscordantPair,R-|L+,*,*,0,0,0,0,7,7,745,http://10.0.1.7:4384/cnv-cgi/sv.cgi?s=190008263BCD_190008263BPD&p1=12:12018255&p2=1:57108000&lr=RL
0,CTX-2,.,Y,N,Y,0,N,0.0061,0.0061,3:49940538-49940683,2:33141330-33141623,DiscordantPair,L+|L+,*,*,0,0,0,0,7,7,1142,http://10.0.1.7:4384/cnv-cgi/sv.cgi?s=190008263BCD_190008263BPD&p1=3:49940683&p2=2:33141623&lr=LL
0,CTX-1,.,Y,N,Y,0,N,0.0161,0.0161,7:152132695-152132943,2:33141309-33141385,DiscordantPair,L+|R-,*,*,0,0,0,0,7,7,435,http://10.0.1.7:4384/cnv-cgi/sv.cgi?s=190008263BCD_190008263BPD&p1=7:152132943&p2=2:33141309&lr=LR
0,CTX-1,.,Y,N,Y,0,N,0.0060,0.0060,9:135772620-135772915,3:14222321-14222372,DiscordantPair,L+|R-,*,*,0,0,0,0,7,7,1168,http://10.0.1.7:4384/cnv-cgi/sv.cgi?s=190008263BCD_190008263BPD&p1=9:135772915&p2=3:14222321&lr=LR
1,CTX-2,.,Y,N,Y,0,N,0.0058,0.0058,6:117653085-117653681,2:33141330-33141692,DiscordantPair,L+|L+,*,*,0,0,0,0,7,7,1197,http://10.0.1.7:4384/cnv-cgi/sv.cgi?s=190008263BCD_190008263BPD&p1=6:117653681&p2=2:33141692&lr=LL
0,CTX-2,.,Y,N,Y,0,N,0.0129,0.0129,19:4097251-4097545,4:82515381-82515452,DiscordantPair,R-|R-,*,*,0,0,0,0,7,7,544,http://10.0.1.7:4384/cnv-cgi/sv.cgi?s=190008263BCD_190008263BPD&p1=19:4097251&p2=4:82515381&lr=RR
0,CTX-2,.,Y,N,Y,0,N,0.0065,0.0065,10:89623744-89624085,2:33141330-33141623,DiscordantPair,L+|L+,*,*,0,0,0,0,7,7,1085,http://10.0.1.7:4384/cnv-cgi/sv.cgi?s=190008263BCD_190008263BPD&p1=10:89624085&p2=2:33141623&lr=LL
0,CTX-1,.,Y,N,Y,0,N,0.0084,0.0084,19:15281474-15281677,2:223731461-223731503,DiscordantPair,R-|L+,*,*,0,0,0,0,7,7,834,http://10.0.1.7:4384/cnv-cgi/sv.cgi?s=190008263BCD_190008263BPD&p1=19:15281474&p2=2:223731503&lr=RL
0,CTX-1,.,Y,N,Y,0,N,0.0080,0.0080,15:40993245-40993442,6:160521776-160521845,DiscordantPair,L+|R-,*,*,0,0,0,0,6,6,751,http://10.0.1.7:4384/cnv-cgi/sv.cgi?s=190008263BCD_190008263BPD&p1=15:40993442&p2=6:160521776&lr=LR
0,CTX-1,.,Y,N,Y,0,N,0.0019,0.0019,1:145281410-145281834,2:33141320-33141668,DiscordantPair,R-|L+,*,*,0,0,0,0,6,6,3132,http://10.0.1.7:4384/cnv-cgi/sv.cgi?s=190008263BCD_190008263BPD&p1=1:145281410&p2=2:33141668&lr=RL
1,CTX-1,.,Y,N,Y,0,N,0.0054,0.0054,1:156844748-156845411,2:33141297-33141623,DiscordantPair,R-|L+,*,*,0,0,0,0,6,6,1117,http://10.0.1.7:4384/cnv-cgi/sv.cgi?s=190008263BCD_190008263BPD&p1=1:156844748&p2=2:33141623&lr=RL
0,CTX-1,.,Y,N,Y,0,N,0.0051,0.0051,9:135772747-135772916,X:99283408-99283463,DiscordantPair,L+|R-,*,*,0,0,0,0,6,6,1171,http://10.0.1.7:4384/cnv-cgi/sv.cgi?s=190008263BCD_190008263BPD&p1=9:135772916&p2=X:99283408&lr=LR
0,INV,.,Y,N,Y,0,N,0.0045,0.0045,6:29910826-29911027,6:31238135-31238224,DiscordantPair,L+|L+,*,*,0,0,0,0,6,6,1319,http://10.0.1.7:4384/cnv-cgi/sv.cgi?s=190008263BCD_190008263BPD&p1=6:29911027&p2=6:31238224&lr=LL
0,CTX-2,.,Y,N,Y,0,N,0.0060,0.0119,13:49034045,8:34788632,SplitRead,L+|L+,AGGAAGGAAGGAAGGAAGGAAGGAAG(26M/26),*,3,0,3,0,0,6,506,http://10.0.1.7:4384/cnv-cgi/sv.cgi?s=190008263BCD_190008263BPD&p1=13:49034045&p2=8:34788632&lr=LL
1,CTX-1,.,Y,N,Y,0,N,0.0048,0.0048,9:87358703-87359060,2:33141358-33141642,DiscordantPair,R-|L+,*,*,0,0,0,0,6,6,1259,http://10.0.1.7:4384/cnv-cgi/sv.cgi?s=190008263BCD_190008263BPD&p1=9:87358703&p2=2:33141642&lr=RL
0,CTX-2,.,Y,N,Y,24,N,0.0275,0.0536,10:8111333,14:103608789,SplitRead,R-|R-,GAGCAGGGAAAGCAAAACGAGCAA(24M/18A1A3),*,3,0,3,0,0,6,112,http://10.0.1.7:4384/cnv-cgi/sv.cgi?s=190008263BCD_190008263BPD&p1=10:8111333&p2=14:103608789&lr=RR
0,CTX-2,.,Y,N,Y,0,N,0.0072,0.0072,1:45798257-45798891,2:33141311-33141660,DiscordantPair,L+|L+,*,*,0,0,0,0,6,6,835,http://10.0.1.7:4384/cnv-cgi/sv.cgi?s=190008263BCD_190008263BPD&p1=1:45798891&p2=2:33141660&lr=LL
0,CTX-2,.,Y,N,Y,0,N,0.0055,0.0055,16:72821126-72821434,2:33141296-33141664,DiscordantPair,L+|L+,*,*,0,0,0,0,6,6,1086,http://10.0.1.7:4384/cnv-cgi/sv.cgi?s=190008263BCD_190008263BPD&p1=16:72821434&p2=2:33141664&lr=LL
0,CTX-1,.,Y,N,Y,0,N,0.0046,0.0046,16:14041811-14042402,2:33141306-33141651,DiscordantPair,R-|L+,*,*,0,0,0,0,6,6,1318,http://10.0.1.7:4384/cnv-cgi/sv.cgi?s=190008263BCD_190008263BPD&p1=16:14041811&p2=2:33141651&lr=RL
0,CTX-1,.,Y,N,Y,0,N,0.0021,0.0041,6:31239116,9:113216565,SplitRead,R-|L+,AGCCATACATCCTCTGCCAA(20M/13T6),*,3,0,3,0,0,6,1454,http://10.0.1.7:4384/cnv-cgi/sv.cgi?s=190008263BCD_190008263BPD&p1=6:31239116&p2=9:113216565&lr=RL
0,CTX-2,.,Y,N,Y,0,N,0.0205,0.0205,9:21994592-21994740,2:33141300-33141595,DiscordantPair,R-|R-,*,*,0,0,0,0,6,6,292,http://10.0.1.7:4384/cnv-cgi/sv.cgi?s=190008263BCD_190008263BPD&p1=9:21994592&p2=2:33141300&lr=RR
1,CTX-1,.,Y,N,Y,0,N,0.0075,0.0075,4:1803106-1803502,2:33141308-33141677,DiscordantPair,L+|R-,*,*,0,0,0,0,6,6,803,http://10.0.1.7:4384/cnv-cgi/sv.cgi?s=190008263BCD_190008263BPD&p1=4:1803502&p2=2:33141308&lr=LR
0,CTX-2,.,Y,N,Y,0,N,0.0222,0.0222,17:54445422-54445572,7:152979640-152979702,DiscordantPair,L+|L+,*,*,0,0,0,0,6,6,270,http://10.0.1.7:4384/cnv-cgi/sv.cgi?s=190008263BCD_190008263BPD&p1=17:54445572&p2=7:152979702&lr=LL
0,CTX-2,.,Y,N,Y,3,N,0.0083,0.0083,17:78936637-78936833,7:105741881-105741916,DiscordantPair,L+|L+,*,*,0,0,0,0,6,6,727,http://10.0.1.7:4384/cnv-cgi/sv.cgi?s=190008263BCD_190008263BPD&p1=17:78936833&p2=7:105741916&lr=LL
0,CTX-1,.,Y,N,Y,0,N,0.0047,0.0047,7:151860125-151860673,2:33141330-33141623,DiscordantPair,R-|L+,*,*,0,0,0,0,6,6,1283,http://10.0.1.7:4384/cnv-cgi/sv.cgi?s=190008263BCD_190008263BPD&p1=7:151860125&p2=2:33141623&lr=RL
0,CTX-1,.,Y,N,Y,0,N,0.0088,0.0175,16:67116033,15:65790769,SplitRead,R-|L+,GCCACAGTATCAGGAAAAAAA(21M/1A1T17),*,3,0,3,0,0,6,342,http://10.0.1.7:4384/cnv-cgi/sv.cgi?s=190008263BCD_190008263BPD&p1=16:67116033&p2=15:65790769&lr=RL
0,CTX-2,.,Y,N,Y,0,N,0.0076,0.0076,11:44129176-44129798,2:33141330-33141626,DiscordantPair,L+|L+,*,*,0,0,0,0,6,6,785,http://10.0.1.7:4384/cnv-cgi/sv.cgi?s=190008263BCD_190008263BPD&p1=11:44129798&p2=2:33141626&lr=LL
1,CTX-1,.,Y,N,Y,0,N,0.0049,0.0049,4:55139489-55139809,2:33141330-33141637,DiscordantPair,R-|L+,*,*,0,0,0,0,6,6,1218,http://10.0.1.7:4384/cnv-cgi/sv.cgi?s=190008263BCD_190008263BPD&p1=4:55139489&p2=2:33141637&lr=RL
1,CTX-1,.,Y,N,Y,0,N,0.0054,0.0054,12:12037256-12037711,2:33141311-33141623,DiscordantPair,R-|L+,*,*,0,0,0,0,6,6,1120,http://10.0.1.7:4384/cnv-cgi/sv.cgi?s=190008263BCD_190008263BPD&p1=12:12037256&p2=2:33141623&lr=RL
0,CTX-1,.,Y,N,Y,0,N,0.0045,0.0045,12:49431872-49432517,2:33141330-33141625,DiscordantPair,R-|L+,*,*,0,0,0,0,6,6,1332,http://10.0.1.7:4384/cnv-cgi/sv.cgi?s=190008263BCD_190008263BPD&p1=12:49431872&p2=2:33141625&lr=RL
0,DEL/ITX,.,Y,N,Y,0,N,0.0042,0.0042,2:48026000-48026191,2:33141330-33141647,DiscordantPair,R-|L+,*,*,0,0,0,0,6,6,1418,http://10.0.1.7:4384/cnv-cgi/sv.cgi?s=190008263BCD_190008263BPD&p1=2:48026000&p2=2:33141647&lr=RL
1,CTX-2,.,Y,N,N,0,N,0.0059,0.0059,4:55597990-55598167,14:84597704-84597765,DiscordantPair,L+|L+,*,*,0,0,0,0,6,6,1010,http://10.0.1.7:4384/cnv-cgi/sv.cgi?s=190008263BCD_190008263BPD&p1=4:55598167&p2=14:84597765&lr=LL
0,CTX-2,.,Y,N,Y,0,N,0.0046,0.0046,13:32906301-32906896,2:33141330-33141630,DiscordantPair,L+|L+,*,*,0,0,0,0,6,6,1295,http://10.0.1.7:4384/cnv-cgi/sv.cgi?s=190008263BCD_190008263BPD&p1=13:32906896&p2=2:33141630&lr=LL
0,CTX-1,.,Y,N,Y,0,N,0.0130,0.0130,11:118307173-118307275,2:33141318-33141382,DiscordantPair,R-|L+,*,*,0,0,0,0,6,6,463,http://10.0.1.7:4384/cnv-cgi/sv.cgi?s=190008263BCD_190008263BPD&p1=11:118307173&p2=2:33141382&lr=RL
0,CTX-2,.,Y,N,Y,0,N,0.0069,0.0069,12:497972-498217,2:33141317-33141623,DiscordantPair,L+|L+,*,*,0,0,0,0,6,6,871,http://10.0.1.7:4384/cnv-cgi/sv.cgi?s=190008263BCD_190008263BPD&p1=12:498217&p2=2:33141623&lr=LL
1,CTX-2,.,Y,N,Y,0,N,0.0049,0.0049,12:12032695-12033079,2:33141319-33141624,DiscordantPair,L+|L+,*,*,0,0,0,0,6,6,1216,http://10.0.1.7:4384/cnv-cgi/sv.cgi?s=190008263BCD_190008263BPD&p1=12:12033079&p2=2:33141624&lr=LL
0,CTX-2,.,Y,N,Y,0,N,0.0042,0.0042,12:49426407-49426821,2:33141330-33141651,DiscordantPair,L+|L+,*,*,0,0,0,0,6,6,1433,http://10.0.1.7:4384/cnv-cgi/sv.cgi?s=190008263BCD_190008263BPD&p1=12:49426821&p2=2:33141651&lr=LL
0,CTX-2,.,Y,N,Y,0,N,0.0049,0.0049,3:52643223-52643567,2:33141330-33141623,DiscordantPair,L+|L+,*,*,0,0,0,0,6,6,1219,http://10.0.1.7:4384/cnv-cgi/sv.cgi?s=190008263BCD_190008263BPD&p1=3:52643567&p2=2:33141623&lr=LL
0,CTX-2,.,Y,N,Y,0,N,0.0090,0.0090,2:212543732-212544046,15:77910881-77910959,DiscordantPair,R-|R-,*,*,0,0,0,0,6,6,666,http://10.0.1.7:4384/cnv-cgi/sv.cgi?s=190008263BCD_190008263BPD&p1=2:212543732&p2=15:77910881&lr=RR
0,CTX-2,.,Y,N,Y,0,N,0.0181,0.0355,16:68863855,7:5012558,SplitRead,L+|L+,GTGAAACTTCGTCTCAAAAA(20M/20),*,3,0,3,0,0,6,169,http://10.0.1.7:4384/cnv-cgi/sv.cgi?s=190008263BCD_190008263BPD&p1=16:68863855&p2=7:5012558&lr=LL
0,CTX-2,.,Y,N,Y,0,N,0.0058,0.0058,19:3110112-3110262,2:33141299-33141649,DiscordantPair,L+|L+,*,*,0,0,0,0,6,6,1037,http://10.0.1.7:4384/cnv-cgi/sv.cgi?s=190008263BCD_190008263BPD&p1=19:3110262&p2=2:33141649&lr=LL
1,CTX-2,.,Y,N,Y,0,N,0.0128,0.0128,19:15353959-15354137,2:33141309-33141370,DiscordantPair,L+|L+,*,*,0,0,0,0,6,6,467,http://10.0.1.7:4384/cnv-cgi/sv.cgi?s=190008263BCD_190008263BPD&p1=19:15354137&p2=2:33141370&lr=LL
0,CTX-2,.,Y,N,Y,0,N,0.0047,0.0047,19:42794797-42795290,2:33141303-33141691,DiscordantPair,L+|L+,*,*,0,0,0,0,6,6,1284,http://10.0.1.7:4384/cnv-cgi/sv.cgi?s=190008263BCD_190008263BPD&p1=19:42795290&p2=2:33141691&lr=LL
0,CTX-2,.,Y,N,Y,0,N,0.0094,0.0094,3:10142717-10142942,16:69408526-69408588,DiscordantPair,L+|L+,*,*,0,0,0,0,6,6,640,http://10.0.1.7:4384/cnv-cgi/sv.cgi?s=190008263BCD_190008263BPD&p1=3:10142942&p2=16:69408588&lr=LL
0,CTX-2,.,Y,N,Y,0,N,0.0016,0.0016,21:11047319-11047588,2:33141296-33141623,DiscordantPair,L+|L+,*,*,0,0,0,0,6,6,3827,http://10.0.1.7:4384/cnv-cgi/sv.cgi?s=190008263BCD_190008263BPD&p1=21:11047588&p2=2:33141623&lr=LL
0,CTX-2,.,Y,N,Y,0,N,0.0034,0.0034,6:31238563-31238949,2:33141312-33141636,DiscordantPair,L+|L+,*,*,0,0,0,0,6,6,1753,http://10.0.1.7:4384/cnv-cgi/sv.cgi?s=190008263BCD_190008263BPD&p1=6:31238949&p2=2:33141636&lr=LL
1,DUP/ITX,.,Y,N,Y,0,N,0.0057,0.0057,8:38321912-38322136,8:97349198-97349250,DiscordantPair,R-|L+,*,*,0,0,0,0,6,6,1061,http://10.0.1.7:4384/cnv-cgi/sv.cgi?s=190008263BCD_190008263BPD&p1=8:38321912&p2=8:97349250&lr=RL
0,DUP/ITX,.,Y,N,Y,0,N,0.0042,0.0084,6:29857139,6:127107609,SplitRead,R-|L+,GCATATGACTCACCACGCTG(20M/1A13T4),*,3,0,3,0,0,6,714,http://10.0.1.7:4384/cnv-cgi/sv.cgi?s=190008263BCD_190008263BPD&p1=6:29857139&p2=6:127107609&lr=RL
0,CTX-2,.,Y,N,N,0,N,0.0095,0.0095,12:461324-461589,4:80459627-80459694,DiscordantPair,R-|R-,*,*,0,0,0,0,6,6,634,http://10.0.1.7:4384/cnv-cgi/sv.cgi?s=190008263BCD_190008263BPD&p1=12:461324&p2=4:80459627&lr=RR
0,CTX-2,.,Y,N,Y,0,N,0.0136,0.0136,10:104263964-104264207,2:33141296-33141623,DiscordantPair,L+|L+,*,*,0,0,0,0,6,6,441,http://10.0.1.7:4384/cnv-cgi/sv.cgi?s=190008263BCD_190008263BPD&p1=10:104264207&p2=2:33141623&lr=LL
0,CTX-1,.,Y,N,N,0,N,0.0096,0.0096,19:4097267-4097537,16:81119766-81119831,DiscordantPair,R-|L+,*,*,0,0,0,0,6,6,625,http://10.0.1.7:4384/cnv-cgi/sv.cgi?s=190008263BCD_190008263BPD&p1=19:4097267&p2=16:81119831&lr=RL
1,CTX-1,.,Y,N,Y,0,N,0.0057,0.0057,19:15359794-15360278,2:33141308-33141653,DiscordantPair,R-|L+,*,*,0,0,0,0,6,6,1045,http://10.0.1.7:4384/cnv-cgi/sv.cgi?s=190008263BCD_190008263BPD&p1=19:15359794&p2=2:33141653&lr=RL
0,CTX-2,.,Y,N,Y,0,N,0.0117,0.0117,19:42799369-42799498,2:33141296-33141594,DiscordantPair,R-|R-,*,*,0,0,0,0,6,6,514,http://10.0.1.7:4384/cnv-cgi/sv.cgi?s=190008263BCD_190008263BPD&p1=19:42799369&p2=2:33141296&lr=RR
0,CTX-2,.,Y,N,N,0,N,0.0064,0.0064,5:1593209-1593284,3:195400850-195401122,DiscordantPair,R-|R-,*,*,0,0,0,0,5,5,782,http://10.0.1.7:4384/cnv-cgi/sv.cgi?s=190008263BCD_190008263BPD&p1=5:1593209&p2=3:195400850&lr=RR
0,CTX-2,.,Y,N,Y,0,N,0.0071,0.0071,4:55490663-55490819,Y:22167935-22168007,DiscordantPair,L+|L+,*,*,0,0,0,0,5,5,707,http://10.0.1.7:4384/cnv-cgi/sv.cgi?s=190008263BCD_190008263BPD&p1=4:55490819&p2=Y:22168007&lr=LL
0,CTX-2,.,Y,N,Y,0,N,0.0066,0.0066,2:91899705-91899914,1:148876536-148876637,DiscordantPair,R-|R-,*,*,0,0,0,0,5,5,758,http://10.0.1.7:4384/cnv-cgi/sv.cgi?s=190008263BCD_190008263BPD&p1=2:91899705&p2=1:148876536&lr=RR
0,CTX-1,.,Y,N,Y,0,N,0.0059,0.0059,5:176707539-176707891,2:33141330-33141623,DiscordantPair,R-|L+,*,*,0,0,0,0,5,5,854,http://10.0.1.7:4384/cnv-cgi/sv.cgi?s=190008263BCD_190008263BPD&p1=5:176707539&p2=2:33141623&lr=RL
0,CTX-1,.,Y,N,Y,0,N,0.0042,0.0042,5:56177631-56177961,2:33141330-33141626,DiscordantPair,R-|L+,*,*,0,0,0,0,5,5,1179,http://10.0.1.7:4384/cnv-cgi/sv.cgi?s=190008263BCD_190008263BPD&p1=5:56177631&p2=2:33141626&lr=RL
0,CTX-2,.,Y,N,Y,0,N,0.0046,0.0046,5:80168887-80169100,2:33141296-33141530,DiscordantPair,L+|L+,*,*,0,0,0,0,5,5,1078,http://10.0.1.7:4384/cnv-cgi/sv.cgi?s=190008263BCD_190008263BPD&p1=5:80169100&p2=2:33141530&lr=LL
1,CTX-2,.,Y,N,Y,0,N,0.0063,0.0063,5:149782934-149783128,2:33141330-33141623,DiscordantPair,L+|L+,*,*,0,0,0,0,5,5,794,http://10.0.1.7:4384/cnv-cgi/sv.cgi?s=190008263BCD_190008263BPD&p1=5:149783128&p2=2:33141623&lr=LL
0,CTX-2,.,Y,N,Y,0,N,0.0039,0.0039,5:176638443-176638923,2:33141324-33141623,DiscordantPair,L+|L+,*,*,0,0,0,0,5,5,1280,http://10.0.1.7:4384/cnv-cgi/sv.cgi?s=190008263BCD_190008263BPD&p1=5:176638923&p2=2:33141623&lr=LL
0,INV,.,Y,N,Y,12,N,0.0033,0.0033,6:31238959-31239099,6:29855909-29856023,DiscordantPair,L+|L+,*,*,0,0,0,0,5,5,1517,http://10.0.1.7:4384/cnv-cgi/sv.cgi?s=190008263BCD_190008263BPD&p1=6:31239099&p2=6:29856023&lr=LL
0,DEL/ITX,.,Y,N,N,11,N,0.0034,0.0034,6:29855944-29856018,6:29795771-29795846,DiscordantPair,R-|L+,*,*,0,0,0,0,5,5,1484,http://10.0.1.7:4384/cnv-cgi/sv.cgi?s=190008263BCD_190008263BPD&p1=6:29855944&p2=6:29795846&lr=RL
0,CTX-2,.,Y,N,N,0,N,0.0091,0.0091,1:182550283-182550540,16:81119768-81119836,DiscordantPair,L+|L+,*,*,0,0,0,0,5,5,548,http://10.0.1.7:4384/cnv-cgi/sv.cgi?s=190008263BCD_190008263BPD&p1=1:182550540&p2=16:81119836&lr=LL
1,CTX-1,.,Y,N,Y,0,N,0.0080,0.0080,9:139412540-139412672,2:33141296-33141400,DiscordantPair,R-|L+,*,*,0,0,0,0,5,5,622,http://10.0.1.7:4384/cnv-cgi/sv.cgi?s=190008263BCD_190008263BPD&p1=9:139412540&p2=2:33141400&lr=RL
1,CTX-2,.,Y,N,Y,0,N,0.0053,0.0053,17:38511347-38511619,2:33141296-33141607,DiscordantPair,L+|L+,*,*,0,0,0,0,5,5,939,http://10.0.1.7:4384/cnv-cgi/sv.cgi?s=190008263BCD_190008263BPD&p1=17:38511619&p2=2:33141607&lr=LL
0,CTX-2,.,Y,N,Y,0,N,0.0041,0.0041,17:63533607-63533869,2:33141300-33141641,DiscordantPair,L+|L+,*,*,0,0,0,0,5,5,1232,http://10.0.1.7:4384/cnv-cgi/sv.cgi?s=190008263BCD_190008263BPD&p1=17:63533869&p2=2:33141641&lr=LL
0,CTX-2,.,Y,N,Y,0,N,0.0044,0.0044,1:27105802-27105993,2:33141322-33141400,DiscordantPair,L+|L+,*,*,0,0,0,0,5,5,1133,http://10.0.1.7:4384/cnv-cgi/sv.cgi?s=190008263BCD_190008263BPD&p1=1:27105993&p2=2:33141400&lr=LL
0,CTX-2,.,Y,N,Y,0,N,0.0042,0.0042,1:78425903-78426163,2:33141331-33141630,DiscordantPair,L+|L+,*,*,0,0,0,0,5,5,1200,http://10.0.1.7:4384/cnv-cgi/sv.cgi?s=190008263BCD_190008263BPD&p1=1:78426163&p2=2:33141630&lr=LL
1,CTX-2,.,Y,N,Y,0,N,0.0027,0.0027,1:120539444-120539892,2:33141433-33141631,DiscordantPair,L+|L+,*,*,0,0,0,0,5,5,1846,http://10.0.1.7:4384/cnv-cgi/sv.cgi?s=190008263BCD_190008263BPD&p1=1:120539892&p2=2:33141631&lr=LL
0,CTX-2,.,Y,N,Y,0,N,0.0092,0.0092,1:150551489-150552033,2:33141331-33141623,DiscordantPair,L+|L+,*,*,0,0,0,0,5,5,541,http://10.0.1.7:4384/cnv-cgi/sv.cgi?s=190008263BCD_190008263BPD&p1=1:150552033&p2=2:33141623&lr=LL
0,CTX-1,.,Y,N,Y,0,N,0.0076,0.0076,17:37865523-37865717,2:33141329-33141623,DiscordantPair,R-|L+,*,*,0,0,0,0,5,5,657,http://10.0.1.7:4384/cnv-cgi/sv.cgi?s=190008263BCD_190008263BPD&p1=17:37865523&p2=2:33141623&lr=RL
1,CTX-1,.,Y,N,Y,0,N,0.0034,0.0034,17:41245461-41245892,2:33141330-33141635,DiscordantPair,R-|L+,*,*,0,0,0,0,5,5,1451,http://10.0.1.7:4384/cnv-cgi/sv.cgi?s=190008263BCD_190008263BPD&p1=17:41245461&p2=2:33141635&lr=RL
0,CTX-1,.,Y,N,Y,0,N,0.0042,0.0042,17:56435136-56435477,2:33141297-33141623,DiscordantPair,R-|L+,*,*,0,0,0,0,5,5,1177,http://10.0.1.7:4384/cnv-cgi/sv.cgi?s=190008263BCD_190008263BPD&p1=17:56435136&p2=2:33141623&lr=RL
0,CTX-1,.,Y,N,Y,0,N,0.0047,0.0047,17:59857626-59857973,2:33141328-33141467,DiscordantPair,R-|L+,*,*,0,0,0,0,5,5,1072,http://10.0.1.7:4384/cnv-cgi/sv.cgi?s=190008263BCD_190008263BPD&p1=17:59857626&p2=2:33141467&lr=RL
0,CTX-1,.,Y,N,Y,0,N,0.0060,0.0060,17:70120002-70120518,2:33141330-33141655,DiscordantPair,R-|L+,*,*,0,0,0,0,5,5,839,http://10.0.1.7:4384/cnv-cgi/sv.cgi?s=190008263BCD_190008263BPD&p1=17:70120002&p2=2:33141655&lr=RL
0,CTX-1,.,Y,N,Y,0,N,0.0048,0.0048,16:3639552-3640028,2:33141330-33141634,DiscordantPair,R-|L+,*,*,0,0,0,0,5,5,1052,http://10.0.1.7:4384/cnv-cgi/sv.cgi?s=190008263BCD_190008263BPD&p1=16:3639552&p2=2:33141634&lr=RL
0,CTX-1,.,Y,N,Y,0,N,0.0043,0.0043,16:14029459-14029694,2:33141330-33141623,DiscordantPair,R-|L+,*,*,0,0,0,0,5,5,1172,http://10.0.1.7:4384/cnv-cgi/sv.cgi?s=190008263BCD_190008263BPD&p1=16:14029459&p2=2:33141623&lr=RL
0,CTX-1,.,Y,N,Y,0,N,0.0064,0.0064,16:72830510-72830794,2:33141330-33141642,DiscordantPair,R-|L+,*,*,0,0,0,0,5,5,779,http://10.0.1.7:4384/cnv-cgi/sv.cgi?s=190008263BCD_190008263BPD&p1=16:72830510&p2=2:33141642&lr=RL
0,CTX-1,.,Y,N,Y,0,N,0.0068,0.0068,17:78936573-78936831,11:61158721-61158758,DiscordantPair,L+|R-,*,*,0,0,0,0,5,5,738,http://10.0.1.7:4384/cnv-cgi/sv.cgi?s=190008263BCD_190008263BPD&p1=17:78936831&p2=11:61158721&lr=LR
1,CTX-1,.,Y,N,Y,0,N,0.0058,0.0058,19:15355007-15355144,11:61158717-61158758,DiscordantPair,L+|R-,*,*,0,0,0,0,5,5,868,http://10.0.1.7:4384/cnv-cgi/sv.cgi?s=190008263BCD_190008263BPD&p1=19:15355144&p2=11:61158717&lr=LR
0,CTX-2,.,Y,N,Y,0,N,0.0120,0.0120,10:73571700-73572010,2:33141310-33141369,DiscordantPair,R-|R-,*,*,0,0,0,0,5,5,417,http://10.0.1.7:4384/cnv-cgi/sv.cgi?s=190008263BCD_190008263BPD&p1=10:73571700&p2=2:33141310&lr=RR
1,CTX-1,.,Y,N,Y,0,N,0.0043,0.0043,10:43610884-43611232,2:33141330-33141507,DiscordantPair,R-|L+,*,*,0,0,0,0,5,5,1157,http://10.0.1.7:4384/cnv-cgi/sv.cgi?s=190008263BCD_190008263BPD&p1=10:43610884&p2=2:33141507&lr=RL
0,CTX-2,.,Y,N,Y,0,N,0.0053,0.0053,22:41574329-41574685,2:33141296-33141400,DiscordantPair,L+|L+,*,*,0,0,0,0,5,5,950,http://10.0.1.7:4384/cnv-cgi/sv.cgi?s=190008263BCD_190008263BPD&p1=22:41574685&p2=2:33141400&lr=LL
0,CTX-2,.,Y,N,Y,0,N,0.0036,0.0036,22:41513158-41513596,2:33141328-33141644,DiscordantPair,L+|L+,*,*,0,0,0,0,5,5,1382,http://10.0.1.7:4384/cnv-cgi/sv.cgi?s=190008263BCD_190008263BPD&p1=22:41513596&p2=2:33141644&lr=LL
1,CTX-1,.,Y,N,Y,0,N,0.0037,0.0037,7:140499439-140499834,2:33141308-33141623,DiscordantPair,R-|L+,*,*,0,0,0,0,5,5,1355,http://10.0.1.7:4384/cnv-cgi/sv.cgi?s=190008263BCD_190008263BPD&p1=7:140499439&p2=2:33141623&lr=RL
0,CTX-1,.,Y,N,Y,0,N,0.0014,0.0014,7:151945021-151945196,2:33141304-33141623,DiscordantPair,R-|L+,*,*,0,0,0,0,5,5,3670,http://10.0.1.7:4384/cnv-cgi/sv.cgi?s=190008263BCD_190008263BPD&p1=7:151945021&p2=2:33141623&lr=RL
0,CTX-2,.,Y,N,Y,0,N,0.0055,0.0055,7:151843594-151843855,2:33141330-33141528,DiscordantPair,L+|L+,*,*,0,0,0,0,5,5,904,http://10.0.1.7:4384/cnv-cgi/sv.cgi?s=190008263BCD_190008263BPD&p1=7:151843855&p2=2:33141528&lr=LL
0,CTX-2,.,Y,N,Y,0,N,0.0066,0.0066,7:6441877-6442037,2:33141330-33141623,DiscordantPair,L+|L+,*,*,0,0,0,0,5,5,753,http://10.0.1.7:4384/cnv-cgi/sv.cgi?s=190008263BCD_190008263BPD&p1=7:6442037&p2=2:33141623&lr=LL
0,CTX-2,.,Y,N,Y,0,N,0.0048,0.0048,7:6026662-6026905,2:33141330-33141664,DiscordantPair,L+|L+,*,*,0,0,0,0,5,5,1044,http://10.0.1.7:4384/cnv-cgi/sv.cgi?s=190008263BCD_190008263BPD&p1=7:6026905&p2=2:33141664&lr=LL
0,CTX-2,.,Y,N,N,0,N,0.0053,0.0053,11:64577178-64577508,2:33141417-33141664,DiscordantPair,L+|L+,*,*,0,0,0,0,5,5,938,http://10.0.1.7:4384/cnv-cgi/sv.cgi?s=190008263BCD_190008263BPD&p1=11:64577508&p2=2:33141664&lr=LL
0,CTX-2,.,Y,N,Y,0,N,0.0048,0.0048,11:76207001-76207524,2:33141330-33141692,DiscordantPair,L+|L+,*,*,0,0,0,0,5,5,1048,http://10.0.1.7:4384/cnv-cgi/sv.cgi?s=190008263BCD_190008263BPD&p1=11:76207524&p2=2:33141692&lr=LL
0,CTX-1,.,Y,N,Y,15,N,1.0000,1.0000,3:155027218-155027435,8:101725329-101725413,DiscordantPair,R-|L+,*,*,0,0,0,0,5,5,5,http://10.0.1.7:4384/cnv-cgi/sv.cgi?s=190008263BCD_190008263BPD&p1=3:155027218&p2=8:101725413&lr=RL
0,CTX-2,.,Y,N,Y,0,N,0.0099,0.0099,4:185340524-185340721,2:33141319-33141630,DiscordantPair,L+|L+,*,*,0,0,0,0,5,5,504,http://10.0.1.7:4384/cnv-cgi/sv.cgi?s=190008263BCD_190008263BPD&p1=4:185340721&p2=2:33141630&lr=LL
0,CTX-2,.,Y,N,Y,0,N,0.0176,0.0176,X:39922941-39923199,2:33141316-33141693,DiscordantPair,L+|L+,*,*,0,0,0,0,5,5,284,http://10.0.1.7:4384/cnv-cgi/sv.cgi?s=190008263BCD_190008263BPD&p1=X:39923199&p2=2:33141693&lr=LL
0,CTX-2,.,Y,N,Y,0,N,0.0098,0.0098,12:46123622-46123754,2:33141315-33141614,DiscordantPair,R-|R-,*,*,0,0,0,0,5,5,511,http://10.0.1.7:4384/cnv-cgi/sv.cgi?s=190008263BCD_190008263BPD&p1=12:46123622&p2=2:33141315&lr=RR
1,CTX-1,.,Y,N,Y,0,N,0.0038,0.0038,12:12019134-12019537,2:33141330-33141623,DiscordantPair,R-|L+,*,*,0,0,0,0,5,5,1310,http://10.0.1.7:4384/cnv-cgi/sv.cgi?s=190008263BCD_190008263BPD&p1=12:12019134&p2=2:33141623&lr=RL
1,CTX-1,.,Y,N,Y,0,N,0.0124,0.0124,2:47642483-47642541,12:66451371-66451476,DiscordantPair,L+|R-,*,*,0,0,0,0,5,5,402,http://10.0.1.7:4384/cnv-cgi/sv.cgi?s=190008263BCD_190008263BPD&p1=2:47642541&p2=12:66451371&lr=LR
0,CTX-1,.,Y,N,Y,0,N,0.0045,0.0045,12:115112020-115112315,2:33141330-33141623,DiscordantPair,R-|L+,*,*,0,0,0,0,5,5,1099,http://10.0.1.7:4384/cnv-cgi/sv.cgi?s=190008263BCD_190008263BPD&p1=12:115112020&p2=2:33141623&lr=RL
0,CTX-1,.,Y,N,Y,0,N,0.0064,0.0064,5:176683987-176684155,1:37987112-37987163,DiscordantPair,L+|R-,*,*,0,0,0,0,5,5,778,http://10.0.1.7:4384/cnv-cgi/sv.cgi?s=190008263BCD_190008263BPD&p1=5:176684155&p2=1:37987112&lr=LR
0,INV,.,Y,N,Y,0,N,0.0068,0.0068,2:240111445-240111738,2:33141299-33141389,DiscordantPair,L+|L+,*,*,0,0,0,0,5,5,730,http://10.0.1.7:4384/cnv-cgi/sv.cgi?s=190008263BCD_190008263BPD&p1=2:240111738&p2=2:33141389&lr=LL
0,DEL/ITX,.,Y,N,Y,0,N,0.0044,0.0044,2:111882739-111883137,2:33141316-33141401,DiscordantPair,R-|L+,*,*,0,0,0,0,5,5,1135,http://10.0.1.7:4384/cnv-cgi/sv.cgi?s=190008263BCD_190008263BPD&p1=2:111882739&p2=2:33141401&lr=RL
0,DUP/ITX,.,Y,N,Y,0,N,0.0197,0.0197,22:42537492-42537673,22:42546751-42546834,DiscordantPair,R-|L+,*,*,0,0,0,0,5,5,254,http://10.0.1.7:4384/cnv-cgi/sv.cgi?s=190008263BCD_190008263BPD&p1=22:42537492&p2=22:42546834&lr=RL
0,CTX-1,.,Y,N,N,0,N,0.0385,0.0385,13:110438283-110438453,2:33141313-33141370,DiscordantPair,L+|R-,*,*,0,0,0,0,5,5,130,http://10.0.1.7:4384/cnv-cgi/sv.cgi?s=190008263BCD_190008263BPD&p1=13:110438453&p2=2:33141313&lr=LR
0,CTX-2,.,Y,N,Y,0,N,0.0038,0.0038,13:103514984-103515254,2:33141330-33141627,DiscordantPair,L+|L+,*,*,0,0,0,0,5,5,1315,http://10.0.1.7:4384/cnv-cgi/sv.cgi?s=190008263BCD_190008263BPD&p1=13:103515254&p2=2:33141627&lr=LL
0,CTX-1,.,Y,N,Y,0,N,0.0044,0.0044,11:64572015-64572507,2:33141330-33141661,DiscordantPair,R-|L+,*,*,0,0,0,0,5,5,1138,http://10.0.1.7:4384/cnv-cgi/sv.cgi?s=190008263BCD_190008263BPD&p1=11:64572015&p2=2:33141661&lr=RL
0,CTX-1,.,Y,N,Y,0,N,0.0036,0.0036,11:118374773-118375064,2:33141330-33141640,DiscordantPair,R-|L+,*,*,0,0,0,0,5,5,1405,http://10.0.1.7:4384/cnv-cgi/sv.cgi?s=190008263BCD_190008263BPD&p1=11:118374773&p2=2:33141640&lr=RL
0,CTX-2,.,Y,N,Y,0,N,0.0083,0.0083,12:4479466-4479732,2:33141298-33141482,DiscordantPair,L+|L+,*,*,0,0,0,0,5,5,599,http://10.0.1.7:4384/cnv-cgi/sv.cgi?s=190008263BCD_190008263BPD&p1=12:4479732&p2=2:33141482&lr=LL
1,CTX-2,.,Y,N,Y,0,N,0.0039,0.0039,12:12009397-12009892,2:33141330-33141623,DiscordantPair,L+|L+,*,*,0,0,0,0,5,5,1272,http://10.0.1.7:4384/cnv-cgi/sv.cgi?s=190008263BCD_190008263BPD&p1=12:12009892&p2=2:33141623&lr=LL
1,CTX-2,.,Y,N,Y,0,N,0.0043,0.0043,12:12031145-12031468,2:33141330-33141623,DiscordantPair,L+|L+,*,*,0,0,0,0,5,5,1164,http://10.0.1.7:4384/cnv-cgi/sv.cgi?s=190008263BCD_190008263BPD&p1=12:12031468&p2=2:33141623&lr=LL
0,CTX-2,.,Y,N,Y,0,N,0.0054,0.0054,12:121431229-121431477,2:33141315-33141639,DiscordantPair,L+|L+,*,*,0,0,0,0,5,5,921,http://10.0.1.7:4384/cnv-cgi/sv.cgi?s=190008263BCD_190008263BPD&p1=12:121431477&p2=2:33141639&lr=LL
0,CTX-1,.,Y,N,Y,0,N,0.0043,0.0043,13:110434983-110435269,2:33141312-33141660,DiscordantPair,R-|L+,*,*,0,0,0,0,5,5,1160,http://10.0.1.7:4384/cnv-cgi/sv.cgi?s=190008263BCD_190008263BPD&p1=13:110434983&p2=2:33141660&lr=RL
0,CTX-2,.,Y,N,Y,0,N,0.0400,0.0400,3:197348214-197348449,2:33141296-33141591,DiscordantPair,L+|L+,*,*,0,0,0,0,5,5,125,http://10.0.1.7:4384/cnv-cgi/sv.cgi?s=190008263BCD_190008263BPD&p1=3:197348449&p2=2:33141591&lr=LL
0,CTX-2,.,Y,N,Y,0,N,0.0070,0.0070,3:30691557-30691950,2:33141330-33141615,DiscordantPair,L+|L+,*,*,0,0,0,0,5,5,711,http://10.0.1.7:4384/cnv-cgi/sv.cgi?s=190008263BCD_190008263BPD&p1=3:30691950&p2=2:33141615&lr=LL
0,CTX-2,.,Y,N,Y,0,N,0.0063,0.0063,3:195703799-195704133,2:33141491-33141623,DiscordantPair,L+|L+,*,*,0,0,0,0,5,5,793,http://10.0.1.7:4384/cnv-cgi/sv.cgi?s=190008263BCD_190008263BPD&p1=3:195704133&p2=2:33141623&lr=LL
0,CTX-2,.,Y,N,N,0,N,0.0105,0.0105,3:10131832-10132085,2:238252147-238252219,DiscordantPair,L+|L+,*,*,0,0,0,0,5,5,477,http://10.0.1.7:4384/cnv-cgi/sv.cgi?s=190008263BCD_190008263BPD&p1=3:10132085&p2=2:238252219&lr=LL
0,CTX-2,.,Y,N,Y,0,N,0.0065,0.0065,8:117868185-117868497,2:33141330-33141623,DiscordantPair,L+|L+,*,*,0,0,0,0,5,5,771,http://10.0.1.7:4384/cnv-cgi/sv.cgi?s=190008263BCD_190008263BPD&p1=8:117868497&p2=2:33141623&lr=LL
1,CTX-1,.,Y,N,Y,0,N,0.0099,0.0099,7:140497794-140498049,20:31006621-31006693,DiscordantPair,L+|R-,*,*,0,0,0,0,5,5,506,http://10.0.1.7:4384/cnv-cgi/sv.cgi?s=190008263BCD_190008263BPD&p1=7:140498049&p2=20:31006621&lr=LR
0,CTX-1,.,Y,N,Y,0,N,0.0062,0.0062,14:81574752-81575183,2:33141281-33141623,DiscordantPair,R-|L+,*,*,0,0,0,0,5,5,802,http://10.0.1.7:4384/cnv-cgi/sv.cgi?s=190008263BCD_190008263BPD&p1=14:81574752&p2=2:33141623&lr=RL
0,CTX-1,.,Y,N,Y,0,N,0.0047,0.0047,14:105239648-105239923,2:33141319-33141659,DiscordantPair,R-|L+,*,*,0,0,0,0,5,5,1053,http://10.0.1.7:4384/cnv-cgi/sv.cgi?s=190008263BCD_190008263BPD&p1=14:105239648&p2=2:33141659&lr=RL
1,CTX-1,.,Y,N,Y,0,N,0.0094,0.0094,19:15375944-15376199,2:33141307-33141655,DiscordantPair,L+|R-,*,*,0,0,0,0,5,5,533,http://10.0.1.7:4384/cnv-cgi/sv.cgi?s=190008263BCD_190008263BPD&p1=19:15376199&p2=2:33141307&lr=LR
0,CTX-2,.,Y,N,Y,0,N,0.0051,0.0051,19:11143873-11144146,2:33141319-33141693,DiscordantPair,L+|L+,*,*,0,0,0,0,5,5,975,http://10.0.1.7:4384/cnv-cgi/sv.cgi?s=190008263BCD_190008263BPD&p1=19:11144146&p2=2:33141693&lr=LL
0,CTX-2,.,Y,N,Y,0,N,0.0040,0.0040,19:50905033-50905418,2:33141308-33141623,DiscordantPair,L+|L+,*,*,0,0,0,0,5,5,1239,http://10.0.1.7:4384/cnv-cgi/sv.cgi?s=190008263BCD_190008263BPD&p1=19:50905418&p2=2:33141623&lr=LL
0,CTX-2,.,Y,N,Y,0,N,0.0084,0.0084,21:36259080-36259401,2:33141315-33141400,DiscordantPair,L+|L+,*,*,0,0,0,0,5,5,598,http://10.0.1.7:4384/cnv-cgi/sv.cgi?s=190008263BCD_190008263BPD&p1=21:36259401&p2=2:33141400&lr=LL
1,CTX-2,.,Y,N,Y,0,N,0.0050,0.0050,21:42875785-42876092,2:33141330-33141623,DiscordantPair,L+|L+,*,*,0,0,0,0,5,5,998,http://10.0.1.7:4384/cnv-cgi/sv.cgi?s=190008263BCD_190008263BPD&p1=21:42876092&p2=2:33141623&lr=LL
1,CTX-2,.,Y,N,Y,0,N,0.0039,0.0039,21:42869753-42870018,2:33141447-33141680,DiscordantPair,L+|L+,*,*,0,0,0,0,5,5,1283,http://10.0.1.7:4384/cnv-cgi/sv.cgi?s=190008263BCD_190008263BPD&p1=21:42870018&p2=2:33141680&lr=LL
0,CTX-1,.,Y,N,Y,0,N,0.0020,0.0020,21:11029774-11029954,2:33141319-33141664,DiscordantPair,R-|L+,*,*,0,0,0,0,5,5,2508,http://10.0.1.7:4384/cnv-cgi/sv.cgi?s=190008263BCD_190008263BPD&p1=21:11029774&p2=2:33141664&lr=RL
0,CTX-2,.,Y,N,Y,0,N,0.0054,0.0054,3:47147472-47147620,6:156491504-156491574,DiscordantPair,R-|R-,*,*,0,0,0,0,5,5,923,http://10.0.1.7:4384/cnv-cgi/sv.cgi?s=190008263BCD_190008263BPD&p1=3:47147472&p2=6:156491504&lr=RR
0,CTX-2,.,Y,N,Y,0,N,0.0059,0.0059,6:30856449-30856724,2:33141330-33141623,DiscordantPair,L+|L+,*,*,0,0,0,0,5,5,847,http://10.0.1.7:4384/cnv-cgi/sv.cgi?s=190008263BCD_190008263BPD&p1=6:30856724&p2=2:33141623&lr=LL
0,CTX-2,.,Y,N,Y,0,N,0.0044,0.0044,6:106553054-106553463,2:33141330-33141623,DiscordantPair,L+|L+,*,*,0,0,0,0,5,5,1141,http://10.0.1.7:4384/cnv-cgi/sv.cgi?s=190008263BCD_190008263BPD&p1=6:106553463&p2=2:33141623&lr=LL
1,CTX-2,.,Y,N,Y,0,N,0.0033,0.0033,6:117649962-117650444,2:33141328-33141623,DiscordantPair,L+|L+,*,*,0,0,0,0,5,5,1507,http://10.0.1.7:4384/cnv-cgi/sv.cgi?s=190008263BCD_190008263BPD&p1=6:117650444&p2=2:33141623&lr=LL
0,CTX-2,.,Y,N,Y,0,N,0.0038,0.0038,6:157522096-157522365,2:33141330-33141623,DiscordantPair,L+|L+,*,*,0,0,0,0,5,5,1316,http://10.0.1.7:4384/cnv-cgi/sv.cgi?s=190008263BCD_190008263BPD&p1=6:157522365&p2=2:33141623&lr=LL
0,CTX-1,.,Y,N,Y,0,N,0.0048,0.0048,6:157454239-157454348,2:33141330-33141646,DiscordantPair,R-|L+,*,*,0,0,0,0,5,5,1033,http://10.0.1.7:4384/cnv-cgi/sv.cgi?s=190008263BCD_190008263BPD&p1=6:157454239&p2=2:33141646&lr=RL
0,CTX-2,.,Y,N,Y,0,N,0.0065,0.0065,13:26828826-26828934,2:33141315-33141653,DiscordantPair,R-|R-,*,*,0,0,0,0,5,5,768,http://10.0.1.7:4384/cnv-cgi/sv.cgi?s=190008263BCD_190008263BPD&p1=13:26828826&p2=2:33141315&lr=RR
1,CTX-1,.,Y,N,Y,0,N,0.0045,0.0045,12:12032997-12033224,3:195283713-195283759,DiscordantPair,R-|L+,*,*,0,0,0,0,5,5,1101,http://10.0.1.7:4384/cnv-cgi/sv.cgi?s=190008263BCD_190008263BPD&p1=12:12032997&p2=3:195283759&lr=RL
0,INV,.,Y,N,Y,0,N,0.0058,0.0058,6:31324231-31324315,6:29911913-29912102,DiscordantPair,R-|R-,*,*,0,0,0,0,5,5,860,http://10.0.1.7:4384/cnv-cgi/sv.cgi?s=190008263BCD_190008263BPD&p1=6:31324231&p2=6:29911913&lr=RR
0,DUP/ITX,.,Y,N,Y,33,Y,0.0032,0.0032,6:31239049-31239111,6:31323819-31323946,DiscordantPair,R-|L+,*,*,0,0,0,0,5,5,1582,http://10.0.1.7:4384/cnv-cgi/sv.cgi?s=190008263BCD_190008263BPD&p1=6:31239049&p2=6:31323946&lr=RL
0,CTX-2,.,Y,N,Y,0,N,0.0035,0.0035,10:88682883-88683312,2:33141330-33141633,DiscordantPair,L+|L+,*,*,0,0,0,0,5,5,1430,http://10.0.1.7:4384/cnv-cgi/sv.cgi?s=190008263BCD_190008263BPD&p1=10:88683312&p2=2:33141633&lr=LL
1,DEL/ITX,.,Y,N,N,0,N,0.0049,0.0049,4:55597894-55598156,4:102761090-102761150,DiscordantPair,L+|R-,*,*,0,0,0,0,5,5,1016,http://10.0.1.7:4384/cnv-cgi/sv.cgi?s=190008263BCD_190008263BPD&p1=4:55598156&p2=4:102761090&lr=LR
0,CTX-1,.,Y,N,Y,0,N,0.0057,0.0057,3:52440257-52440518,2:33141319-33141623,DiscordantPair,R-|L+,*,*,0,0,0,0,5,5,880,http://10.0.1.7:4384/cnv-cgi/sv.cgi?s=190008263BCD_190008263BPD&p1=3:52440257&p2=2:33141623&lr=RL
0,CTX-1,.,Y,N,Y,0,N,0.0098,0.0098,19:47729833-47729977,2:33141297-33141679,DiscordantPair,R-|L+,*,*,0,0,0,0,5,5,509,http://10.0.1.7:4384/cnv-cgi/sv.cgi?s=190008263BCD_190008263BPD&p1=19:47729833&p2=2:33141679&lr=RL
1,CTX-1,.,Y,N,Y,0,N,0.0014,0.0028,6:117653154,2:214541994,SplitRead,L+|R-,TTAACTTTAAATGTAAATGG(20M/20),*,2,0,2,0,0,4,1411,http://10.0.1.7:4384/cnv-cgi/sv.cgi?s=190008263BCD_190008263BPD&p1=6:117653154&p2=2:214541994&lr=LR
0,CTX-1,.,Y,N,Y,0,N,0.0026,0.0051,7:151902172,10:94958912,SplitRead,R-|L+,GGTAACAAAAAAAAAGAAAAAA(22M/4G17),*,2,0,2,0,0,4,785,http://10.0.1.7:4384/cnv-cgi/sv.cgi?s=190008263BCD_190008263BPD&p1=7:151902172&p2=10:94958912&lr=RL
0,INV,.,Y,N,Y,2,N,0.0017,0.0022,6:31239610,6:29910568,SplitRead,L+|L+,CATGAGGTATTTCTCCACATCCGTC(25M/14T9G0),*,1,0,1,0,2,4,1786,http://10.0.1.7:4384/cnv-cgi/sv.cgi?s=190008263BCD_190008263BPD&p1=6:31239610&p2=6:29910568&lr=LL
1,CTX-1,.,Y,N,Y,19,N,0.0023,0.0045,4:55135702,13:88414761,SplitRead,L+|R-,CAGCATAAACAGACATGTTA(20M/20),*,2,0,2,0,0,4,880,http://10.0.1.7:4384/cnv-cgi/sv.cgi?s=190008263BCD_190008263BPD&p1=4:55135702&p2=13:88414761&lr=LR
0,CTX-2,.,Y,N,Y,37,Y,0.0238,0.0465,11:108188400,3:22339865,SplitRead,L+|L+,AGAGGAGAAAGCAGTATGTA(20M/20),*,2,0,2,0,0,4,86,http://10.0.1.7:4384/cnv-cgi/sv.cgi?s=190008263BCD_190008263BPD&p1=11:108188400&p2=3:22339865&lr=LL
0,DUP/ITX,.,Y,N,Y,0,N,0.0012,0.0023,1:152278813,1:152278073,SplitRead,L+|R-,TGTCTTGTGCCTGCTCATGGC(21M/21),*,2,0,2,0,0,4,1737,http://10.0.1.7:4384/cnv-cgi/sv.cgi?s=190008263BCD_190008263BPD&p1=1:152278813&p2=1:152278073&lr=LR
0,CTX-1,.,Y,N,Y,6,N,0.0021,0.0042,3:52620646,8:74835425,SplitRead,R-|L+,GATTTGGATTTGCCAGAAAACAGA(2M1I21M/2A20),*,2,0,2,0,0,4,955,http://10.0.1.7:4384/cnv-cgi/sv.cgi?s=190008263BCD_190008263BPD&p1=3:52620646&p2=8:74835425&lr=RL
0,CTX-2,.,Y,N,Y,0,N,0.0108,0.0213,8:38254711,5:176402142,SplitRead,L+|L+,ACAGAGTGAGATCCTGTCTC(20M/20),*,2,0,2,0,0,4,188,http://10.0.1.7:4384/cnv-cgi/sv.cgi?s=190008263BCD_190008263BPD&p1=8:38254711&p2=5:176402142&lr=LL
0,CTX-2,.,Y,N,Y,16,N,0.0035,0.0070,4:143003118,18:23076635,SplitRead,R-|R-,TAAAAATAAATTTTTATTGGAGGA(24M/2G21),*,2,0,2,0,0,4,574,http://10.0.1.7:4384/cnv-cgi/sv.cgi?s=190008263BCD_190008263BPD&p1=4:143003118&p2=18:23076635&lr=RR
1,CTX-1,.,Y,N,Y,0,N,0.0015,0.0030,6:117653332,11:8913103,SplitRead,R-|L+,GGGATGGAGGAAGATCTACCAAGC(24M/24),*,2,0,2,0,0,4,1332,http://10.0.1.7:4384/cnv-cgi/sv.cgi?s=190008263BCD_190008263BPD&p1=6:117653332&p2=11:8913103&lr=RL
0,CTX-2,.,Y,N,Y,0,N,0.0062,0.0123,13:49034059,1:98161705,SplitRead,L+|L+,TCAAAAAAAAAAGAAAGAACAAAG(24M/19A4),*,2,0,2,0,0,4,325,http://10.0.1.7:4384/cnv-cgi/sv.cgi?s=190008263BCD_190008263BPD&p1=13:49034059&p2=1:98161705&lr=LL
0,CTX-2,.,Y,N,Y,0,N,0.6667,0.8000,17:29662313,6:112645555,SplitRead,L+|L+,ATATAATCCTATATAATTATATAC(24M/7A0A15),*,2,0,2,0,0,4,5,http://10.0.1.7:4384/cnv-cgi/sv.cgi?s=190008263BCD_190008263BPD&p1=17:29662313&p2=6:112645555&lr=LL
0,CTX-2,.,Y,N,Y,0,N,0.0364,0.0702,10:8111235,16:80593134,SplitRead,R-|R-,GGGCAGGAGGGCAGGAACGGGG(22M/10A6A4),*,2,0,2,0,0,4,57,http://10.0.1.7:4384/cnv-cgi/sv.cgi?s=190008263BCD_190008263BPD&p1=10:8111235&p2=16:80593134&lr=RR
0,CTX-1,.,Y,N,Y,9,N,0.0085,0.0169,14:35871442,13:79751157,SplitRead,R-|L+,GTAAGCTATTAAAAAAAGGG(20M/1G18),*,2,0,2,0,0,4,237,http://10.0.1.7:4384/cnv-cgi/sv.cgi?s=190008263BCD_190008263BPD&p1=14:35871442&p2=13:79751157&lr=RL
0,DUP/ITX,.,Y,N,Y,15,N,0.0952,0.1739,6:29795532,6:31430890,SplitRead,R-|L+,TTCTCACTGCCATTGGGTGTTG(22M/8T13),*,2,0,2,0,0,4,23,http://10.0.1.7:4384/cnv-cgi/sv.cgi?s=190008263BCD_190008263BPD&p1=6:29795532&p2=6:31430890&lr=RL
1,CTX-2,.,Y,N,Y,0,N,0.0052,0.0104,12:12018185,6:34696013,SplitRead,R-|R-,TTTTATCTATTTTTTAAATTTTTTTTTTTTTTTTTTTTTTT(41M/3G2T2A31),*,2,0,2,0,0,4,384,http://10.0.1.7:4384/cnv-cgi/sv.cgi?s=190008263BCD_190008263BPD&p1=12:12018185&p2=6:34696013&lr=RR
0,CTX-2,.,Y,N,Y,0,N,0.0169,0.0252,1:148876620,21:11026543,SplitRead,L+|L+,AGATAAGGAGTCAAAGAGGAAGGTATGA(28M/25A2),*,1,0,1,0,1,3,119,http://10.0.1.7:4384/cnv-cgi/sv.cgi?s=190008263BCD_190008263BPD&p1=1:148876620&p2=21:11026543&lr=LL
0,CTX-2,.,Y,N,Y,60,Y,0.0016,0.0024,16:3779749,20:7865675,SplitRead,R-|R-,AAGAAGGTGTGAGAGAAAAGAAGGGTCAAGAATGACTGAAG(41M/23A17),*,1,0,1,0,1,3,1231,http://10.0.1.7:4384/cnv-cgi/sv.cgi?s=190008263BCD_190008263BPD&p1=16:3779749&p2=20:7865675&lr=RR
0,CTX-2,.,Y,N,Y,60,Y,0.0035,0.0053,2:29375897,3:130444186,SplitRead,R-|R-,CAGTAAGAAACAAACCAGTAAGAAAAAAAACAA(33M/33),*,1,0,1,0,1,3,570,http://10.0.1.7:4384/cnv-cgi/sv.cgi?s=190008263BCD_190008263BPD&p1=2:29375897&p2=3:130444186&lr=RR
0,CTX-1,.,Y,N,Y,60,Y,0.0018,0.0028,12:133245475,17:20188741,SplitRead,L+|R-,TAAACCCTCCTAGAGACCTATAACCAGTTTTGGAGATGG(39M/39),*,1,0,1,0,1,3,1086,http://10.0.1.7:4384/cnv-cgi/sv.cgi?s=190008263BCD_190008263BPD&p1=12:133245475&p2=17:20188741&lr=LR
0,CTX-1,.,Y,N,Y,60,Y,0.0026,0.0040,1:11190873,17:47910389,SplitRead,L+|R-,TGTCACCAAGAAGGAAACAAAGGATTTCCCAGCGATGTGAAATGACCCTG(50M/26G10A6T5),*,1,0,1,0,1,3,758,http://10.0.1.7:4384/cnv-cgi/sv.cgi?s=190008263BCD_190008263BPD&p1=1:11190873&p2=17:47910389&lr=LR
