Gene	testCode	geneCaptExon	meanDep	maxDep	minDep	10Xcover	20Xcover	50Xcover	100Xcover	200Xcover	500Xcover	1000Xcover
ERRFI1	C1021	100%	2869	3902	940	100.00%	100.00%	100.00%	100.00%	100.00%	100.00%	99.50%
CRKL	C1021,P1021,E73	100%	2600	3549	1577	100.00%	100.00%	100.00%	100.00%	100.00%	100.00%	100.00%
HIST1H4I	C1021	38.4615%	1587	1914	1312	100.00%	100.00%	100.00%	100.00%	100.00%	100.00%	100.00%
HSPA8	C1021	59.1133%	1928	2163	1674	100.00%	100.00%	100.00%	100.00%	100.00%	100.00%	100.00%
PCSK6	C1021	69.3642%	2284	2743	1621	100.00%	100.00%	100.00%	100.00%	100.00%	100.00%	100.00%
MEN1	C1021,H41,H62,HE15,FC59,H68,MC58,H54	100%	2479	3352	1391	100.00%	100.00%	100.00%	100.00%	100.00%	100.00%	100.00%
IL6ST	C1021	67.9572%	2153	3445	216	100.00%	100.00%	100.00%	100.00%	100.00%	98.66%	97.09%
B2M	C1021,Lym79,Lym93	100%	1764	2349	451	100.00%	100.00%	100.00%	100.00%	100.00%	89.26%	81.27%
LIFR	C1021	56.0748%	1436	1850	906	100.00%	100.00%	100.00%	100.00%	100.00%	100.00%	93.33%
IFITM3	C1021	48.1928%	1473	1698	1269	100.00%	100.00%	100.00%	100.00%	100.00%	100.00%	100.00%
PDCD11	C1021	57.971%	1973	2724	1041	100.00%	100.00%	100.00%	100.00%	100.00%	100.00%	100.00%
DUSP22	C1021,Lym79,Lym93	69.7674%	4134	5556	2939	100.00%	100.00%	100.00%	100.00%	100.00%	100.00%	100.00%
OGDH	C1021	81.6327%	1786	2047	1447	100.00%	100.00%	100.00%	100.00%	100.00%	100.00%	100.00%
CDC73	C1021,H41,H62,HE15,FC59,H68,MC58,H54	100%	1976	2915	994	100.00%	100.00%	100.00%	100.00%	100.00%	100.00%	99.94%
PIK3CA	C1021,DB16,DC16,DG11,E59,Lym79,Lym93,P1021,E73	105.737%	2380	3671	1167	100.00%	100.00%	100.00%	100.00%	100.00%	100.00%	100.00%
PIK3CB	C1021,P1021	100%	2191	3278	837	100.00%	100.00%	100.00%	100.00%	100.00%	100.00%	99.66%
C11orf30	C1021,P1021	100%	2752	3576	1130	100.00%	100.00%	100.00%	100.00%	100.00%	100.00%	100.00%
PIK3CG	C1021	100%	2613	3556	949	100.00%	100.00%	100.00%	100.00%	100.00%	100.00%	99.82%
SLC34A2	C1021	23.4234%	2069	2533	1309	100.00%	100.00%	100.00%	100.00%	100.00%	100.00%	100.00%
KDM2B	C1021	95.2381%	1012	1434	591	100.00%	100.00%	100.00%	100.00%	100.00%	100.00%	42.50%
PRF1	C1021	10.6289%	2303	2965	1621	100.00%	100.00%	100.00%	100.00%	100.00%	100.00%	100.00%
SF3A1	C1021	82.3529%	2122	2568	1369	100.00%	100.00%	100.00%	100.00%	100.00%	100.00%	100.00%
FOXQ1	C1021	9.90099%	1693	2306	1050	100.00%	100.00%	100.00%	100.00%	100.00%	100.00%	100.00%
CBLB	C1021	47.2441%	2023	2688	1132	100.00%	100.00%	100.00%	100.00%	100.00%	100.00%	100.00%
IGF1R	C1021,P1021	100%	2393	3627	498	100.00%	100.00%	100.00%	100.00%	100.00%	99.98%	98.62%
STK11	C1021,DB16,E59,P1021,E73,H41,H62,HB23,HD31,HG15,HP16,FC59,FH44,H68,HBO28,HC22,HD32,MC58,MH43,H54	100%	2064	2803	775	100.00%	100.00%	100.00%	100.00%	100.00%	100.00%	99.31%
DIAPH1	C1021,P1021	85.7143%	1620	2025	1129	100.00%	100.00%	100.00%	100.00%	100.00%	100.00%	100.00%
DYSF	C1021,P1021	81.0811%	1908	2298	1230	100.00%	100.00%	100.00%	100.00%	100.00%	100.00%	100.00%
NUP98	C1021	63.8298%	1826	2320	1249	100.00%	100.00%	100.00%	100.00%	100.00%	100.00%	100.00%
WRN	NA	99.6976%	2097	3177	553	100.00%	100.00%	100.00%	100.00%	100.00%	100.00%	98.73%
NUP93	NA	69.2913%	1805	2705	966	100.00%	100.00%	100.00%	100.00%	100.00%	100.00%	97.18%
TCEB1	C1021	62.8272%	1089	1633	481	100.00%	100.00%	100.00%	100.00%	100.00%	95.83%	56.67%
PCSK7	C1021	76.4331%	2448	2925	1786	100.00%	100.00%	100.00%	100.00%	100.00%	100.00%	100.00%
PIK3C2B	C1021	34.3023%	2156	3455	1057	100.00%	100.00%	100.00%	100.00%	100.00%	100.00%	100.00%
PIK3C2A	C1021	95.2381%	1957	2564	1297	100.00%	100.00%	100.00%	100.00%	100.00%	100.00%	100.00%
SNCAIP	C1021	13.7615%	1987	2676	1456	100.00%	100.00%	100.00%	100.00%	100.00%	100.00%	100.00%
PIK3C2G	C1021	95.2381%	1654	2216	1175	100.00%	100.00%	100.00%	100.00%	100.00%	100.00%	100.00%
SMARCD1	NA	80%	1850	2359	1344	100.00%	100.00%	100.00%	100.00%	100.00%	100.00%	100.00%
GALNT12	C1021,H41,H62,HD31,FC59,FH44,H68,HC22,HD32,MC58,MH43,H54	98.6254%	2455	3643	1082	100.00%	100.00%	100.00%	100.00%	100.00%	100.00%	100.00%
CYP3A4	C1021,P1021	68.2692%	1800	2341	1246	100.00%	100.00%	100.00%	100.00%	100.00%	100.00%	100.00%
PIK3C3	NA	64.5161%	1474	2066	859	100.00%	100.00%	100.00%	100.00%	100.00%	100.00%	92.50%
GATA2	C1021	25.4777%	1815	2310	1302	100.00%	100.00%	100.00%	100.00%	100.00%	100.00%	100.00%
GATA3	C1021,Lym79,Lym93,P1021	100%	2980	4084	1498	100.00%	100.00%	100.00%	100.00%	100.00%	100.00%	100.00%
ARID5B	NA	59.2965%	2338	2620	1736	100.00%	100.00%	100.00%	100.00%	100.00%	100.00%	100.00%
MYD88	C1021,Lym79,Lym93,P1021	100%	2061	2919	949	100.00%	100.00%	100.00%	100.00%	100.00%	100.00%	99.89%
KCNJ5	C1021	12.8068%	2385	2651	1943	100.00%	100.00%	100.00%	100.00%	100.00%	100.00%	100.00%
HNRPDL	C1021	27.088%	1296	1671	754	100.00%	100.00%	100.00%	100.00%	100.00%	100.00%	80.00%
POU2AF1	C1021	45.1128%	2371	2814	1980	100.00%	100.00%	100.00%	100.00%	100.00%	100.00%	100.00%
CCND1	C1021,DB16,E59,Lym79,Lym93,P1021,E73	100%	2540	3612	1015	100.00%	100.00%	100.00%	100.00%	100.00%	100.00%	100.00%
WHSC1	C1021,Lym79,Lym93	71.8563%	1844	2438	1157	100.00%	100.00%	100.00%	100.00%	100.00%	100.00%	100.00%
CCND3	C1021,Lym79,Lym93,P1021	100%	1560	2294	780	100.00%	100.00%	100.00%	100.00%	100.00%	100.00%	95.59%
CCND2	C1021,Lym79,Lym93,P1021	100%	2264	3118	950	100.00%	100.00%	100.00%	100.00%	100.00%	100.00%	99.89%
ERBB2	C1021,DB16,DC16,DG11,E59,P1021,E73	100%	2864	3818	1151	100.00%	100.00%	100.00%	100.00%	100.00%	100.00%	100.00%
AKAP9	C1021	5.02513%	1935	2321	1427	100.00%	100.00%	100.00%	100.00%	100.00%	100.00%	100.00%
CD33	C1021	70.1754%	1896	2396	1037	100.00%	100.00%	100.00%	100.00%	100.00%	100.00%	100.00%
PTEN	C1021,DB16,DC16,E59,Lym79,Lym93,P1021,E73,H41,H62,HB23,HD31,FC59,FH44,H68,HBO28,HC22,HD32,HR14,MC58,MH43,H54	100%	2223	3006	838	100.00%	100.00%	100.00%	100.00%	100.00%	100.00%	99.26%
TCF12	C1021	51.5021%	2279	2463	2080	100.00%	100.00%	100.00%	100.00%	100.00%	100.00%	100.00%
NTHL1	C1021,FC59,FH44,H68,HC22,HD32,MC58,MH43	100%	2389	3268	682	100.00%	100.00%	100.00%	100.00%	100.00%	100.00%	95.98%
LZTS1	C1021	14.9254%	1992	2839	994	100.00%	100.00%	100.00%	100.00%	100.00%	100.00%	99.17%
PLXNA1	C1021,P1021	10.0503%	1753	2421	1113	100.00%	100.00%	100.00%	100.00%	100.00%	100.00%	100.00%
CTCF	C1021,P1021	100%	2664	3585	1677	100.00%	100.00%	100.00%	100.00%	100.00%	100.00%	100.00%
IL7R	C1021,P1021	100%	2396	3446	938	100.00%	100.00%	100.00%	100.00%	100.00%	100.00%	99.86%
TNFSF11	NA	28.436%	1733	2172	1279	100.00%	100.00%	100.00%	100.00%	100.00%	100.00%	100.00%
RASGRP1	C1021	77.9221%	1817	2452	1016	100.00%	100.00%	100.00%	100.00%	100.00%	100.00%	100.00%
MMP11	C1021	52.1739%	2377	2835	1811	100.00%	100.00%	100.00%	100.00%	100.00%	100.00%	100.00%
ACVR1B	C1021	100%	2416	3125	607	100.00%	100.00%	100.00%	100.00%	100.00%	100.00%	97.09%
CDKN1B	C1021,P1021,H41,H62,HE15,FC59,H68,MC58,H54	100%	1861	2765	742	100.00%	100.00%	100.00%	100.00%	100.00%	100.00%	93.82%
CDKN1A	C1021,P1021	100%	2754	3764	1618	100.00%	100.00%	100.00%	100.00%	100.00%	100.00%	100.00%
UBE2D2	C1021	100%	1513	1802	1101	100.00%	100.00%	100.00%	100.00%	100.00%	100.00%	100.00%
RIT1	C1021	51.9481%	1756	2202	1162	100.00%	100.00%	100.00%	100.00%	100.00%	100.00%	100.00%
MLL3	C1021,P1021	99.7353%	2840	14057	745	100.00%	100.00%	100.00%	100.00%	100.00%	100.00%	99.23%
MLL2	C1021,Lym79,Lym93	100.722%	2581	3670	243	100.00%	100.00%	100.00%	100.00%	100.00%	99.89%	99.49%
ACVRL1	C1021	60.6061%	2244	2879	1460	100.00%	100.00%	100.00%	100.00%	100.00%	100.00%	100.00%
BRD3	C1021,P1021	74.4577%	2278	3585	891	100.00%	100.00%	100.00%	100.00%	100.00%	100.00%	99.35%
SETBP1	C1021	5.88235%	2053	2795	1217	100.00%	100.00%	100.00%	100.00%	100.00%	100.00%	100.00%
MLL4	C1021,P1021	43.4783%	1883	2207	1548	100.00%	100.00%	100.00%	100.00%	100.00%	100.00%	100.00%
TMEM132D	C1021,P1021	13.4983%	1768	2270	1260	100.00%	100.00%	100.00%	100.00%	100.00%	100.00%	100.00%
BAZ2B	C1021	19.7694%	1711	2067	1148	100.00%	100.00%	100.00%	100.00%	100.00%	100.00%	100.00%
APOBEC3B	C1021	40.678%	2642	3381	1802	100.00%	100.00%	100.00%	100.00%	100.00%	100.00%	100.00%
XPO1	C1021,Lym79,Lym93,P1021	100%	2280	3201	1106	100.00%	100.00%	100.00%	100.00%	100.00%	100.00%	100.00%
SOX10	C1021	44.6097%	2228	3023	1232	100.00%	100.00%	100.00%	100.00%	100.00%	100.00%	100.00%
CCT3	C1021,P1021	100%	1976	2330	1412	100.00%	100.00%	100.00%	100.00%	100.00%	100.00%	100.00%
ARID2	C1021	99.4553%	2513	3463	400	100.00%	100.00%	100.00%	100.00%	100.00%	99.84%	98.60%
NRAS	C1021,DC16,DG11,E59,P1021,E73	130%	2432	3124	1020	100.00%	100.00%	100.00%	100.00%	100.00%	100.00%	100.00%
CCT5	C1021	64.5161%	2213	2849	1548	100.00%	100.00%	100.00%	100.00%	100.00%	100.00%	100.00%
EPPK1	C1021	1.65221%	9598	11266	7575	100.00%	100.00%	100.00%	100.00%	100.00%	100.00%	100.00%
JAK2	C1021,E59,Lym79,Lym93,P1021,E73	105.531%	2188	3006	982	100.00%	100.00%	100.00%	100.00%	100.00%	100.00%	99.85%
JAK3	C1021,Lym79,Lym93,P1021	100%	2276	3203	725	100.00%	100.00%	100.00%	100.00%	100.00%	100.00%	99.32%
H3F3A	C1021	93.75%	668	911	364	100.00%	100.00%	100.00%	100.00%	100.00%	82.50%	0.00%
JAK1	C1021,Lym79,Lym93,P1021	100%	2470	3210	1160	100.00%	100.00%	100.00%	100.00%	100.00%	100.00%	100.00%
OPCML	C1021	51.5021%	1484	1844	1013	100.00%	100.00%	100.00%	100.00%	100.00%	100.00%	100.00%
GRM3	C1021	100%	2634	3538	1315	100.00%	100.00%	100.00%	100.00%	100.00%	100.00%	100.00%
FAM123B	C1021	97.7993%	1609	2094	905	100.00%	100.00%	100.00%	100.00%	100.00%	100.00%	99.19%
TMEM127	C1021,H62,HE15,FC59,H68,MC58,H54	100%	2459	3105	1647	100.00%	100.00%	100.00%	100.00%	100.00%	100.00%	100.00%
KCNQ2	C1021,P1021	53.5714%	2910	3436	2283	100.00%	100.00%	100.00%	100.00%	100.00%	100.00%	100.00%
BLM	C1021,H41,H62,HD31,FC59,FH44,H68,HC22,HD32,MC58,MH43,H54	99.906%	2081	2901	574	100.00%	100.00%	100.00%	100.00%	100.00%	100.00%	98.69%
CUX1	C1021	23.7389%	1810	2383	1128	100.00%	100.00%	100.00%	100.00%	100.00%	100.00%	100.00%
HOXC13	C1021	46.6926%	1919	2643	1252	100.00%	100.00%	100.00%	100.00%	100.00%	100.00%	100.00%
HSPH1	C1021	57.971%	1790	2210	1197	100.00%	100.00%	100.00%	100.00%	100.00%	100.00%	100.00%
VEGFA	C1021,P1021	100.715%	2395	3583	1034	100.00%	100.00%	100.00%	100.00%	100.00%	100.00%	100.00%
MSH6	C1021,DC16,E59,P1021,E73,C1021,H41,H62,HB23,HD31,HG15,HP16,FC59,FH44,H68,HBO28,HC22,HD32,HR14,LS5,MC58,MH43,H54	100%	2576	3480	1263	100.00%	100.00%	100.00%	100.00%	100.00%	100.00%	100.00%
PPP1R17	C1021,P1021	78.4314%	1568	2010	1013	100.00%	100.00%	100.00%	100.00%	100.00%	100.00%	100.00%
INPPL1	C1021	76.9231%	2350	2604	2015	100.00%	100.00%	100.00%	100.00%	100.00%	100.00%	100.00%
HMCN1	C1021,P1021	50.4202%	2008	2298	1527	100.00%	100.00%	100.00%	100.00%	100.00%	100.00%	100.00%
ING1	C1021	17.0455%	2078	2518	1555	100.00%	100.00%	100.00%	100.00%	100.00%	100.00%	100.00%
PSIP1	C1021,P1021	56.0748%	1746	2177	1143	100.00%	100.00%	100.00%	100.00%	100.00%	100.00%	100.00%
CSNK1A1	C1021	85.7143%	2055	2587	1406	100.00%	100.00%	100.00%	100.00%	100.00%	100.00%	100.00%
BCL2A1	C1021	28.5714%	1095	1468	673	100.00%	100.00%	100.00%	100.00%	100.00%	100.00%	63.33%
SRD5A2	C1021	79.4702%	2023	2354	1382	100.00%	100.00%	100.00%	100.00%	100.00%	100.00%	100.00%
CBL	C1021,P1021	100%	2362	3438	1027	100.00%	100.00%	100.00%	100.00%	100.00%	100.00%	100.00%
GPX1	C1021	33.3333%	1290	1656	849	100.00%	100.00%	100.00%	100.00%	100.00%	100.00%	82.50%
PRDM1	C1021,Lym79,Lym93	100%	2846	3919	997	100.00%	100.00%	100.00%	100.00%	100.00%	100.00%	99.96%
SLC22A2	C1021	55.7292%	1855	2458	1147	100.00%	100.00%	100.00%	100.00%	100.00%	100.00%	100.00%
SLC22A3	C1021	77.4194%	1850	2459	1263	100.00%	100.00%	100.00%	100.00%	100.00%	100.00%	100.00%
HLF	C1021	55.5556%	2546	3008	2043	100.00%	100.00%	100.00%	100.00%	100.00%	100.00%	100.00%
FLNC	C1021,P1021	34.0909%	1496	2077	739	100.00%	100.00%	100.00%	100.00%	100.00%	100.00%	89.17%
C8orf34	C1021	71.8563%	1706	1995	1274	100.00%	100.00%	100.00%	100.00%	100.00%	100.00%	100.00%
EIF4A2	NA	78.1991%	1541	1945	917	100.00%	100.00%	100.00%	100.00%	100.00%	100.00%	97.89%
MYH11	C1021	56.338%	2409	3061	1583	100.00%	100.00%	100.00%	100.00%	100.00%	100.00%	100.00%
MAP3K1	C1021,P1021	98.2816%	2305	3391	787	100.00%	100.00%	100.00%	100.00%	100.00%	100.00%	98.88%
MYH14	C1021	57.4163%	2400	3011	1537	100.00%	100.00%	100.00%	100.00%	100.00%	100.00%	100.00%
GIGYF1	C1021,P1021	70.1754%	1845	2172	1510	100.00%	100.00%	100.00%	100.00%	100.00%	100.00%	100.00%
POLQ	C1021	3.86225%	1764	2385	862	100.00%	100.00%	100.00%	100.00%	100.00%	100.00%	97.50%
SMAD4	C1021,H41,H62,HD31,HG15,HP16,FC59,FH44,H68,HC22,HD32,MC58,MH43,H54	98.9753%	2370	3065	1297	100.00%	100.00%	100.00%	100.00%	100.00%	100.00%	100.00%
PAG1	C1021	19.9336%	1832	2342	1265	100.00%	100.00%	100.00%	100.00%	100.00%	100.00%	100.00%
TLE1	C1021,P1021	100%	1582	2012	1052	100.00%	100.00%	100.00%	100.00%	100.00%	100.00%	100.00%
HIST1H2BC	C1021	31.4961%	1072	1281	801	100.00%	100.00%	100.00%	100.00%	100.00%	100.00%	70.00%
SRGAP1	C1021	88.8889%	1298	1935	542	100.00%	100.00%	100.00%	100.00%	100.00%	100.00%	70.00%
SRGAP3	C1021	36.5854%	2123	2874	1292	100.00%	100.00%	100.00%	100.00%	100.00%	100.00%	100.00%
MIB1	C1021	58.5366%	1953	2416	1523	100.00%	100.00%	100.00%	100.00%	100.00%	100.00%	100.00%
SPTA1	C1021,P1021	59.1133%	2017	2681	1470	100.00%	100.00%	100.00%	100.00%	100.00%	100.00%	100.00%
POLE	C1021,P1021,H41,H62,HD31,FC59,FH44,H68,HC22,HD32,MC58,MH43,H54	100%	2645	3833	973	100.00%	100.00%	100.00%	100.00%	100.00%	100.00%	99.90%
ARFGEF2	C1021	70.5882%	1739	2054	1413	100.00%	100.00%	100.00%	100.00%	100.00%	100.00%	100.00%
TRIM58	C1021,P1021	51.9481%	1822	2246	1201	100.00%	100.00%	100.00%	100.00%	100.00%	100.00%	100.00%
REL	C1021	83.9161%	1655	2272	927	100.00%	100.00%	100.00%	100.00%	100.00%	100.00%	95.00%
FH	C1021,H41,H62,FC59,H68,HR14,MC58,H54	100%	2484	3265	1220	100.00%	100.00%	100.00%	100.00%	100.00%	100.00%	100.00%
IGF2R	C1021	54.7945%	2042	2508	1609	100.00%	100.00%	100.00%	100.00%	100.00%	100.00%	100.00%
COL2A1	C1021	49.3827%	2328	3062	1492	100.00%	100.00%	100.00%	100.00%	100.00%	100.00%	100.00%
SPSB4	C1021	17.2911%	1996	2542	1414	100.00%	100.00%	100.00%	100.00%	100.00%	100.00%	100.00%
NCOA3	NA	78.3051%	2171	2868	1042	100.00%	100.00%	100.00%	100.00%	100.00%	100.00%	100.00%
TLL2	C1021	100%	2030	2944	1078	100.00%	100.00%	100.00%	100.00%	100.00%	100.00%	100.00%
HIST1H2BO	C1021	31.4961%	1469	1894	910	100.00%	100.00%	100.00%	100.00%	100.00%	100.00%	94.17%
NCOA4	C1021	41.6667%	1716	2181	1317	100.00%	100.00%	100.00%	100.00%	100.00%	100.00%	100.00%
ASPM	C1021	8.10811%	1905	2489	990	100.00%	100.00%	100.00%	100.00%	100.00%	100.00%	97.50%
NR2F2	C1021	22.7273%	1732	2163	1019	100.00%	100.00%	100.00%	100.00%	100.00%	100.00%	100.00%
RET	C1021,E59,P1021,E73,H41,H62,HE15,FC59,H68,MC58,H54	102.003%	2841	4247	1296	100.00%	100.00%	100.00%	100.00%	100.00%	100.00%	100.00%
RBM10	C1021	98.2932%	1234	1784	393	100.00%	100.00%	100.00%	100.00%	100.00%	99.12%	81.76%
CDH18	C1021,P1021	24.4399%	1606	1944	1175	100.00%	100.00%	100.00%	100.00%	100.00%	100.00%	100.00%
BRWD1	C1021	79.4702%	1971	2502	1376	100.00%	100.00%	100.00%	100.00%	100.00%	100.00%	100.00%
PRDM16	C1021	70.5882%	2147	2565	1472	100.00%	100.00%	100.00%	100.00%	100.00%	100.00%	100.00%
LAMA2	C1021	75%	1990	2661	1223	100.00%	100.00%	100.00%	100.00%	100.00%	100.00%	100.00%
EPAS1	C1021	100.038%	2769	4077	1293	100.00%	100.00%	100.00%	100.00%	100.00%	100.00%	100.00%
FCGR3A	C1021,P1021	57.2581%	2879	4197	1537	100.00%	100.00%	100.00%	100.00%	100.00%	100.00%	100.00%
SULT1A1	C1021	66.2983%	1599	2004	1080	100.00%	100.00%	100.00%	100.00%	100.00%	100.00%	100.00%
RXRA	C1021	66.6667%	1132	1426	652	100.00%	100.00%	100.00%	100.00%	100.00%	100.00%	72.50%
LYN	C1021	77.9221%	1730	1928	1452	100.00%	100.00%	100.00%	100.00%	100.00%	100.00%	100.00%
FRMPD4	C1021,P1021	9.30233%	1006	1304	658	100.00%	100.00%	100.00%	100.00%	100.00%	100.00%	56.67%
SH2B3	NA	25.4425%	1949	2531	886	100.00%	100.00%	100.00%	100.00%	100.00%	100.00%	97.39%
MAX	C1021,H62,HE15,FC59,H68,MC58,H54	100%	1852	2721	722	100.00%	100.00%	100.00%	100.00%	100.00%	100.00%	91.39%
LEF1	C1021	73.6196%	1702	2068	1311	100.00%	100.00%	100.00%	100.00%	100.00%	100.00%	100.00%
PTPRD	C1021,P1021	100%	2434	3548	954	100.00%	100.00%	100.00%	100.00%	100.00%	100.00%	99.91%
YAP1	NA	50.2092%	1925	2580	1212	100.00%	100.00%	100.00%	100.00%	100.00%	100.00%	100.00%
CYP2C8	C1021	66.6139%	1912	2704	1223	100.00%	100.00%	100.00%	100.00%	100.00%	100.00%	100.00%
ZNF638	C1021	40.1338%	2012	2604	1081	100.00%	100.00%	100.00%	100.00%	100.00%	100.00%	100.00%
ALK	C1021,E59,Lym79,Lym93,P1021,E73	100.206%	2701	3951	569	100.00%	100.00%	100.00%	100.00%	100.00%	100.00%	98.45%
BMPR1A	C1021,H41,H62,HD31,HG15,HP16,FC59,FH44,H68,HC22,HD32,MC58,MH43,H54	100%	2551	3725	1235	100.00%	100.00%	100.00%	100.00%	100.00%	100.00%	100.00%
F8	C1021,P1021	3.86349%	1230	1443	965	100.00%	100.00%	100.00%	100.00%	100.00%	100.00%	93.33%
IL21R	C1021	16%	2304	2831	1814	100.00%	100.00%	100.00%	100.00%	100.00%	100.00%	100.00%
ALB	C1021	53.125%	1930	2433	1314	100.00%	100.00%	100.00%	100.00%	100.00%	100.00%	100.00%
MAP2K1	C1021,E59,Lym79,Lym93,P1021,E73	100%	2288	3110	1255	100.00%	100.00%	100.00%	100.00%	100.00%	100.00%	100.00%
TP73	C1021	87.2841%	2465	3595	983	100.00%	100.00%	100.00%	100.00%	100.00%	100.00%	99.76%
TAF1L	C1021	2.18938%	2236	2753	1361	100.00%	100.00%	100.00%	100.00%	100.00%	100.00%	100.00%
SI	C1021,P1021	77.4194%	1350	1840	882	100.00%	100.00%	100.00%	100.00%	100.00%	100.00%	85.00%
NTM	C1021,P1021	99.1736%	1377	1744	788	100.00%	100.00%	100.00%	100.00%	100.00%	100.00%	90.83%
ATP1A1	C1021	44.6097%	1705	2344	1038	100.00%	100.00%	100.00%	100.00%	100.00%	100.00%	100.00%
PBRM1	C1021	99.3262%	2245	3486	846	100.00%	100.00%	100.00%	100.00%	100.00%	100.00%	99.62%
CUL3	C1021	100%	2193	3160	618	100.00%	100.00%	100.00%	100.00%	100.00%	100.00%	96.47%
G3BP2	C1021	43.956%	2271	2788	1801	100.00%	100.00%	100.00%	100.00%	100.00%	100.00%	100.00%
ATP11B	C1021	68.1818%	1784	2263	1334	100.00%	100.00%	100.00%	100.00%	100.00%	100.00%	100.00%
H3F3B	NA	71.4286%	906	1120	701	100.00%	100.00%	100.00%	100.00%	100.00%	100.00%	34.55%
DHX9	C1021,P1021	34.0909%	2124	2609	1537	100.00%	100.00%	100.00%	100.00%	100.00%	100.00%	100.00%
EEF1A1	C1021,P1021	83.3333%	1459	1824	839	100.00%	100.00%	100.00%	100.00%	100.00%	100.00%	94.17%
EGFR	C1021,DC16,E59,P1021,E73	105.23%	2572	3721	1326	100.00%	100.00%	100.00%	100.00%	100.00%	100.00%	100.00%
CTNNB1	C1021,E59,P1021,E73	100%	2443	3389	1419	100.00%	100.00%	100.00%	100.00%	100.00%	100.00%	100.00%
PLCG2	C1021,Lym79,Lym93	64.8649%	2115	2633	1332	100.00%	100.00%	100.00%	100.00%	100.00%	100.00%	100.00%
PLCG1	C1021	63.8298%	1904	2523	1284	100.00%	100.00%	100.00%	100.00%	100.00%	100.00%	100.00%
ERG	C1021,P1021	100%	2457	3215	1081	100.00%	100.00%	100.00%	100.00%	100.00%	100.00%	100.00%
MITF	C1021,P1021	99.936%	2465	3545	1059	100.00%	100.00%	100.00%	100.00%	100.00%	100.00%	100.00%
C15orf55	C1021	16.9252%	1750	2369	865	100.00%	100.00%	100.00%	100.00%	100.00%	100.00%	98.33%
HOXD11	C1021	15.3649%	1741	2161	1243	100.00%	100.00%	100.00%	100.00%	100.00%	100.00%	100.00%
OR11G2	C1021	23.1214%	2001	2733	1163	100.00%	100.00%	100.00%	100.00%	100.00%	100.00%	100.00%
ASXL1	C1021	99.7406%	2962	4388	673	100.00%	100.00%	100.00%	100.00%	100.00%	100.00%	98.96%
RPTOR	C1021,P1021	100%	2365	3747	1009	100.00%	100.00%	100.00%	100.00%	100.00%	100.00%	100.00%
EPS15	C1021	60.6061%	2186	2341	1895	100.00%	100.00%	100.00%	100.00%	100.00%	100.00%	100.00%
MYOD1	NA	19.0476%	2274	2692	1675	100.00%	100.00%	100.00%	100.00%	100.00%	100.00%	100.00%
DPYD	C1021,E73	62.8571%	2066	3123	1068	100.00%	100.00%	100.00%	100.00%	100.00%	100.00%	100.00%
MAD1L1	C1021	62.8272%	1807	2274	1272	100.00%	100.00%	100.00%	100.00%	100.00%	100.00%	100.00%
CDK13	C1021,P1021	80.1916%	2238	3527	1102	100.00%	100.00%	100.00%	100.00%	100.00%	100.00%	100.00%
CHI3L1	C1021,P1021	55.5241%	1923	2534	1291	100.00%	100.00%	100.00%	100.00%	100.00%	100.00%	100.00%
HNF1B	NA	68.323%	2213	2733	1754	100.00%	100.00%	100.00%	100.00%	100.00%	100.00%	100.00%
XPC	C1021	17.0754%	1771	2321	898	100.00%	100.00%	100.00%	100.00%	100.00%	100.00%	95.21%
GPR124	C1021	55.2995%	2453	2859	1805	100.00%	100.00%	100.00%	100.00%	100.00%	100.00%	100.00%
HNF1A	C1021	99.0506%	2962	4004	1770	100.00%	100.00%	100.00%	100.00%	100.00%	100.00%	100.00%
PGR	C1021	39.2157%	1560	1898	1036	100.00%	100.00%	100.00%	100.00%	100.00%	100.00%	100.00%
SLIT2	C1021	69.7322%	1766	2740	939	100.00%	100.00%	100.00%	100.00%	100.00%	100.00%	98.83%
SLIT1	C1021	83.3333%	1867	2550	1080	100.00%	100.00%	100.00%	100.00%	100.00%	100.00%	100.00%
CXCR4	Lym79,Lym93	22.9885%	1612	2059	947	100.00%	100.00%	100.00%	100.00%	100.00%	100.00%	97.08%
MNDA	C1021	28.777%	1718	2115	1330	100.00%	100.00%	100.00%	100.00%	100.00%	100.00%	100.00%
NLRC3	C1021,P1021	6.85714%	2261	2533	1931	100.00%	100.00%	100.00%	100.00%	100.00%	100.00%	100.00%
CNOT4	C1021,P1021	39.7351%	1741	2247	1157	100.00%	100.00%	100.00%	100.00%	100.00%	100.00%	100.00%
ITGB3	C1021	27.907%	2338	2598	1998	100.00%	100.00%	100.00%	100.00%	100.00%	100.00%	100.00%
WNK1	C1021	75.9494%	2014	2472	1521	100.00%	100.00%	100.00%	100.00%	100.00%	100.00%	100.00%
SF3B1	C1021,Lym79,Lym93,P1021	100%	2343	3465	674	100.00%	100.00%	100.00%	100.00%	100.00%	100.00%	99.57%
MDC1	NA	4.84262%	1767	2056	1254	100.00%	100.00%	100.00%	100.00%	100.00%	100.00%	100.00%
P2RY8	C1021	11.1111%	1806	2184	1241	100.00%	100.00%	100.00%	100.00%	100.00%	100.00%	100.00%
SUFU	C1021,GO2	99.7938%	2322	3350	504	100.00%	100.00%	100.00%	100.00%	100.00%	100.00%	94.33%
HGF	C1021,P1021	100%	2063	3109	814	100.00%	100.00%	100.00%	100.00%	100.00%	100.00%	98.05%
LCP1	C1021	89.5522%	2222	2611	1719	100.00%	100.00%	100.00%	100.00%	100.00%	100.00%	100.00%
INPP4A	C1021	90.2256%	1998	2372	1632	100.00%	100.00%	100.00%	100.00%	100.00%	100.00%	100.00%
NRP2	C1021	39.3443%	2410	2917	1485	100.00%	100.00%	100.00%	100.00%	100.00%	100.00%	100.00%
HOXB13	C1021,H41,H62,H68,HPro6,MC58,MH43,H54	100%	3455	4549	2497	100.00%	100.00%	100.00%	100.00%	100.00%	100.00%	100.00%
TCL1A	C1021	67.7966%	2023	2592	1402	100.00%	100.00%	100.00%	100.00%	100.00%	100.00%	100.00%
KIF5B	C1021,P1021	47.7612%	1852	2709	932	100.00%	100.00%	100.00%	100.00%	100.00%	100.00%	96.27%
E2F3	NA	60.8142%	1426	1748	1115	100.00%	100.00%	100.00%	100.00%	100.00%	100.00%	100.00%
NCK1	C1021	16.8303%	1475	1943	933	100.00%	100.00%	100.00%	100.00%	100.00%	100.00%	96.67%
FXR1	C1021	58.8235%	1922	2431	1256	100.00%	100.00%	100.00%	100.00%	100.00%	100.00%	100.00%
CALR	NA	24.8756%	1431	1813	1193	100.00%	100.00%	100.00%	100.00%	100.00%	100.00%	100.00%
CCNA1	C1021	53.5714%	2080	2768	1071	100.00%	100.00%	100.00%	100.00%	100.00%	100.00%	100.00%
CDK12	C1021,P1021	100%	2619	3875	774	100.00%	100.00%	100.00%	100.00%	100.00%	100.00%	99.47%
MAP3K13	C1021	25.2632%	1545	2172	827	100.00%	100.00%	100.00%	100.00%	100.00%	100.00%	86.67%
CREBBP	C1021,Lym79,Lym93	100.055%	2622	3787	434	100.00%	100.00%	100.00%	100.00%	100.00%	99.86%	98.54%
FAS	C1021,Lym93	100%	2191	3239	1122	100.00%	100.00%	100.00%	100.00%	100.00%	100.00%	100.00%
EWSR1	C1021	47.4308%	2080	2607	1271	100.00%	100.00%	100.00%	100.00%	100.00%	100.00%	100.00%
SLC1A2	C1021	61.5385%	2292	2702	1828	100.00%	100.00%	100.00%	100.00%	100.00%	100.00%	100.00%
HDAC1	C1021,P1021	100%	2390	3561	1055	100.00%	100.00%	100.00%	100.00%	100.00%	100.00%	100.00%
PCK1	C1021	100%	2645	3753	1286	100.00%	100.00%	100.00%	100.00%	100.00%	100.00%	100.00%
CSF3R	C1021	49.3827%	1564	2113	1005	100.00%	100.00%	100.00%	100.00%	100.00%	100.00%	100.00%
TUSC3	C1021	100%	1765	2069	1483	100.00%	100.00%	100.00%	100.00%	100.00%	100.00%	100.00%
ZFPM2	C1021	4.81541%	1844	2392	1167	100.00%	100.00%	100.00%	100.00%	100.00%	100.00%	100.00%
RPGR	C1021	7.034%	1024	1214	781	100.00%	100.00%	100.00%	100.00%	100.00%	100.00%	57.50%
SF1	C1021,P1021	65.2174%	1801	2389	1209	100.00%	100.00%	100.00%	100.00%	100.00%	100.00%	100.00%
VTCN1	NA	56.9307%	2045	2632	1406	100.00%	100.00%	100.00%	100.00%	100.00%	100.00%	100.00%
ARAF	C1021,P1021	100%	1190	1771	489	100.00%	100.00%	100.00%	100.00%	100.00%	99.84%	81.70%
FCGR1A	C1021	42.1053%	1788	2142	1283	100.00%	100.00%	100.00%	100.00%	100.00%	100.00%	100.00%
IKBKE	C1021,P1021	100%	2443	3841	909	100.00%	100.00%	100.00%	100.00%	100.00%	100.00%	99.22%
ROS1	C1021,DG11,E59,P1021,E73	102.868%	2455	3481	1189	100.00%	100.00%	100.00%	100.00%	100.00%	100.00%	100.00%
RARA	C1021,P1021	100%	2138	2985	910	100.00%	100.00%	100.00%	100.00%	100.00%	100.00%	99.71%
ANKRD30A	C1021,P1021	100%	2513	2940	1687	100.00%	100.00%	100.00%	100.00%	100.00%	100.00%	100.00%
TUBA3C	C1021,P1021	17.6211%	1257	1573	893	100.00%	100.00%	100.00%	100.00%	100.00%	100.00%	85.00%
TP53	C1021,DB16,DC16,DG11,E59,Lym79,Lym93,P1021,E73,H41,H62,HB23,HD31,HG15,HP16,FC59,FH44,H68,HBO28,HC22,HD32,HPro6,HR14,MC58,MH43,H54	100%	2476	3224	1501	100.00%	100.00%	100.00%	100.00%	100.00%	100.00%	100.00%
FNDC4	C1021,P1021	96%	1634	2206	839	100.00%	100.00%	100.00%	100.00%	100.00%	100.00%	92.50%
NFE2L2	C1021,P1021	99.56%	2629	3504	676	100.00%	100.00%	100.00%	100.00%	100.00%	100.00%	97.25%
SGK1	Lym79,Lym93,P1021	100%	1043	1197	855	100.00%	100.00%	100.00%	100.00%	100.00%	100.00%	77.92%
KLF4	C1021	72.7273%	1795	2416	782	100.00%	100.00%	100.00%	100.00%	100.00%	100.00%	90.83%
RELN	C1021,Lym79,Lym93,P1021	49.7925%	2144	2892	1273	100.00%	100.00%	100.00%	100.00%	100.00%	100.00%	100.00%
NDUFA13	C1021	79.5222%	1480	2141	485	100.00%	100.00%	100.00%	100.00%	100.00%	99.58%	86.86%
CDH1	C1021,P1021,H41,H62,HB23,HD31,HG15,FC59,FH44,H68,HBO28,HD32,MC58,MH43,H54	100%	2706	3687	1260	100.00%	100.00%	100.00%	100.00%	100.00%	100.00%	100.00%
GMPS	C1021	95.2381%	1719	2231	1190	100.00%	100.00%	100.00%	100.00%	100.00%	100.00%	100.00%
PRX	C1021	2.99625%	1953	2813	1092	100.00%	100.00%	100.00%	100.00%	100.00%	100.00%	100.00%
CDKN2B	C1021,Lym79,Lym93,P1021	100%	2584	3579	1232	100.00%	100.00%	100.00%	100.00%	100.00%	100.00%	100.00%
CDKN2C	C1021	100%	2902	3724	2156	100.00%	100.00%	100.00%	100.00%	100.00%	100.00%	100.00%
CDKN2A	C1021,DB16,E59,Lym79,Lym93,P1021,E73,H41,H62,HD31,HP16,FC59,FH44,H68,HD32,MC58,MH43,H54	100%	3018	3869	1786	100.00%	100.00%	100.00%	100.00%	100.00%	100.00%	100.00%
PABPC3	C1021	6.32911%	2132	2551	1597	100.00%	100.00%	100.00%	100.00%	100.00%	100.00%	100.00%
EXT2	C1021,H62,H68	100%	2745	3651	1500	100.00%	100.00%	100.00%	100.00%	100.00%	100.00%	100.00%
EXT1	C1021,H62,H68	100%	2414	3181	842	100.00%	100.00%	100.00%	100.00%	100.00%	100.00%	99.64%
BARD1	C1021,H62,HB23,FC59,FH44,H68,HBO28,MC58,MH43,H54	100%	2439	3501	1188	100.00%	100.00%	100.00%	100.00%	100.00%	100.00%	100.00%
ACIN1	C1021	77.344%	1966	2790	224	100.00%	100.00%	100.00%	100.00%	100.00%	99.51%	92.38%
LPP	C1021	67.0391%	2120	2591	1482	100.00%	100.00%	100.00%	100.00%	100.00%	100.00%	100.00%
KLK1	C1021,P1021	76.9231%	2246	3227	865	100.00%	100.00%	100.00%	100.00%	100.00%	100.00%	98.33%
RINT1	C1021,FC59,FH44,H68,HBO28,MC58,MH43	100%	2368	3290	1160	100.00%	100.00%	100.00%	100.00%	100.00%	100.00%	100.00%
TPR	C1021	57.4163%	1889	2535	1104	100.00%	100.00%	100.00%	100.00%	100.00%	100.00%	100.00%
CHFR	C1021	75%	2034	2267	1775	100.00%	100.00%	100.00%	100.00%	100.00%	100.00%	100.00%
SYNCRIP	C1021	28.6104%	1676	2196	966	100.00%	100.00%	100.00%	100.00%	100.00%	100.00%	98.10%
ZC3H11A	C1021	100%	1674	2146	1018	100.00%	100.00%	100.00%	100.00%	100.00%	100.00%	100.00%
WDTC1	C1021,P1021	68.5714%	1875	2459	1330	100.00%	100.00%	100.00%	100.00%	100.00%	100.00%	100.00%
FN1	C1021	66.2983%	2304	2597	1941	100.00%	100.00%	100.00%	100.00%	100.00%	100.00%	100.00%
ARID1B	C1021,Lym93	98.6963%	2496	3710	238	100.00%	100.00%	100.00%	100.00%	100.00%	99.45%	97.35%
ARID1A	C1021,Lym79,Lym93	102.625%	2369	3542	822	100.00%	100.00%	100.00%	100.00%	100.00%	100.00%	99.46%
CSF1	C1021	11.7073%	1515	1950	954	100.00%	100.00%	100.00%	100.00%	100.00%	100.00%	96.67%
C1QA	C1021,P1021	69.2412%	3145	3982	1577	100.00%	100.00%	100.00%	100.00%	100.00%	100.00%	100.00%
VIM	C1021	54.2986%	1656	2079	1086	100.00%	100.00%	100.00%	100.00%	100.00%	100.00%	100.00%
HCN1	C1021,P1021	13.4831%	1526	1969	965	100.00%	100.00%	100.00%	100.00%	100.00%	100.00%	92.50%
LRRC7	C1021,P1021	16.5241%	2235	3000	1157	100.00%	100.00%	100.00%	100.00%	100.00%	100.00%	100.00%
GNG2	C1021	93.0233%	1903	2525	1226	100.00%	100.00%	100.00%	100.00%	100.00%	100.00%	100.00%
HSD3B1	C1021	14.7783%	1755	2305	1098	100.00%	100.00%	100.00%	100.00%	100.00%	100.00%	100.00%
MTRR	C1021	77.4194%	1854	2453	1304	100.00%	100.00%	100.00%	100.00%	100.00%	100.00%	100.00%
PKHD1	C1021,P1021	7.46269%	2018	2578	1666	100.00%	100.00%	100.00%	100.00%	100.00%	100.00%	100.00%
ACTB	C1021	83.3333%	1130	1431	869	100.00%	100.00%	100.00%	100.00%	100.00%	100.00%	80.83%
ELMO1	C1021	73.1707%	1971	2403	1329	100.00%	100.00%	100.00%	100.00%	100.00%	100.00%	100.00%
TYR	C1021	55.2995%	1708	2093	1250	100.00%	100.00%	100.00%	100.00%	100.00%	100.00%	100.00%
PAK3	C1021	90.9091%	875	1149	612	100.00%	100.00%	100.00%	100.00%	100.00%	100.00%	29.17%
OR6F1	C1021,P1021	12.945%	2038	2459	1289	100.00%	100.00%	100.00%	100.00%	100.00%	100.00%	100.00%
FOXP1	C1021	100%	2231	3163	1203	100.00%	100.00%	100.00%	100.00%	100.00%	100.00%	100.00%
NFATC4	C1021	18.4615%	1430	1853	853	100.00%	100.00%	100.00%	100.00%	100.00%	100.00%	80.83%
FUS	C1021	80.6452%	2028	2253	1846	100.00%	100.00%	100.00%	100.00%	100.00%	100.00%	100.00%
COPS2	C1021	68.5714%	1681	1941	1334	100.00%	100.00%	100.00%	100.00%	100.00%	100.00%	100.00%
FUBP1	C1021,P1021	100%	2229	3411	981	100.00%	100.00%	100.00%	100.00%	100.00%	100.00%	99.90%
NCSTN	C1021	56.338%	1842	2405	1196	100.00%	100.00%	100.00%	100.00%	100.00%	100.00%	100.00%
NOS3	C1021	76.1905%	2049	2681	960	100.00%	100.00%	100.00%	100.00%	100.00%	100.00%	97.92%
SMARCE1	C1021	74.1742%	2325	3397	1000	100.00%	100.00%	100.00%	100.00%	100.00%	100.00%	99.87%
CNTN5	C1021,P1021	54.0541%	2457	3266	1416	100.00%	100.00%	100.00%	100.00%	100.00%	100.00%	100.00%
MNX1	C1021	33.8983%	2124	2579	1720	100.00%	100.00%	100.00%	100.00%	100.00%	100.00%	100.00%
DHX35	C1021	56.872%	2236	2487	1727	100.00%	100.00%	100.00%	100.00%	100.00%	100.00%	100.00%
MYCN	C1021	94.4086%	2770	3691	1707	100.00%	100.00%	100.00%	100.00%	100.00%	100.00%	100.00%
POM121	C1021	7.11744%	1507	1787	1021	100.00%	100.00%	100.00%	100.00%	100.00%	100.00%	100.00%
CYP2D6	C1021,DB16,E59,E73	72.423%	3603	5148	1427	100.00%	100.00%	100.00%	100.00%	100.00%	100.00%	100.00%
U2AF1	C1021,P1021	97.787%	2005	2965	841	100.00%	100.00%	100.00%	100.00%	100.00%	100.00%	98.60%
CCNE1	C1021,P1021	100%	2476	3227	1105	100.00%	100.00%	100.00%	100.00%	100.00%	100.00%	100.00%
MKL1	C1021	68.8976%	2418	2861	1411	100.00%	100.00%	100.00%	100.00%	100.00%	100.00%	100.00%
FOXA2	C1021	9.1954%	2290	3041	1498	100.00%	100.00%	100.00%	100.00%	100.00%	100.00%	100.00%
VEZF1	C1021,P1021	28.0374%	1987	2303	1543	100.00%	100.00%	100.00%	100.00%	100.00%	100.00%	100.00%
CAMTA1	C1021	6.49702%	2276	2632	1914	100.00%	100.00%	100.00%	100.00%	100.00%	100.00%	100.00%
ANGPT1	C1021	51.5021%	1615	2089	993	100.00%	100.00%	100.00%	100.00%	100.00%	100.00%	99.17%
FAM135B	C1021,P1021	58.2524%	2032	2693	1454	100.00%	100.00%	100.00%	100.00%	100.00%	100.00%	100.00%
TEC	C1021	67.6136%	2103	2476	1582	100.00%	100.00%	100.00%	100.00%	100.00%	100.00%	100.00%
IGF2	C1021	80.5369%	1569	2128	895	100.00%	100.00%	100.00%	100.00%	100.00%	100.00%	93.33%
TCF4	C1021,P1021	73.6196%	1948	2276	1569	100.00%	100.00%	100.00%	100.00%	100.00%	100.00%	100.00%
IGF1	NA	60.4396%	2025	2337	1489	100.00%	100.00%	100.00%	100.00%	100.00%	100.00%	100.00%
BUB1	C1021	67.4157%	1844	2570	1072	100.00%	100.00%	100.00%	100.00%	100.00%	100.00%	100.00%
TCF3	C1021,Lym79,Lym93	91.6279%	1561	2144	963	100.00%	100.00%	100.00%	100.00%	100.00%	100.00%	98.98%
TP63	C1021,Lym79,Lym93	56.6929%	2008	2935	899	100.00%	100.00%	100.00%	100.00%	100.00%	100.00%	97.78%
RUNX2	C1021	68.9655%	2113	2781	1266	100.00%	100.00%	100.00%	100.00%	100.00%	100.00%	100.00%
MAF	NA	99.1087%	2203	3420	24	100.00%	100.00%	98.20%	97.12%	96.05%	92.72%	85.53%
SPRR3	C1021	23.5294%	2070	2455	1478	100.00%	100.00%	100.00%	100.00%	100.00%	100.00%	100.00%
ASTN1	C1021,P1021	80%	2031	2428	1495	100.00%	100.00%	100.00%	100.00%	100.00%	100.00%	100.00%
SHH	C1021	40%	1515	2146	884	100.00%	100.00%	100.00%	100.00%	100.00%	100.00%	88.33%
ZNF804B	C1021,P1021	49.6183%	1647	1959	1303	100.00%	100.00%	100.00%	100.00%	100.00%	100.00%	100.00%
ZBTB16	C1021	9.46372%	1731	2306	1186	100.00%	100.00%	100.00%	100.00%	100.00%	100.00%	100.00%
EPOR	C1021	83.8082%	1858	2839	761	100.00%	100.00%	100.00%	100.00%	100.00%	100.00%	98.10%
IRF2	C1021	100%	2357	3227	460	100.00%	100.00%	100.00%	100.00%	100.00%	99.62%	97.54%
MGA	C1021	57.971%	1891	2258	1375	100.00%	100.00%	100.00%	100.00%	100.00%	100.00%	100.00%
DNAH6	C1021	68.9209%	1975	2928	857	100.00%	100.00%	100.00%	100.00%	100.00%	100.00%	98.75%
IRF6	C1021	58.5366%	2056	2381	1555	100.00%	100.00%	100.00%	100.00%	100.00%	100.00%	100.00%
IRF4	C1021,Lym79,Lym93	33.8983%	2248	2913	1627	100.00%	100.00%	100.00%	100.00%	100.00%	100.00%	100.00%
CLDN18	C1021	54.5455%	2100	2673	1617	100.00%	100.00%	100.00%	100.00%	100.00%	100.00%	100.00%
MEF2C	C1021	64.1711%	1503	1957	899	100.00%	100.00%	100.00%	100.00%	100.00%	100.00%	97.50%
MEF2B	Lym79,Lym93	100%	2031	3078	65	100.00%	100.00%	100.00%	99.28%	98.48%	96.05%	82.87%
SNX29	C1021	31.9149%	2018	2498	1456	100.00%	100.00%	100.00%	100.00%	100.00%	100.00%	100.00%
NSD1	C1021	100%	2627	3778	1196	100.00%	100.00%	100.00%	100.00%	100.00%	100.00%	100.00%
MCM3	C1021	25.9615%	1820	2159	1474	100.00%	100.00%	100.00%	100.00%	100.00%	100.00%	100.00%
PCDH18	C1021	73.1707%	1845	2062	1550	100.00%	100.00%	100.00%	100.00%	100.00%	100.00%	100.00%
BTK	C1021,Lym79,Lym93,P1021	100%	1146	1673	587	100.00%	100.00%	100.00%	100.00%	100.00%	100.00%	71.82%
CD74	C1021,E73	102.26%	2718	3541	1258	100.00%	100.00%	100.00%	100.00%	100.00%	100.00%	100.00%
PDGFRB	C1021,Lym79,Lym93,P1021	99.8193%	2606	4051	1084	100.00%	100.00%	100.00%	100.00%	100.00%	100.00%	100.00%
PDGFRA	C1021,DG11,E59,P1021,E73,H62,HD31,HG15,FC59,FH44,H68,HD32,MC58,MH43,H54	100%	2348	3222	974	100.00%	100.00%	100.00%	100.00%	100.00%	100.00%	99.91%
BTLA	C1021	38.0952%	1660	1972	1203	100.00%	100.00%	100.00%	100.00%	100.00%	100.00%	100.00%
HDAC4	C1021,P1021	82.3464%	2531	4071	1188	100.00%	100.00%	100.00%	100.00%	100.00%	100.00%	100.00%
HDAC9	C1021	81.0811%	1757	2005	1359	100.00%	100.00%	100.00%	100.00%	100.00%	100.00%	100.00%
CSF1R	C1021,P1021	99.4861%	2705	3724	1117	100.00%	100.00%	100.00%	100.00%	100.00%	100.00%	100.00%
MYO3A	C1021,P1021	100%	2034	2585	1298	100.00%	100.00%	100.00%	100.00%	100.00%	100.00%	100.00%
ATM	C1021,DB16,E59,Lym79,Lym93,P1021,E73,C1021,H41,H62,HB23,HD31,HP16,FC59,FH44,H68,HBO28,HC22,HD32,MC58,MH43,H54	102.508%	2378	3436	935	100.00%	100.00%	100.00%	100.00%	100.00%	100.00%	99.92%
RFC1	C1021	30.2267%	1793	2305	1035	100.00%	100.00%	100.00%	100.00%	100.00%	100.00%	100.00%
ZFHX3	C1021	70.2599%	2602	4286	407	100.00%	100.00%	100.00%	100.00%	100.00%	99.96%	98.13%
CSMD3	C1021,P1021	75%	1711	2035	1281	100.00%	100.00%	100.00%	100.00%	100.00%	100.00%	100.00%
CSMD1	C1021,P1021	68.9655%	1883	2191	1491	100.00%	100.00%	100.00%	100.00%	100.00%	100.00%	100.00%
ATR	C1021,P1021	100%	2240	3371	638	100.00%	100.00%	100.00%	100.00%	100.00%	100.00%	99.32%
FANCD2	C1021	99.615%	2249	5654	954	100.00%	100.00%	100.00%	100.00%	100.00%	100.00%	99.77%
TRPC5	C1021,P1021	37.1517%	998	1275	634	100.00%	100.00%	100.00%	100.00%	100.00%	100.00%	50.00%
TXNIP	C1021	48%	990	1290	429	100.00%	100.00%	100.00%	100.00%	100.00%	97.50%	48.33%
BRIP1	C1021,E73,H41,H62,HB23,FC59,FH44,H68,HBO28,H54	100%	2640	3629	1002	100.00%	100.00%	100.00%	100.00%	100.00%	100.00%	100.00%
FLT4	C1021,P1021	100%	2660	4061	926	100.00%	100.00%	100.00%	100.00%	100.00%	100.00%	99.90%
GABRA6	C1021	43.4783%	1827	2194	1316	100.00%	100.00%	100.00%	100.00%	100.00%	100.00%	100.00%
FLT3	C1021,E59,P1021,E73	100%	2410	3603	797	100.00%	100.00%	100.00%	100.00%	100.00%	100.00%	99.23%
FLT1	C1021,P1021	100%	2438	3514	1173	100.00%	100.00%	100.00%	100.00%	100.00%	100.00%	100.00%
MRE11A	C1021,H62,HB23,FC59,FH44,H68,HBO28,MC58,MH43,H54	100%	2218	3267	1161	100.00%	100.00%	100.00%	100.00%	100.00%	100.00%	100.00%
CYP1B1	C1021	20.3735%	1140	1548	547	100.00%	100.00%	100.00%	100.00%	100.00%	100.00%	65.83%
SLX4	C1021,FC59,FH44,H68,HBO28,MC58,MH43	100%	2549	3925	969	100.00%	100.00%	100.00%	100.00%	100.00%	100.00%	99.93%
FAM157B	C1021,P1021	79.4702%	1808	2361	1248	100.00%	100.00%	100.00%	100.00%	100.00%	100.00%	100.00%
MAPK3	C1021,P1021	73.4634%	1949	3383	356	100.00%	100.00%	100.00%	100.00%	100.00%	98.85%	83.95%
MECOM	C1021	8.84304%	1843	2471	1245	100.00%	100.00%	100.00%	100.00%	100.00%	100.00%	100.00%
DNAJB1	NA	52.1327%	636	914	249	100.00%	100.00%	100.00%	100.00%	100.00%	72.73%	0.00%
MYH9	C1021,P1021	68.9655%	1864	2387	1342	100.00%	100.00%	100.00%	100.00%	100.00%	100.00%	100.00%
TPM3	C1021	100%	2081	2320	1691	100.00%	100.00%	100.00%	100.00%	100.00%	100.00%	100.00%
RPS6KB2	NA	100%	2038	2252	1580	100.00%	100.00%	100.00%	100.00%	100.00%	100.00%	100.00%
FANCG	C1021	100%	2465	3406	500	100.00%	100.00%	100.00%	100.00%	100.00%	99.95%	99.10%
FANCF	NA	100%	2550	3098	1754	100.00%	100.00%	100.00%	100.00%	100.00%	100.00%	100.00%
FANCE	NA	100%	2572	3874	1205	100.00%	100.00%	100.00%	100.00%	100.00%	100.00%	100.00%
FANCC	C1021,P1021,FC59,FH44,H68,HBO28,MC58,MH43	100%	2478	3694	1171	100.00%	100.00%	100.00%	100.00%	100.00%	100.00%	100.00%
TBX15	C1021,P1021	15.2866%	1730	1957	1159	100.00%	100.00%	100.00%	100.00%	100.00%	100.00%	100.00%
FANCA	C1021	100%	2222	3538	675	100.00%	100.00%	100.00%	100.00%	100.00%	100.00%	99.73%
FANCM	C1021	100%	2073	3142	642	100.00%	100.00%	100.00%	100.00%	100.00%	100.00%	98.82%
FANCL	NA	100%	1709	2942	579	100.00%	100.00%	100.00%	100.00%	100.00%	100.00%	94.21%
CADM2	C1021,P1021	70.1754%	1376	1737	788	100.00%	100.00%	100.00%	100.00%	100.00%	100.00%	90.83%
FBXW7	C1021,DB16,DC16,E59,Lym79,Lym93,P1021,E73	102.213%	2493	3295	1259	100.00%	100.00%	100.00%	100.00%	100.00%	100.00%	100.00%
KRTAP5-5	C1021,P1021	16.8067%	1531	1981	842	100.00%	100.00%	100.00%	100.00%	100.00%	100.00%	86.67%
TRIO	C1021,P1021	80.1105%	2084	2905	1038	100.00%	100.00%	100.00%	100.00%	100.00%	100.00%	100.00%
NUP107	C1021	100%	1354	1783	834	100.00%	100.00%	100.00%	100.00%	100.00%	100.00%	87.83%
TET1	NA	5.68451%	1815	2287	1223	100.00%	100.00%	100.00%	100.00%	100.00%	100.00%	100.00%
GKN2	C1021,P1021	76.4331%	1728	2321	846	100.00%	100.00%	100.00%	100.00%	100.00%	100.00%	95.83%
TET2	C1021,Lym79,Lym93	99.1513%	2786	3590	1266	100.00%	100.00%	100.00%	100.00%	100.00%	100.00%	100.00%
ASCL4	C1021	22.9885%	2017	2557	1506	100.00%	100.00%	100.00%	100.00%	100.00%	100.00%	100.00%
COL5A2	C1021,P1021	74.0741%	2456	3063	1771	100.00%	100.00%	100.00%	100.00%	100.00%	100.00%	100.00%
COL5A3	C1021,P1021	93.3333%	2608	3041	1814	100.00%	100.00%	100.00%	100.00%	100.00%	100.00%	100.00%
COL5A1	C1021,P1021	46.875%	2647	3375	1574	100.00%	100.00%	100.00%	100.00%	100.00%	100.00%	100.00%
MTOR	C1021,E59,Lym79,Lym93,P1021,E73	100%	2633	3865	1075	100.00%	100.00%	100.00%	100.00%	100.00%	100.00%	100.00%
ADAMTS5	C1021,P1021	10.8696%	1926	2530	1201	100.00%	100.00%	100.00%	100.00%	100.00%	100.00%	100.00%
EP300	C1021,Lym79,Lym93	101.146%	2653	3724	1046	100.00%	100.00%	100.00%	100.00%	100.00%	100.00%	100.00%
CNOT3	C1021,P1021	90.2256%	729	1060	251	100.00%	100.00%	100.00%	100.00%	100.00%	78.33%	25.83%
KEL	C1021	67.7966%	1576	2019	1162	100.00%	100.00%	100.00%	100.00%	100.00%	100.00%	100.00%
ITK	C1021,Lym79,Lym93	69.7674%	1846	2467	1087	100.00%	100.00%	100.00%	100.00%	100.00%	100.00%	100.00%
SLC22A18	C1021	100%	1833	2446	1023	100.00%	100.00%	100.00%	100.00%	100.00%	100.00%	100.00%
ARNT	C1021	56.0748%	1953	2383	1504	100.00%	100.00%	100.00%	100.00%	100.00%	100.00%	100.00%
SLC22A16	C1021	50%	2195	2663	1517	100.00%	100.00%	100.00%	100.00%	100.00%	100.00%	100.00%
BNC2	C1021	50.8475%	1831	2415	1122	100.00%	100.00%	100.00%	100.00%	100.00%	100.00%	100.00%
IRS1	NA	2.94985%	1324	1841	334	100.00%	100.00%	100.00%	100.00%	100.00%	92.73%	72.73%
IRS2	C1021,P1021	98.9793%	2057	3157	449	100.00%	100.00%	100.00%	100.00%	100.00%	99.56%	92.74%
KEAP1	C1021,P1021	100%	2535	3263	1267	100.00%	100.00%	100.00%	100.00%	100.00%	100.00%	100.00%
HOXA3	C1021	22.8137%	1885	2456	1439	100.00%	100.00%	100.00%	100.00%	100.00%	100.00%	100.00%
RAD52	NA	98.0111%	2177	2961	1110	100.00%	100.00%	100.00%	100.00%	100.00%	100.00%	100.00%
CDK6	C1021,DB16,E59,P1021,E73	100%	2199	3036	704	100.00%	100.00%	100.00%	100.00%	100.00%	100.00%	98.38%
RAD50	C1021,H62,HB23,FC59,FH44,H68,HBO28,MC58,MH43,H54	99.9492%	2187	3318	928	100.00%	100.00%	100.00%	100.00%	100.00%	100.00%	99.87%
CDK8	C1021,P1021	100%	2131	3356	827	100.00%	100.00%	100.00%	100.00%	100.00%	100.00%	99.43%
SEMA3E	C1021	53.8117%	1621	1876	1143	100.00%	100.00%	100.00%	100.00%	100.00%	100.00%	100.00%
OR4C6	C1021,P1021	12.9032%	1668	2318	1043	100.00%	100.00%	100.00%	100.00%	100.00%	100.00%	100.00%
IGLL5	C1021	37.5%	2469	3361	1571	100.00%	100.00%	100.00%	100.00%	100.00%	100.00%	100.00%
HOXA9	C1021	50.2092%	1718	2180	1133	100.00%	100.00%	100.00%	100.00%	100.00%	100.00%	100.00%
USP8	C1021	100%	2265	2877	1105	100.00%	100.00%	100.00%	100.00%	100.00%	100.00%	100.00%
NCAM2	C1021	68.9655%	1991	2373	1390	100.00%	100.00%	100.00%	100.00%	100.00%	100.00%	100.00%
TGFBR2	C1021	98.7071%	2288	3344	684	100.00%	100.00%	100.00%	100.00%	100.00%	100.00%	96.77%
ERCC1	C1021,P1021	100%	2062	3130	893	100.00%	100.00%	100.00%	100.00%	100.00%	100.00%	98.78%
MSH2	C1021,DC16,E59,P1021,E73,C1021,H41,H62,HB23,HD31,HG15,HP16,FC59,FH44,H68,HBO28,HC22,HD32,HR14,LS5,MC58,MH43,H54	100%	2432	3441	952	100.00%	100.00%	100.00%	100.00%	100.00%	100.00%	99.89%
MSH3	C1021,P1021,C1021,H62,HD31,FC59,FH44,H68,HC22,HD32,MC58,MH43,H54	100%	2159	3615	720	100.00%	100.00%	100.00%	100.00%	100.00%	100.00%	96.83%
MSH4	C1021	68.5714%	1287	1713	756	100.00%	100.00%	100.00%	100.00%	100.00%	100.00%	77.50%
TGFBR1	C1021	78.2332%	2290	3185	1154	100.00%	100.00%	100.00%	100.00%	100.00%	100.00%	100.00%
USP6	C1021	68.5714%	1571	2212	896	100.00%	100.00%	100.00%	100.00%	100.00%	100.00%	90.83%
ZMAT3	C1021	100%	2510	3338	1389	100.00%	100.00%	100.00%	100.00%	100.00%	100.00%	100.00%
EZH2	C1021,Lym79,Lym93,P1021	99.9557%	2125	3005	732	100.00%	100.00%	100.00%	100.00%	100.00%	100.00%	97.93%
MCL1	C1021,P1021	134.283%	1510	2213	808	100.00%	100.00%	100.00%	100.00%	100.00%	100.00%	92.71%
SOX2	C1021	100%	2678	3331	1625	100.00%	100.00%	100.00%	100.00%	100.00%	100.00%	100.00%
BBC3	NA	56.2347%	1400	2412	275	100.00%	100.00%	100.00%	100.00%	100.00%	93.48%	52.17%
EPC1	C1021	57.971%	1650	2271	944	100.00%	100.00%	100.00%	100.00%	100.00%	100.00%	97.50%
SMARCA4	C1021,E59,Lym93,P1021,E73,FC59,FH44,H68,HBO28,MC58,MH43	98.3075%	2557	3594	1026	100.00%	100.00%	100.00%	100.00%	100.00%	100.00%	100.00%
TENM3	C1021	7.44417%	1748	2343	1124	100.00%	100.00%	100.00%	100.00%	100.00%	100.00%	100.00%
SEMA6A	C1021,P1021	100%	2028	2314	1777	100.00%	100.00%	100.00%	100.00%	100.00%	100.00%	100.00%
LPHN2	C1021	95.2381%	1661	1994	1180	100.00%	100.00%	100.00%	100.00%	100.00%	100.00%	100.00%
CEBPA	C1021	87.3723%	1941	2632	1061	100.00%	100.00%	100.00%	100.00%	100.00%	100.00%	100.00%
CCDC168	C1021	0.573121%	1934	2157	1572	100.00%	100.00%	100.00%	100.00%	100.00%	100.00%	100.00%
ARAP3	C1021	60%	2003	2279	1512	100.00%	100.00%	100.00%	100.00%	100.00%	100.00%	100.00%
AXIN2	C1021,H62,HD31,FC59,FH44,H68,HC22,HD32,MC58,MH43,H54	99.7235%	2928	3905	1532	100.00%	100.00%	100.00%	100.00%	100.00%	100.00%	100.00%
RAD54B	C1021	42.5532%	2077	2483	1669	100.00%	100.00%	100.00%	100.00%	100.00%	100.00%	100.00%
CASQ2	C1021,P1021	59.1398%	1959	2451	1251	100.00%	100.00%	100.00%	100.00%	100.00%	100.00%	100.00%
RAD54L	NA	100%	2632	3517	1374	100.00%	100.00%	100.00%	100.00%	100.00%	100.00%	100.00%
SMAD3	C1021	100%	2502	3468	1181	100.00%	100.00%	100.00%	100.00%	100.00%	100.00%	100.00%
FYN	C1021	66.6667%	2003	2574	1404	100.00%	100.00%	100.00%	100.00%	100.00%	100.00%	100.00%
RB1	C1021,DB16,E59,Lym93,P1021,E73,H62,H68	110.98%	2132	3404	77	100.00%	100.00%	100.00%	98.53%	97.18%	97.14%	93.85%
MDM4	C1021,P1021	100%	2507	3604	1197	100.00%	100.00%	100.00%	100.00%	100.00%	100.00%	100.00%
HSPD1	C1021,P1021	68.9655%	1467	1962	867	100.00%	100.00%	100.00%	100.00%	100.00%	100.00%	85.83%
ABCB1	C1021	68.0036%	1873	2896	959	100.00%	100.00%	100.00%	100.00%	100.00%	100.00%	99.06%
ANK3	C1021	64.5161%	1899	2459	1214	100.00%	100.00%	100.00%	100.00%	100.00%	100.00%	100.00%
NOD1	C1021	59.7015%	1450	1975	966	100.00%	100.00%	100.00%	100.00%	100.00%	100.00%	95.00%
AURKA	C1021,P1021	104.538%	2527	3366	1354	100.00%	100.00%	100.00%	100.00%	100.00%	100.00%	100.00%
AURKB	C1021,P1021	100%	2492	3188	1318	100.00%	100.00%	100.00%	100.00%	100.00%	100.00%	100.00%
HCLS1	C1021	90.456%	2084	3304	1077	100.00%	100.00%	100.00%	100.00%	100.00%	100.00%	100.00%
FCRL4	C1021	47.0588%	2300	2808	1701	100.00%	100.00%	100.00%	100.00%	100.00%	100.00%	100.00%
CCT6B	C1021,P1021	81.0811%	1729	2300	1014	100.00%	100.00%	100.00%	100.00%	100.00%	100.00%	100.00%
PRKCI	C1021	67.7966%	1163	1615	570	100.00%	100.00%	100.00%	100.00%	100.00%	100.00%	74.17%
RAC2	C1021,P1021	75%	1778	2348	1105	100.00%	100.00%	100.00%	100.00%	100.00%	100.00%	100.00%
RAC1	C1021	100%	1867	2590	649	100.00%	100.00%	100.00%	100.00%	100.00%	100.00%	94.40%
NR4A2	C1021	73.1707%	1921	2304	1479	100.00%	100.00%	100.00%	100.00%	100.00%	100.00%	100.00%
CARD11	C1021,Lym79,Lym93	100%	2644	4133	776	100.00%	100.00%	100.00%	100.00%	100.00%	100.00%	99.66%
DRGX	C1021,P1021	45.1128%	2169	2403	1828	100.00%	100.00%	100.00%	100.00%	100.00%	100.00%	100.00%
FCGR2B	C1021,P1021	60.2041%	2626	3560	1502	100.00%	100.00%	100.00%	100.00%	100.00%	100.00%	100.00%
SRSF7	C1021	67.7966%	1570	2131	1035	100.00%	100.00%	100.00%	100.00%	100.00%	100.00%	100.00%
MLL	C1021,Lym79,Lym93,P1021	100.847%	2720	4118	817	100.00%	100.00%	100.00%	100.00%	100.00%	100.00%	99.50%
FCGR2A	C1021,P1021	78.4091%	1771	2692	878	100.00%	100.00%	100.00%	100.00%	100.00%	100.00%	97.12%
HIST1H3B	C1021,P1021	58.3942%	1768	2182	1169	100.00%	100.00%	100.00%	100.00%	100.00%	100.00%	100.00%
HIST1H3C	NA	26.764%	1281	1723	515	100.00%	100.00%	100.00%	100.00%	100.00%	100.00%	79.09%
CYBA	C1021	84.5238%	1633	1979	1056	100.00%	100.00%	100.00%	100.00%	100.00%	100.00%	100.00%
HIST1H3F	NA	29.1971%	1892	2371	1276	100.00%	100.00%	100.00%	100.00%	100.00%	100.00%	100.00%
HIST1H3G	NA	26.764%	2188	2444	1825	100.00%	100.00%	100.00%	100.00%	100.00%	100.00%	100.00%
EBF1	C1021	66.6667%	2196	3100	982	100.00%	100.00%	100.00%	100.00%	100.00%	100.00%	96.67%
RASA1	C1021	98.3471%	1713	2108	1253	100.00%	100.00%	100.00%	100.00%	100.00%	100.00%	100.00%
PDCD1LG2	C1021,Lym79,Lym93,E73	100%	2523	3579	942	100.00%	100.00%	100.00%	100.00%	100.00%	100.00%	99.40%
HIST1H3H	NA	29.1971%	1528	1797	1135	100.00%	100.00%	100.00%	100.00%	100.00%	100.00%	100.00%
HIST1H3I	NA	26.764%	1585	2020	1083	100.00%	100.00%	100.00%	100.00%	100.00%	100.00%	100.00%
CTNNA1	C1021	100%	2662	3636	1403	100.00%	100.00%	100.00%	100.00%	100.00%	100.00%	100.00%
CTNNA2	C1021,P1021	58.8235%	1955	2551	1210	100.00%	100.00%	100.00%	100.00%	100.00%	100.00%	100.00%
CHD1L	C1021	100%	1863	2494	1359	100.00%	100.00%	100.00%	100.00%	100.00%	100.00%	100.00%
CCNB3	C1021	4.0107%	1239	1468	873	100.00%	100.00%	100.00%	100.00%	100.00%	100.00%	90.83%
BAP1	C1021,P1021,H41,H62,FC59,H68,HR14,MC58,H54	100%	2483	3350	1141	100.00%	100.00%	100.00%	100.00%	100.00%	100.00%	100.00%
SLC16A1	C1021	43.6364%	1359	1897	628	100.00%	100.00%	100.00%	100.00%	100.00%	100.00%	77.50%
SRSF2	C1021	36.036%	1209	1622	748	100.00%	100.00%	100.00%	100.00%	100.00%	100.00%	80.42%
MCC	C1021	66.2983%	1893	2461	1322	100.00%	100.00%	100.00%	100.00%	100.00%	100.00%	100.00%
NOTCH1	C1021,Lym79,Lym93,P1021	99.5305%	2425	3378	543	100.00%	100.00%	100.00%	100.00%	100.00%	100.00%	99.56%
NOTCH2	C1021,Lym79,Lym93,P1021	111.866%	3039	9442	1190	100.00%	100.00%	100.00%	100.00%	100.00%	100.00%	100.00%
TLX3	C1021	56.872%	1506	1990	897	100.00%	100.00%	100.00%	100.00%	100.00%	100.00%	94.17%
TYMS	C1021	32.8084%	1821	2197	1505	100.00%	100.00%	100.00%	100.00%	100.00%	100.00%	100.00%
GSTP1	C1021	69.8113%	1810	2651	1072	100.00%	100.00%	100.00%	100.00%	100.00%	100.00%	100.00%
FGFR4	C1021,P1021	100%	2928	4037	1210	100.00%	100.00%	100.00%	100.00%	100.00%	100.00%	100.00%
ARHGAP35	C1021,P1021	6.29426%	1786	2462	742	100.00%	100.00%	100.00%	100.00%	100.00%	100.00%	95.42%
PTCH2	C1021,P1021	100.029%	2655	3711	528	100.00%	100.00%	100.00%	100.00%	100.00%	100.00%	99.51%
FOXL2	C1021,P1021	96.9054%	2394	3253	1347	100.00%	100.00%	100.00%	100.00%	100.00%	100.00%	100.00%
WIPF1	C1021	15.5642%	1850	2294	1369	100.00%	100.00%	100.00%	100.00%	100.00%	100.00%	100.00%
PTCH1	C1021,E59,P1021,E73,GO2	97.3757%	2705	3712	800	100.00%	100.00%	100.00%	100.00%	100.00%	100.00%	99.72%
MMP2	C1021	52.8634%	2168	2754	1749	100.00%	100.00%	100.00%	100.00%	100.00%	100.00%	100.00%
BPTF	C1021	33.7079%	1886	2274	1460	100.00%	100.00%	100.00%	100.00%	100.00%	100.00%	100.00%
AR	C1021,E59,P1021,E73	99.7105%	1374	1929	529	100.00%	100.00%	100.00%	100.00%	100.00%	100.00%	92.42%
PDCD1	C1021	105.536%	2995	4118	1843	100.00%	100.00%	100.00%	100.00%	100.00%	100.00%	100.00%
WWP2	C1021,P1021	93.0233%	1358	1788	868	100.00%	100.00%	100.00%	100.00%	100.00%	100.00%	94.17%
ACTG1	C1021	97.561%	991	1273	629	100.00%	100.00%	100.00%	100.00%	100.00%	100.00%	47.50%
ACTG2	C1021	74.0741%	2221	2938	1444	100.00%	100.00%	100.00%	100.00%	100.00%	100.00%	100.00%
WWP1	C1021	64.8649%	2037	2536	1357	100.00%	100.00%	100.00%	100.00%	100.00%	100.00%	100.00%
AFF3	C1021	10.9589%	1935	2402	1324	100.00%	100.00%	100.00%	100.00%	100.00%	100.00%	100.00%
TBX22	C1021,P1021	68.5714%	875	1139	590	100.00%	100.00%	100.00%	100.00%	100.00%	100.00%	27.50%
CHN1	C1021	41.5225%	2044	2611	1459	100.00%	100.00%	100.00%	100.00%	100.00%	100.00%	100.00%
C7orf53	C1021,P1021	93.0233%	1819	2198	1335	100.00%	100.00%	100.00%	100.00%	100.00%	100.00%	100.00%
HIST1H1E	C1021	18.1818%	1051	1445	611	100.00%	100.00%	100.00%	100.00%	100.00%	100.00%	56.67%
SOX17	C1021	23.2409%	2087	2849	1358	100.00%	100.00%	100.00%	100.00%	100.00%	100.00%	100.00%
AXL	C1021,P1021	100%	2445	3902	761	100.00%	100.00%	100.00%	100.00%	100.00%	100.00%	98.85%
GPS2	P1021	100%	1654	2037	1188	100.00%	100.00%	100.00%	100.00%	100.00%	100.00%	100.00%
ZNF384	C1021	53.3333%	1403	1915	978	100.00%	100.00%	100.00%	100.00%	100.00%	100.00%	99.17%
PAK1	C1021	68.5714%	2078	2649	1477	100.00%	100.00%	100.00%	100.00%	100.00%	100.00%	100.00%
DNMT1	C1021	54.0541%	1827	2258	1313	100.00%	100.00%	100.00%	100.00%	100.00%	100.00%	100.00%
CACNA1E	C1021,P1021	85.7143%	2455	2979	1925	100.00%	100.00%	100.00%	100.00%	100.00%	100.00%	100.00%
EML4	C1021	100%	2116	2794	986	100.00%	100.00%	100.00%	100.00%	100.00%	100.00%	97.81%
FAM46C	C1021	10.2041%	2147	2398	1711	100.00%	100.00%	100.00%	100.00%	100.00%	100.00%	100.00%
INHBA	C1021,P1021	13.4378%	2169	2757	1018	100.00%	100.00%	100.00%	100.00%	100.00%	100.00%	100.00%
MAGI2	C1021	40.7332%	1622	2265	910	100.00%	100.00%	100.00%	100.00%	100.00%	100.00%	96.67%
GFRAL	C1021,P1021	36.2538%	1656	2082	1260	100.00%	100.00%	100.00%	100.00%	100.00%	100.00%	100.00%
H3F3C	C1021	29.4118%	1930	2656	1136	100.00%	100.00%	100.00%	100.00%	100.00%	100.00%	100.00%
HIST1H1C	C1021	51.0903%	2171	2675	1149	100.00%	100.00%	100.00%	100.00%	100.00%	100.00%	100.00%
NUP210	C1021,P1021	66.6667%	1685	1908	1344	100.00%	100.00%	100.00%	100.00%	100.00%	100.00%	100.00%
SETDB1	C1021	46.1538%	1578	1894	1199	100.00%	100.00%	100.00%	100.00%	100.00%	100.00%	100.00%
GUSB	C1021	63.9785%	1619	2138	1165	100.00%	100.00%	100.00%	100.00%	100.00%	100.00%	100.00%
BRCA1	C1021,DB16,E59,P1021,E73,C1021,H41,H62,HB2,HB23,HD31,HP16,FC59,FH44,H68,HBO28,HD32,HPro6,MC58,MH43,H54	100.089%	2815	3800	725	100.00%	100.00%	100.00%	100.00%	100.00%	100.00%	99.75%
ERBB3	C1021,P1021	100%	2475	3402	1305	100.00%	100.00%	100.00%	100.00%	100.00%	100.00%	100.00%
FAM131B	C1021,P1021	25.37%	1865	2598	913	100.00%	100.00%	100.00%	100.00%	100.00%	100.00%	92.50%
BRCA2	C1021,DB16,E59,P1021,E73,C1021,H41,H62,HB2,HB23,HD31,HP16,FC59,FH44,H68,HBO28,HD32,HPro6,MC58,MH43,H54	100%	2538	3324	969	100.00%	100.00%	100.00%	100.00%	100.00%	100.00%	99.98%
NF1	C1021,DG11,E59,P1021,E73,H41,H62,HB23,HE15,FC59,FH44,H68,HBO28,MC58,MH43	100%	2415	3521	342	100.00%	100.00%	100.00%	100.00%	100.00%	99.91%	99.41%
ERBB4	C1021,Lym79,Lym93,P1021	100%	2227	3048	737	100.00%	100.00%	100.00%	100.00%	100.00%	100.00%	99.60%
SNTG1	C1021,P1021	91.6031%	1864	2184	1552	100.00%	100.00%	100.00%	100.00%	100.00%	100.00%	100.00%
IDH2	C1021,E59,Lym79,Lym93,P1021,E73	100%	2157	3190	632	100.00%	100.00%	100.00%	100.00%	100.00%	100.00%	97.52%
IDH1	C1021,E59,P1021,E73	100%	2491	3443	954	100.00%	100.00%	100.00%	100.00%	100.00%	100.00%	99.84%
CDH23	C1021	76.3318%	2133	3693	653	100.00%	100.00%	100.00%	100.00%	100.00%	100.00%	98.86%
WSCD2	C1021,P1021	64.8649%	2449	2980	1915	100.00%	100.00%	100.00%	100.00%	100.00%	100.00%	100.00%
PASK	C1021	51.5021%	2179	2666	1553	100.00%	100.00%	100.00%	100.00%	100.00%	100.00%	100.00%
PER1	C1021	39.1162%	1076	1704	445	100.00%	100.00%	100.00%	100.00%	100.00%	96.65%	50.21%
TJP1	C1021	13.7457%	1974	2323	1528	100.00%	100.00%	100.00%	100.00%	100.00%	100.00%	100.00%
RICTOR	C1021,P1021	100.917%	2157	3298	748	100.00%	100.00%	100.00%	100.00%	100.00%	100.00%	98.28%
BRD4	C1021,P1021	93.6415%	2255	3491	117	100.00%	100.00%	100.00%	100.00%	99.23%	96.70%	92.00%
PTPN13	C1021,P1021	53.8117%	2576	2861	2177	100.00%	100.00%	100.00%	100.00%	100.00%	100.00%	100.00%
MDM2	C1021,P1021	100%	2152	3356	842	100.00%	100.00%	100.00%	100.00%	100.00%	100.00%	98.34%
SETD2	C1021,Lym93,P1021	99.5062%	2510	3465	900	100.00%	100.00%	100.00%	100.00%	100.00%	100.00%	99.73%
FGFR2	C1021,E59,P1021,E73	99.4728%	2668	3518	1090	100.00%	100.00%	100.00%	100.00%	100.00%	100.00%	100.00%
FGFR3	C1021,E59,P1021,E73	100%	2752	3961	1282	100.00%	100.00%	100.00%	100.00%	100.00%	100.00%	100.00%
BRD2	C1021,P1021	76.7959%	2395	2969	1224	100.00%	100.00%	100.00%	100.00%	100.00%	100.00%	100.00%
FGFR1	C1021,E59,Lym79,Lym93,P1021,E73	100%	2674	3842	719	100.00%	100.00%	100.00%	100.00%	100.00%	100.00%	98.51%
RSPO3	C1021	60.6061%	1723	2172	1221	100.00%	100.00%	100.00%	100.00%	100.00%	100.00%	100.00%
RSPO2	C1021	63.4921%	2272	2780	1618	100.00%	100.00%	100.00%	100.00%	100.00%	100.00%	100.00%
ADCY1	C1021	39.604%	2038	2274	1764	100.00%	100.00%	100.00%	100.00%	100.00%	100.00%	100.00%
SYK	C1021,Lym93,P1021	100%	2328	3275	1136	100.00%	100.00%	100.00%	100.00%	100.00%	100.00%	100.00%
PTPN11	C1021,E59,P1021	100%	2460	3445	1284	100.00%	100.00%	100.00%	100.00%	100.00%	100.00%	100.00%
OMD	C1021	63.1902%	2435	2838	1785	100.00%	100.00%	100.00%	100.00%	100.00%	100.00%	100.00%
TCF7L2	C1021	100%	2276	3686	673	100.00%	100.00%	100.00%	100.00%	100.00%	100.00%	98.74%
KIT	C1021,DG11,E59,Lym79,Lym93,P1021,E73,H62,HD31,HG15,FC59,FH44,H68,HD32,MC58,MH43,H54	100%	2308	3367	669	100.00%	100.00%	100.00%	100.00%	100.00%	100.00%	98.31%
FOXA1	C1021,P1021	100%	2633	3419	886	100.00%	100.00%	100.00%	100.00%	100.00%	100.00%	99.58%
RUNX1	C1021,P1021	100%	2279	3253	958	100.00%	100.00%	100.00%	100.00%	100.00%	100.00%	99.79%
BMPR2	C1021	51.9481%	1988	2560	1163	100.00%	100.00%	100.00%	100.00%	100.00%	100.00%	100.00%
POM121L12	C1021,P1021	13.468%	1675	2369	830	100.00%	100.00%	100.00%	100.00%	100.00%	100.00%	93.33%
PRRX1	C1021,P1021	86.3309%	2274	2649	1466	100.00%	100.00%	100.00%	100.00%	100.00%	100.00%	100.00%
HIST3H3	NA	29.1971%	2000	2435	1619	100.00%	100.00%	100.00%	100.00%	100.00%	100.00%	100.00%
EME2	C1021	77.6316%	2112	3112	1326	100.00%	100.00%	100.00%	100.00%	100.00%	100.00%	100.00%
DMD	C1021,P1021	93.0233%	1001	1328	704	100.00%	100.00%	100.00%	100.00%	100.00%	100.00%	51.67%
PNRC1	NA	27.027%	1658	1959	1210	100.00%	100.00%	100.00%	100.00%	100.00%	100.00%	100.00%
CLSPN	C1021	20.8696%	1592	2257	845	100.00%	100.00%	100.00%	100.00%	100.00%	100.00%	85.00%
DOCK2	C1021	67.7966%	2397	2667	1780	100.00%	100.00%	100.00%	100.00%	100.00%	100.00%	100.00%
HRAS	C1021,DC16,E59,P1021,E73	130%	2766	3345	2067	100.00%	100.00%	100.00%	100.00%	100.00%	100.00%	100.00%
GAB2	C1021,P1021	58.7668%	2279	3412	1024	100.00%	100.00%	100.00%	100.00%	100.00%	100.00%	100.00%
DOCK7	C1021	71.4286%	1888	2387	1365	100.00%	100.00%	100.00%	100.00%	100.00%	100.00%	100.00%
CRTC1	C1021	54.2986%	1414	1820	832	100.00%	100.00%	100.00%	100.00%	100.00%	100.00%	92.50%
TNFRSF14	Lym79,Lym93	100%	2221	3359	876	100.00%	100.00%	100.00%	100.00%	100.00%	100.00%	98.49%
IFNGR1	C1021	100%	2161	2947	895	100.00%	100.00%	100.00%	100.00%	100.00%	100.00%	96.89%
XRCC1	C1021,P1021	83.3705%	1895	2626	1250	100.00%	100.00%	100.00%	100.00%	100.00%	100.00%	100.00%
TSHR	C1021	100%	2337	3293	1160	100.00%	100.00%	100.00%	100.00%	100.00%	100.00%	100.00%
XRCC3	C1021	65.9198%	2126	2916	1250	100.00%	100.00%	100.00%	100.00%	100.00%	100.00%	100.00%
XRCC2	C1021,FC59,FH44,H68,HBO28,MC58,MH43	100%	2674	3393	1314	100.00%	100.00%	100.00%	100.00%	100.00%	100.00%	100.00%
DAXX	C1021	100%	2338	3006	599	100.00%	100.00%	100.00%	100.00%	100.00%	100.00%	98.68%
SDHAF2	C1021,H62,HE15,FC59,H68,MC58,H54	100%	2316	3290	969	100.00%	100.00%	100.00%	100.00%	100.00%	100.00%	99.21%
PPM1D	C1021	63.9693%	2555	3612	1128	100.00%	100.00%	100.00%	100.00%	100.00%	100.00%	100.00%
MAML2	C1021	11.9466%	1963	3335	1070	100.00%	100.00%	100.00%	100.00%	100.00%	100.00%	100.00%
MAML3	C1021	7.44879%	1713	2173	1208	100.00%	100.00%	100.00%	100.00%	100.00%	100.00%	100.00%
PDE4DIP	C1021,P1021	52.8634%	5080	5765	4106	100.00%	100.00%	100.00%	100.00%	100.00%	100.00%	100.00%
EGR3	C1021	11.8812%	1840	2311	1227	100.00%	100.00%	100.00%	100.00%	100.00%	100.00%	100.00%
AHNAK	C1021	0.692401%	2057	2450	1548	100.00%	100.00%	100.00%	100.00%	100.00%	100.00%	100.00%
JUN	NA	87.5502%	2197	2862	1478	100.00%	100.00%	100.00%	100.00%	100.00%	100.00%	100.00%
AFF2	C1021	90.2256%	804	987	581	100.00%	100.00%	100.00%	100.00%	100.00%	100.00%	0.00%
AFF1	C1021	13.3333%	1084	1431	641	100.00%	100.00%	100.00%	100.00%	100.00%	100.00%	60.00%
PC	C1021	48.9796%	2193	2754	1548	100.00%	100.00%	100.00%	100.00%	100.00%	100.00%	100.00%
PPP6C	C1021	57.1429%	2026	2301	1592	100.00%	100.00%	100.00%	100.00%	100.00%	100.00%	100.00%
CDK4	C1021,DB16,E59,P1021,E73,H41,H62,HD31,HP16,FC59,FH44,H68,HD32,MC58,MH43,H54	100%	2212	2979	1162	100.00%	100.00%	100.00%	100.00%	100.00%	100.00%	100.00%
MSR1	C1021	29.0557%	1599	1981	1188	100.00%	100.00%	100.00%	100.00%	100.00%	100.00%	100.00%
CHEK2	C1021,P1021,E73,H41,H62,HB23,HD31,FC59,FH44,H68,HBO28,HC22,HD32,HPro6,MC58,MH43,H54	100%	2460	3727	1168	100.00%	100.00%	100.00%	100.00%	100.00%	100.00%	100.00%
CHEK1	C1021,P1021	100%	2133	2827	1037	100.00%	100.00%	100.00%	100.00%	100.00%	100.00%	100.00%
EPHB2	C1021	67.1283%	2705	4092	995	100.00%	100.00%	100.00%	100.00%	100.00%	100.00%	99.95%
PLCB1	C1021	75.9494%	2348	2919	1889	100.00%	100.00%	100.00%	100.00%	100.00%	100.00%	100.00%
EPHB1	C1021,P1021	100%	2485	3308	848	100.00%	100.00%	100.00%	100.00%	100.00%	100.00%	99.80%
EPHB6	C1021	100%	2718	4043	1180	100.00%	100.00%	100.00%	100.00%	100.00%	100.00%	100.00%
UMPS	C1021	17.8571%	2093	2535	1508	100.00%	100.00%	100.00%	100.00%	100.00%	100.00%	100.00%
EPHB4	C1021	61.8557%	1799	2308	1115	100.00%	100.00%	100.00%	100.00%	100.00%	100.00%	100.00%
TSHZ2	C1021	3.91517%	1662	2101	1140	100.00%	100.00%	100.00%	100.00%	100.00%	100.00%	100.00%
TSHZ3	C1021	3.74298%	2015	2824	1198	100.00%	100.00%	100.00%	100.00%	100.00%	100.00%	100.00%
OR5L2	C1021,P1021	12.8205%	1722	2229	1121	100.00%	100.00%	100.00%	100.00%	100.00%	100.00%	100.00%
PARP1	C1021	100%	2633	3903	1165	100.00%	100.00%	100.00%	100.00%	100.00%	100.00%	100.00%
TRRAP	C1021	67.2646%	2081	2819	1221	100.00%	100.00%	100.00%	100.00%	100.00%	100.00%	100.00%
TUBB3	C1021	11.1524%	2295	2894	1407	100.00%	100.00%	100.00%	100.00%	100.00%	100.00%	100.00%
PAX5	C1021,Lym79,Lym93	100%	2393	3473	1192	100.00%	100.00%	100.00%	100.00%	100.00%	100.00%	100.00%
PAX7	C1021	48.583%	2552	3290	1722	100.00%	100.00%	100.00%	100.00%	100.00%	100.00%	100.00%
PAX3	C1021	55.814%	1937	2525	1370	100.00%	100.00%	100.00%	100.00%	100.00%	100.00%	100.00%
ELAC2	C1021	65.5469%	2032	3010	493	100.00%	100.00%	100.00%	100.00%	100.00%	99.76%	91.73%
PTPN2	C1021	57.1429%	1865	2359	1281	100.00%	100.00%	100.00%	100.00%	100.00%	100.00%	100.00%
NCF2	C1021,P1021	67.4157%	1855	2491	1158	100.00%	100.00%	100.00%	100.00%	100.00%	100.00%	100.00%
SCUBE2	C1021	57.971%	2451	3135	1745	100.00%	100.00%	100.00%	100.00%	100.00%	100.00%	100.00%
ABCA13	C1021	57.6402%	1764	2490	819	100.00%	100.00%	100.00%	100.00%	100.00%	100.00%	97.99%
ESR2	C1021	11.2299%	1506	1585	1418	100.00%	100.00%	100.00%	100.00%	100.00%	100.00%	100.00%
GNAQ	C1021,P1021,E73	100%	2486	3393	1295	100.00%	100.00%	100.00%	100.00%	100.00%	100.00%	100.00%
GNAS	C1021,P1021,E73	100.928%	2271	3254	475	100.00%	100.00%	100.00%	100.00%	100.00%	99.75%	89.65%
DDR2	C1021,E59,P1021,E73	100%	2812	4020	1092	100.00%	100.00%	100.00%	100.00%	100.00%	100.00%	100.00%
CD274	C1021,Lym79,Lym93,P1021,E73	100%	2122	2943	1141	100.00%	100.00%	100.00%	100.00%	100.00%	100.00%	100.00%
PALB2	C1021,P1021,E73,C1021,H41,H62,HB23,HD31,HP16,FC59,FH44,H68,HBO28,HD32,MC58,MH43,H54	100%	2723	3597	921	100.00%	100.00%	100.00%	100.00%	100.00%	100.00%	99.69%
DDR1	C1021,P1021	99.848%	2759	4102	1131	100.00%	100.00%	100.00%	100.00%	100.00%	100.00%	100.00%
SFPQ	C1021	100%	2133	2696	1446	100.00%	100.00%	100.00%	100.00%	100.00%	100.00%	100.00%
NFE2L3	C1021	9.59233%	1478	1894	1041	100.00%	100.00%	100.00%	100.00%	100.00%	100.00%	100.00%
EIF3A	C1021	77.9221%	1597	2253	853	100.00%	100.00%	100.00%	100.00%	100.00%	100.00%	95.00%
ZNF750	C1021	8.35655%	2223	2856	1539	100.00%	100.00%	100.00%	100.00%	100.00%	100.00%	100.00%
FGF23	C1021	27.2109%	2331	2738	1533	100.00%	100.00%	100.00%	100.00%	100.00%	100.00%	100.00%
TFDP1	C1021,P1021	72.2892%	1982	2493	1284	100.00%	100.00%	100.00%	100.00%	100.00%	100.00%	100.00%
PHF1	C1021	96.7742%	1527	1888	1095	100.00%	100.00%	100.00%	100.00%	100.00%	100.00%	100.00%
MSN	C1021	72.7273%	1029	1244	810	100.00%	100.00%	100.00%	100.00%	100.00%	100.00%	59.17%
OBSCN	C1021	43.4783%	2473	2783	2122	100.00%	100.00%	100.00%	100.00%	100.00%	100.00%	100.00%
PMS2	C1021,DC16,E59,P1021,E73,C1021,H41,H62,HB23,HD31,HG15,HP16,FC59,FH44,H68,HBO28,HC22,HD32,HR14,LS5,MC58,MH43,H54	100%	2353	3521	625	100.00%	100.00%	100.00%	100.00%	100.00%	100.00%	97.93%
SH2D1A	NA	83.9416%	775	999	469	100.00%	100.00%	100.00%	100.00%	100.00%	96.52%	0.00%
INPP4B	C1021,P1021	100%	2157	3198	525	100.00%	100.00%	100.00%	100.00%	100.00%	100.00%	97.75%
SLCO1B3	C1021	49.3827%	1652	2162	953	100.00%	100.00%	100.00%	100.00%	100.00%	100.00%	96.67%
TBX3	C1021,P1021	100%	2954	4172	1540	100.00%	100.00%	100.00%	100.00%	100.00%	100.00%	100.00%
NTRK2	C1021	100%	2473	3432	1200	100.00%	100.00%	100.00%	100.00%	100.00%	100.00%	100.00%
CTNND1	C1021	25.8621%	1599	2125	1049	100.00%	100.00%	100.00%	100.00%	100.00%	100.00%	100.00%
BCORL1	C1021	6.76628%	898	1205	506	100.00%	100.00%	100.00%	100.00%	100.00%	100.00%	32.50%
RAF1	C1021,E59,P1021,E73	101.746%	2320	3171	1025	100.00%	100.00%	100.00%	100.00%	100.00%	100.00%	100.00%
BCR	C1021,Lym93,P1021	85.7143%	2459	3102	1649	100.00%	100.00%	100.00%	100.00%	100.00%	100.00%	100.00%
BCAS1	C1021,P1021	71.4286%	2032	2825	1184	100.00%	100.00%	100.00%	100.00%	100.00%	100.00%	100.00%
STAT3	C1021,Lym79,Lym93,P1021	100%	2327	3434	1040	100.00%	100.00%	100.00%	100.00%	100.00%	100.00%	100.00%
STAT1	C1021,P1021	69.2532%	1867	2755	1057	100.00%	100.00%	100.00%	100.00%	100.00%	100.00%	100.00%
HOXA13	C1021	48.9796%	1741	2310	1107	100.00%	100.00%	100.00%	100.00%	100.00%	100.00%	100.00%
HOXA11	C1021	16.9252%	1596	2106	1061	100.00%	100.00%	100.00%	100.00%	100.00%	100.00%	100.00%
ECT2L	C1021	93.0233%	2261	2628	1760	100.00%	100.00%	100.00%	100.00%	100.00%	100.00%	100.00%
CBFB	C1021,P1021	100%	1858	3051	1022	100.00%	100.00%	100.00%	100.00%	100.00%	100.00%	100.00%
BRAF	C1021,DC16,DG11,E59,Lym79,Lym93,P1021,E73	104.52%	2347	3501	630	100.00%	100.00%	100.00%	100.00%	100.00%	100.00%	97.90%
ERCC2	C1021	66.0969%	2295	3125	1355	100.00%	100.00%	100.00%	100.00%	100.00%	100.00%	100.00%
KDR	C1021,P1021	100%	2391	3508	1330	100.00%	100.00%	100.00%	100.00%	100.00%	100.00%	100.00%
SRC	C1021,E59,P1021	100.435%	2316	3613	1018	100.00%	100.00%	100.00%	100.00%	100.00%	100.00%	100.00%
ERCC3	C1021	100%	2513	3617	1368	100.00%	100.00%	100.00%	100.00%	100.00%	100.00%	100.00%
TAL1	C1021	26.3736%	1882	2480	1292	100.00%	100.00%	100.00%	100.00%	100.00%	100.00%	100.00%
DOT1L	C1021,P1021	100%	2511	3843	998	100.00%	100.00%	100.00%	100.00%	100.00%	100.00%	99.98%
ERCC4	NA	100%	2700	3787	1087	100.00%	100.00%	100.00%	100.00%	100.00%	100.00%	100.00%
EIF2C3	C1021	87.5912%	1562	1972	1141	100.00%	100.00%	100.00%	100.00%	100.00%	100.00%	100.00%
ERCC5	NA	100%	2527	3350	1195	100.00%	100.00%	100.00%	100.00%	100.00%	100.00%	100.00%
LGALS8	C1021	80%	1838	2347	1126	100.00%	100.00%	100.00%	100.00%	100.00%	100.00%	100.00%
PRKAA1	C1021,P1021	60.1786%	1718	2589	516	100.00%	100.00%	100.00%	100.00%	100.00%	100.00%	96.86%
ATRX	C1021	100.348%	1219	1696	452	100.00%	100.00%	100.00%	100.00%	100.00%	99.79%	81.37%
RAD51D	C1021,E73,H41,H62,HB23,FC59,FH44,H68,HBO28,H54	100%	2400	3259	929	100.00%	100.00%	100.00%	100.00%	100.00%	100.00%	99.50%
RAD51C	C1021,E73,H41,H62,HB23,FC59,FH44,H68,HBO28,MC58,MH43,H54	100%	2284	3306	1206	100.00%	100.00%	100.00%	100.00%	100.00%	100.00%	100.00%
RAD51B	C1021	94.8052%	1769	2902	307	100.00%	100.00%	100.00%	100.00%	100.00%	98.46%	92.75%
CRLF2	C1021	84.593%	2611	3728	1535	100.00%	100.00%	100.00%	100.00%	100.00%	100.00%	100.00%
LRP2	C1021,P1021	52.9891%	1854	2324	1263	100.00%	100.00%	100.00%	100.00%	100.00%	100.00%	100.00%
CYP1A1	C1021	41.958%	1864	2300	1317	100.00%	100.00%	100.00%	100.00%	100.00%	100.00%	100.00%
LRP6	C1021	59.1133%	2155	2691	1364	100.00%	100.00%	100.00%	100.00%	100.00%	100.00%	100.00%
CDA	C1021	87.218%	1882	2762	1006	100.00%	100.00%	100.00%	100.00%	100.00%	100.00%	100.00%
LRP4	C1021,P1021	81.7308%	2242	3380	446	100.00%	100.00%	100.00%	100.00%	100.00%	98.05%	83.98%
LRP5	C1021	50.6329%	1764	2376	1165	100.00%	100.00%	100.00%	100.00%	100.00%	100.00%	100.00%
IL10	NA	86.5854%	2098	2785	1241	100.00%	100.00%	100.00%	100.00%	100.00%	100.00%	100.00%
EIF2AK3	C1021	15.3649%	1513	2020	1008	100.00%	100.00%	100.00%	100.00%	100.00%	100.00%	100.00%
IMPG1	C1021,P1021	51.2821%	1583	2191	893	100.00%	100.00%	100.00%	100.00%	100.00%	100.00%	91.67%
GSTM5	C1021	100%	1911	2181	1497	100.00%	100.00%	100.00%	100.00%	100.00%	100.00%	100.00%
IL6	C1021	62.8272%	1851	2483	1184	100.00%	100.00%	100.00%	100.00%	100.00%	100.00%	100.00%
SOX9	C1021	100%	2829	4017	1720	100.00%	100.00%	100.00%	100.00%	100.00%	100.00%	100.00%
PARK2	C1021,P1021	100%	2133	2890	868	100.00%	100.00%	100.00%	100.00%	100.00%	100.00%	98.65%
COL1A1	C1021,P1021	74.0741%	2302	3079	1291	100.00%	100.00%	100.00%	100.00%	100.00%	100.00%	100.00%
RHEB	C1021,P1021	100%	1810	2122	1393	100.00%	100.00%	100.00%	100.00%	100.00%	100.00%	100.00%
CDH11	C1021	47.2441%	1977	2464	1310	100.00%	100.00%	100.00%	100.00%	100.00%	100.00%	100.00%
PPP2R1A	C1021	100%	2346	3379	624	100.00%	100.00%	100.00%	100.00%	100.00%	100.00%	97.87%
CYP19A1	C1021	49.5868%	1942	2422	1386	100.00%	100.00%	100.00%	100.00%	100.00%	100.00%	100.00%
IL1RAPL1	C1021,P1021	82.1918%	855	1108	527	100.00%	100.00%	100.00%	100.00%	100.00%	100.00%	34.17%
DTX1	C1021	17.5953%	762	1188	332	100.00%	100.00%	100.00%	100.00%	100.00%	68.33%	25.00%
WT1	C1021,Lym79,Lym93,H62,H68	100.322%	2769	4184	708	100.00%	100.00%	100.00%	100.00%	100.00%	100.00%	97.69%
SPEN	C1021	5.44218%	1997	2945	1330	100.00%	100.00%	100.00%	100.00%	100.00%	100.00%	100.00%
SH3PXD2A	C1021,P1021	6.07903%	2025	2837	1079	100.00%	100.00%	100.00%	100.00%	100.00%	100.00%	100.00%
JARID2	C1021	65.5738%	1829	2361	1223	100.00%	100.00%	100.00%	100.00%	100.00%	100.00%	100.00%
OR4A15	C1021,P1021	11.5942%	2047	2422	1703	100.00%	100.00%	100.00%	100.00%	100.00%	100.00%	100.00%
TTF1	C1021	51.0638%	2137	2426	1748	100.00%	100.00%	100.00%	100.00%	100.00%	100.00%	100.00%
FOXO3	C1021	8.56531%	2017	2529	1568	100.00%	100.00%	100.00%	100.00%	100.00%	100.00%	100.00%
MAP2K2	C1021,E59,P1021,E73	100%	2289	3349	877	100.00%	100.00%	100.00%	100.00%	100.00%	100.00%	95.55%
FOXO1	Lym79,Lym93	11.687%	1505	2623	606	100.00%	100.00%	100.00%	100.00%	100.00%	100.00%	78.26%
RUNX1T1	C1021	47.8088%	1947	2506	1333	100.00%	100.00%	100.00%	100.00%	100.00%	100.00%	100.00%
TOP1	C1021,P1021	96.3882%	2071	3049	765	100.00%	100.00%	100.00%	100.00%	100.00%	100.00%	99.19%
CRIPAK	C1021	8.94855%	2583	3263	1918	100.00%	100.00%	100.00%	100.00%	100.00%	100.00%	100.00%
MAP2K4	C1021,P1021	100%	2337	3504	817	100.00%	100.00%	100.00%	100.00%	100.00%	100.00%	97.94%
TRIM24	C1021	100%	1620	2124	886	100.00%	100.00%	100.00%	100.00%	100.00%	100.00%	96.67%
SOD2	C1021	41.3793%	878	992	670	100.00%	100.00%	100.00%	100.00%	100.00%	100.00%	0.00%
ELF3	C1021	72.8167%	2263	3111	1388	100.00%	100.00%	100.00%	100.00%	100.00%	100.00%	100.00%
RAD51	C1021	100%	2148	3360	697	100.00%	100.00%	100.00%	100.00%	100.00%	100.00%	98.25%
ANKRD11	NA	3.41957%	1990	2369	1253	100.00%	100.00%	100.00%	100.00%	100.00%	100.00%	100.00%
WASF3	C1021	32.6087%	1777	2114	1456	100.00%	100.00%	100.00%	100.00%	100.00%	100.00%	100.00%
NAP1L1	C1021	93.0233%	1899	2289	1480	100.00%	100.00%	100.00%	100.00%	100.00%	100.00%	100.00%
FAP	C1021	77.4194%	1660	1944	1279	100.00%	100.00%	100.00%	100.00%	100.00%	100.00%	100.00%
CBR1	C1021	30.4498%	1185	1611	577	100.00%	100.00%	100.00%	100.00%	100.00%	100.00%	70.79%
CBR3	C1021	26.1708%	2420	2893	1914	100.00%	100.00%	100.00%	100.00%	100.00%	100.00%	100.00%
MLLT3	C1021	16.8794%	1549	2266	712	100.00%	100.00%	100.00%	100.00%	100.00%	100.00%	87.39%
APEX1	C1021	23.166%	1778	2000	1375	100.00%	100.00%	100.00%	100.00%	100.00%	100.00%	100.00%
ANKRD30B	C1021,P1021	12.3457%	1579	1951	1151	100.00%	100.00%	100.00%	100.00%	100.00%	100.00%	100.00%
SEC31A	C1021	45.4545%	1998	2343	1424	100.00%	100.00%	100.00%	100.00%	100.00%	100.00%	100.00%
RGS3	C1021	28.6396%	1360	1858	917	100.00%	100.00%	100.00%	100.00%	100.00%	100.00%	84.17%
NRG1	NA	100%	1591	1880	1343	100.00%	100.00%	100.00%	100.00%	100.00%	100.00%	100.00%
TERT	C1021,P1021,E73	15.4799%	1549	1941	1213	100.00%	100.00%	100.00%	100.00%	100.00%	100.00%	100.00%
PLAG1	C1021	9.51626%	1795	2218	1239	100.00%	100.00%	100.00%	100.00%	100.00%	100.00%	100.00%
VHL	C1021,E59,P1021,E73,H41,H62,HE15,FC59,H68,HR14,MC58,H54	100%	1722	2574	927	100.00%	100.00%	100.00%	100.00%	100.00%	100.00%	96.12%
SMARCB1	C1021,P1021	100%	2599	3265	536	100.00%	100.00%	100.00%	100.00%	100.00%	100.00%	94.60%
FLCN	C1021,P1021,H41,H62,FC59,H68,HR14,MC58,H54	100%	2878	3995	1561	100.00%	100.00%	100.00%	100.00%	100.00%	100.00%	100.00%
SPOP	C1021	100%	2762	3395	1857	100.00%	100.00%	100.00%	100.00%	100.00%	100.00%	100.00%
SUCLG2	C1021	74.0741%	1699	2365	1000	100.00%	100.00%	100.00%	100.00%	100.00%	100.00%	99.17%
PHF6	C1021,Lym79,Lym93	80.4154%	936	1290	524	100.00%	100.00%	100.00%	100.00%	100.00%	100.00%	40.44%
SUCLG1	C1021	56.338%	1966	2367	1425	100.00%	100.00%	100.00%	100.00%	100.00%	100.00%	100.00%
TP53BP1	C1021,P1021	93.75%	1751	2316	986	100.00%	100.00%	100.00%	100.00%	100.00%	100.00%	99.17%
EPCAM	C1021,E73,H41,H62,HB23,HD31,HG15,HP16,FC59,FH44,H68,HBO28,HC22,HD32,HR14,LS5,MC58,MH43,H54	95.873%	2208	3622	938	100.00%	100.00%	100.00%	100.00%	100.00%	100.00%	99.34%
C3orf70	C1021	21.544%	1648	2008	1201	100.00%	100.00%	100.00%	100.00%	100.00%	100.00%	100.00%
DIS3L2	C1021	65.2174%	1839	2393	1136	100.00%	100.00%	100.00%	100.00%	100.00%	100.00%	100.00%
AXIN1	C1021	100%	2789	3710	1449	100.00%	100.00%	100.00%	100.00%	100.00%	100.00%	100.00%
CASP1	C1021	44.9438%	1508	2012	720	100.00%	100.00%	100.00%	100.00%	100.00%	100.00%	89.17%
INSR	NA	59.2308%	1712	2438	859	100.00%	100.00%	100.00%	100.00%	100.00%	100.00%	98.70%
PIM1	Lym79,Lym93	47.8903%	1405	1829	779	100.00%	100.00%	100.00%	100.00%	100.00%	100.00%	93.42%
CASP8	C1021,P1021	100%	2362	3137	987	100.00%	100.00%	100.00%	100.00%	100.00%	100.00%	99.82%
TFDP2	C1021	78.9474%	1649	2110	1022	100.00%	100.00%	100.00%	100.00%	100.00%	100.00%	100.00%
PDK1	C1021,P1021	100%	2146	3356	1117	100.00%	100.00%	100.00%	100.00%	100.00%	100.00%	100.00%
YY1AP1	C1021	79.4702%	2193	2647	1553	100.00%	100.00%	100.00%	100.00%	100.00%	100.00%	100.00%
BCL9	C1021	45.977%	1972	2417	1561	100.00%	100.00%	100.00%	100.00%	100.00%	100.00%	100.00%
C1S	C1021,P1021	75.6824%	2601	3413	1236	100.00%	100.00%	100.00%	100.00%	100.00%	100.00%	100.00%
EMID2	C1021,P1021	97.561%	2138	2569	1801	100.00%	100.00%	100.00%	100.00%	100.00%	100.00%	100.00%
BCL6	Lym79,Lym93	78.2609%	1952	2529	1244	100.00%	100.00%	100.00%	100.00%	100.00%	100.00%	100.00%
ABCC1	C1021	73.4797%	1933	2926	1110	100.00%	100.00%	100.00%	100.00%	100.00%	100.00%	100.00%
BCL3	C1021	63.8298%	1420	1732	954	100.00%	100.00%	100.00%	100.00%	100.00%	100.00%	99.17%
BCL2	C1021,Lym79,Lym93,P1021	100%	2439	3278	1773	100.00%	100.00%	100.00%	100.00%	100.00%	100.00%	100.00%
BCL2L1	C1021	100%	2206	2755	1310	100.00%	100.00%	100.00%	100.00%	100.00%	100.00%	100.00%
PTGS2	C1021,P1021	41.8118%	1607	1998	1119	100.00%	100.00%	100.00%	100.00%	100.00%	100.00%	100.00%
PTGS1	C1021	33.7079%	1705	2054	1307	100.00%	100.00%	100.00%	100.00%	100.00%	100.00%	100.00%
OR2T4	C1021,P1021	11.4613%	1669	1894	1309	100.00%	100.00%	100.00%	100.00%	100.00%	100.00%	100.00%
ERBB2IP	C1021	7.76197%	1657	2158	951	100.00%	100.00%	100.00%	100.00%	100.00%	100.00%	96.67%
USH2A	C1021	91.6031%	2059	2456	1688	100.00%	100.00%	100.00%	100.00%	100.00%	100.00%	100.00%
PLK1	C1021	82.7586%	2209	2842	1739	100.00%	100.00%	100.00%	100.00%	100.00%	100.00%	100.00%
MLH3	C1021,P1021,C1021,H62,HD31,H68,HC22,HD32,H54	100%	2501	3345	1003	100.00%	100.00%	100.00%	100.00%	100.00%	100.00%	100.00%
NCOR1	C1021,P1021	102.444%	2611	3676	944	100.00%	100.00%	100.00%	100.00%	100.00%	100.00%	99.89%
AKT1	C1021,E59,P1021,E73	100%	2464	3383	1130	100.00%	100.00%	100.00%	100.00%	100.00%	100.00%	100.00%
AKT2	C1021,P1021	100%	2472	3427	1233	100.00%	100.00%	100.00%	100.00%	100.00%	100.00%	100.00%
AKT3	C1021,P1021	100%	2138	3249	790	100.00%	100.00%	100.00%	100.00%	100.00%	100.00%	97.45%
NOTCH4	C1021,P1021	83.8107%	2276	3670	350	100.00%	100.00%	100.00%	100.00%	100.00%	97.35%	86.59%
NKX2-1	NA	95.937%	2643	3340	1980	100.00%	100.00%	100.00%	100.00%	100.00%	100.00%	100.00%
SERPINB3	C1021	100%	2760	3903	1017	100.00%	100.00%	100.00%	100.00%	100.00%	100.00%	100.00%
MS4A1	C1021,P1021	100%	2593	4044	1329	100.00%	100.00%	100.00%	100.00%	100.00%	100.00%	100.00%
HIST1H2AM	C1021	30.5344%	2114	2608	996	100.00%	100.00%	100.00%	100.00%	100.00%	100.00%	99.17%
PKD1L2	C1021,P1021	55.0459%	1828	2315	1264	100.00%	100.00%	100.00%	100.00%	100.00%	100.00%	100.00%
RYR1	C1021	55.2995%	2343	2632	1972	100.00%	100.00%	100.00%	100.00%	100.00%	100.00%	100.00%
RYR2	C1021,P1021	88.2353%	2111	2439	1610	100.00%	100.00%	100.00%	100.00%	100.00%	100.00%	100.00%
EIF1AX	P1021	96.7816%	975	1427	472	100.00%	100.00%	100.00%	100.00%	100.00%	98.83%	45.79%
NTRK1	C1021,E59,P1021,E73,H62,HE15,FC59,H68,MC58,H54	101.589%	3038	4153	614	100.00%	100.00%	100.00%	100.00%	100.00%	100.00%	98.84%
WHSC1L1	C1021	58.5366%	1705	2278	995	100.00%	100.00%	100.00%	100.00%	100.00%	100.00%	97.50%
NTRK3	C1021,P1021	101.429%	2312	3203	1142	100.00%	100.00%	100.00%	100.00%	100.00%	100.00%	100.00%
HSP90AB1	C1021	35.9281%	2136	2516	1629	100.00%	100.00%	100.00%	100.00%	100.00%	100.00%	100.00%
NAV3	C1021,P1021	46.8318%	2401	3097	1149	100.00%	100.00%	100.00%	100.00%	100.00%	100.00%	100.00%
ETS1	C1021	55.5556%	2429	2740	2033	100.00%	100.00%	100.00%	100.00%	100.00%	100.00%	100.00%
MYC	C1021,Lym79,Lym93,P1021	100%	2964	3758	1710	100.00%	100.00%	100.00%	100.00%	100.00%	100.00%	100.00%
RNASEL	C1021	70.987%	2419	3261	839	100.00%	100.00%	100.00%	100.00%	100.00%	100.00%	99.02%
DDX3X	C1021,Lym93,P1021	100%	957	1134	734	100.00%	100.00%	100.00%	100.00%	100.00%	100.00%	41.18%
SUZ12	C1021	100%	2360	2610	1963	100.00%	100.00%	100.00%	100.00%	100.00%	100.00%	100.00%
FAT3	C1021	18.2927%	2107	2512	1382	100.00%	100.00%	100.00%	100.00%	100.00%	100.00%	100.00%
CYP2A13	C1021,P1021	65.9341%	2046	2580	1360	100.00%	100.00%	100.00%	100.00%	100.00%	100.00%	100.00%
CD22	C1021	44.9438%	2161	2370	1853	100.00%	100.00%	100.00%	100.00%	100.00%	100.00%	100.00%
P4HB	C1021,P1021	74.8447%	2286	3195	1003	100.00%	100.00%	100.00%	100.00%	100.00%	100.00%	100.00%
FLI1	C1021	22.6415%	1879	2278	1324	100.00%	100.00%	100.00%	100.00%	100.00%	100.00%	100.00%
POT1	C1021	100%	1964	2976	888	100.00%	100.00%	100.00%	100.00%	100.00%	100.00%	98.70%
KLHL6	C1021,Lym93	39.7351%	1692	2163	1127	100.00%	100.00%	100.00%	100.00%	100.00%	100.00%	100.00%
CSNK1G3	C1021	51.0638%	2158	2612	1570	100.00%	100.00%	100.00%	100.00%	100.00%	100.00%	100.00%
FASLG	C1021	34.4828%	1448	1588	1201	100.00%	100.00%	100.00%	100.00%	100.00%	100.00%	100.00%
SMAD2	C1021	100%	2263	3105	949	100.00%	100.00%	100.00%	100.00%	100.00%	100.00%	99.72%
PMS1	C1021,P1021,C1021	100%	2454	3273	664	100.00%	100.00%	100.00%	100.00%	100.00%	100.00%	98.61%
ATP2B3	C1021	56.6038%	933	1203	667	100.00%	100.00%	100.00%	100.00%	100.00%	100.00%	36.67%
PRKDC	C1021,P1021	68.7138%	1584	2134	828	100.00%	100.00%	100.00%	100.00%	100.00%	100.00%	96.80%
SERPINB4	C1021	100%	2754	3809	1069	100.00%	100.00%	100.00%	100.00%	100.00%	100.00%	100.00%
UBR5	C1021	56.338%	1692	2243	1099	100.00%	100.00%	100.00%	100.00%	100.00%	100.00%	100.00%
KRAS	C1021,DC16,DG11,E59,Lym79,Lym93,P1021,E73	155.965%	2678	3464	1601	100.00%	100.00%	100.00%	100.00%	100.00%	100.00%	100.00%
SMO	C1021,E59,P1021,E73	95.1354%	2601	3747	1240	100.00%	100.00%	100.00%	100.00%	100.00%	100.00%	100.00%
SOCS1	Lym79,Lym93	94.3396%	2190	2807	999	100.00%	100.00%	100.00%	100.00%	100.00%	100.00%	99.83%
BRSK1	C1021	75%	1905	2466	1210	100.00%	100.00%	100.00%	100.00%	100.00%	100.00%	100.00%
EIF4G3	C1021	90.2256%	1799	2386	869	100.00%	100.00%	100.00%	100.00%	100.00%	100.00%	98.33%
MTHFR	C1021	59.2%	1869	2399	1288	100.00%	100.00%	100.00%	100.00%	100.00%	100.00%	100.00%
ROBO3	C1021	76.588%	2454	3418	1172	100.00%	100.00%	100.00%	100.00%	100.00%	100.00%	100.00%
ROBO2	C1021	36.6972%	1972	2250	1709	100.00%	100.00%	100.00%	100.00%	100.00%	100.00%	100.00%
MST1R	NA	100%	2709	3964	1346	100.00%	100.00%	100.00%	100.00%	100.00%	100.00%	100.00%
XIAP	NA	58.209%	886	1035	621	100.00%	100.00%	100.00%	100.00%	100.00%	100.00%	16.24%
GSK3B	C1021	61.8557%	1951	2310	1458	100.00%	100.00%	100.00%	100.00%	100.00%	100.00%	100.00%
L3MBTL1	C1021,P1021	78.9474%	1911	2346	1322	100.00%	100.00%	100.00%	100.00%	100.00%	100.00%	100.00%
ROBO1	C1021	38.835%	1846	2285	1297	100.00%	100.00%	100.00%	100.00%	100.00%	100.00%	100.00%
FAT1	C1021,P1021	100%	2702	3665	1301	100.00%	100.00%	100.00%	100.00%	100.00%	100.00%	100.00%
TLR4	C1021	5.30973%	1616	2068	1036	100.00%	100.00%	100.00%	100.00%	100.00%	100.00%	100.00%
FAT4	C1021	6.42398%	1819	2184	1350	100.00%	100.00%	100.00%	100.00%	100.00%	100.00%	100.00%
SIN3A	C1021	42.4028%	1291	1730	869	100.00%	100.00%	100.00%	100.00%	100.00%	100.00%	87.50%
PSG2	C1021,P1021	47.0588%	1355	1996	562	100.00%	100.00%	100.00%	100.00%	100.00%	100.00%	71.67%
KDM5A	C1021	99.9409%	2521	3486	495	100.00%	100.00%	100.00%	100.00%	100.00%	99.98%	98.96%
ACVR2A	C1021	77.4194%	1618	2126	1074	100.00%	100.00%	100.00%	100.00%	100.00%	100.00%	100.00%
RHOT1	C1021	99.1736%	1959	2294	1503	100.00%	100.00%	100.00%	100.00%	100.00%	100.00%	100.00%
ICK	C1021	37.3832%	2030	2411	1592	100.00%	100.00%	100.00%	100.00%	100.00%	100.00%	100.00%
ZNF217	C1021	94.0171%	1005	1417	670	100.00%	100.00%	100.00%	100.00%	100.00%	100.00%	49.09%
TAF15	C1021	21.3523%	1872	2351	1329	100.00%	100.00%	100.00%	100.00%	100.00%	100.00%	100.00%
HLA-C	NA	69.3855%	1861	2700	1108	100.00%	100.00%	100.00%	100.00%	100.00%	100.00%	100.00%
HLA-B	NA	66.4804%	1039	1454	363	100.00%	100.00%	100.00%	100.00%	100.00%	98.01%	58.23%
HLA-A	NA	59.6648%	2336	2990	1336	100.00%	100.00%	100.00%	100.00%	100.00%	100.00%	100.00%
NFKBIA	NA	100%	1168	1949	305	100.00%	100.00%	100.00%	100.00%	100.00%	97.40%	59.27%
TRAF2	NA	67.9012%	1836	2411	1156	100.00%	100.00%	100.00%	100.00%	100.00%	100.00%	100.00%
ASMTL	C1021	64.8649%	1771	2249	1156	100.00%	100.00%	100.00%	100.00%	100.00%	100.00%	100.00%
FMN2	C1021,P1021	6.20476%	657	828	455	100.00%	100.00%	100.00%	100.00%	100.00%	96.67%	0.00%
MIOS	C1021	58.5366%	1590	2050	974	100.00%	100.00%	100.00%	100.00%	100.00%	100.00%	98.33%
DEK	C1021	88.2353%	2075	2498	1410	100.00%	100.00%	100.00%	100.00%	100.00%	100.00%	100.00%
NRXN1	C1021,P1021	15.544%	1664	1939	1262	100.00%	100.00%	100.00%	100.00%	100.00%	100.00%	100.00%
CLTC	C1021	73.1707%	1548	1868	957	100.00%	100.00%	100.00%	100.00%	100.00%	100.00%	97.50%
DNM2	C1021	47.619%	977	1325	407	100.00%	100.00%	100.00%	100.00%	100.00%	95.83%	51.67%
EED	NA	82.0896%	1434	1786	1074	100.00%	100.00%	100.00%	100.00%	100.00%	100.00%	100.00%
ARID4B	C1021	9.92556%	1696	2205	1124	100.00%	100.00%	100.00%	100.00%	100.00%	100.00%	100.00%
FLG	C1021	0.996016%	5936	8272	2960	100.00%	100.00%	100.00%	100.00%	100.00%	100.00%	100.00%
PLXNB2	C1021	81.6327%	1871	2426	1288	100.00%	100.00%	100.00%	100.00%	100.00%	100.00%	100.00%
EGFL7	NA	94.0171%	1674	1967	1189	100.00%	100.00%	100.00%	100.00%	100.00%	100.00%	100.00%
PREX2	C1021,P1021	76.0814%	1628	2231	728	100.00%	100.00%	100.00%	100.00%	100.00%	100.00%	93.99%
CHD4	C1021,P1021	68.7715%	1917	2654	1236	100.00%	100.00%	100.00%	100.00%	100.00%	100.00%	100.00%
LRRK2	C1021	77.4194%	1833	2075	1443	100.00%	100.00%	100.00%	100.00%	100.00%	100.00%	100.00%
NR1I2	C1021	64.9402%	1821	2316	1204	100.00%	100.00%	100.00%	100.00%	100.00%	100.00%	100.00%
CHD9	C1021	13.245%	1987	2562	1460	100.00%	100.00%	100.00%	100.00%	100.00%	100.00%	100.00%
CHD8	C1021	31.0881%	1904	2402	1296	100.00%	100.00%	100.00%	100.00%	100.00%	100.00%	100.00%
ASXL2	C1021,P1021	73.1707%	2016	2420	1461	100.00%	100.00%	100.00%	100.00%	100.00%	100.00%	100.00%
THBS2	C1021,P1021	51.0638%	1733	2230	1087	100.00%	100.00%	100.00%	100.00%	100.00%	100.00%	100.00%
SBDS	C1021	59.7015%	1428	1824	982	100.00%	100.00%	100.00%	100.00%	100.00%	100.00%	99.17%
PIK3R2	C1021,P1021	98.0615%	2108	3031	367	100.00%	100.00%	100.00%	100.00%	100.00%	98.95%	95.93%
PIK3R1	C1021,P1021	100%	2165	3112	1019	100.00%	100.00%	100.00%	100.00%	100.00%	100.00%	100.00%
DDX5	C1021	29.703%	1643	2134	1187	100.00%	100.00%	100.00%	100.00%	100.00%	100.00%	100.00%
IFNG	C1021	100%	2426	3463	1132	100.00%	100.00%	100.00%	100.00%	100.00%	100.00%	100.00%
CYLD	C1021	100%	2391	3786	1018	100.00%	100.00%	100.00%	100.00%	100.00%	100.00%	100.00%
TSC1	C1021,E59,P1021,E73,H62,HT2,H68	100%	2790	4374	736	100.00%	100.00%	100.00%	100.00%	100.00%	100.00%	99.06%
TOP2A	C1021	99.1732%	2249	3257	652	100.00%	100.00%	100.00%	100.00%	100.00%	100.00%	99.33%
SMC1A	C1021	100%	1032	1314	686	100.00%	100.00%	100.00%	100.00%	100.00%	100.00%	60.19%
SMC1B	C1021	46.332%	1838	2505	1039	100.00%	100.00%	100.00%	100.00%	100.00%	100.00%	100.00%
GRB7	C1021	76.8657%	2586	3466	1239	100.00%	100.00%	100.00%	100.00%	100.00%	100.00%	100.00%
STAG2	C1021,P1021	100%	1053	1558	124	100.00%	100.00%	100.00%	100.00%	99.82%	97.94%	56.72%
MN1	C1021	6.32108%	2472	2966	1584	100.00%	100.00%	100.00%	100.00%	100.00%	100.00%	100.00%
STAG1	C1021	58.5366%	1676	2056	1332	100.00%	100.00%	100.00%	100.00%	100.00%	100.00%	100.00%
RNF43	C1021,P1021	100%	2973	4039	913	100.00%	100.00%	100.00%	100.00%	100.00%	100.00%	99.70%
TFE3	C1021	26.7857%	868	1206	458	100.00%	100.00%	100.00%	100.00%	100.00%	97.39%	21.17%
HIST1H2BD	C1021	31.4961%	1533	1908	1087	100.00%	100.00%	100.00%	100.00%	100.00%	100.00%	100.00%
RHOH	C1021	20.8333%	1581	2145	1033	100.00%	100.00%	100.00%	100.00%	100.00%	100.00%	100.00%
RECQL	NA	100%	2277	3181	688	100.00%	100.00%	100.00%	100.00%	100.00%	100.00%	96.95%
RAD21	C1021	70.318%	1689	2370	340	100.00%	100.00%	100.00%	100.00%	100.00%	98.33%	96.33%
APC	C1021,E59,P1021,E73,H41,H62,HD31,HG15,HP16,FC59,FH44,H68,HC22,HD32,MC58,MH43,H54	100%	2602	3481	887	100.00%	100.00%	100.00%	100.00%	100.00%	100.00%	99.93%
NQO1	C1021	32.6797%	2178	2401	1817	100.00%	100.00%	100.00%	100.00%	100.00%	100.00%	100.00%
FGF6	C1021	34.6821%	2199	2862	1550	100.00%	100.00%	100.00%	100.00%	100.00%	100.00%	100.00%
RHOA	C1021,Lym79,Lym93,P1021	100%	2407	2881	1632	100.00%	100.00%	100.00%	100.00%	100.00%	100.00%	100.00%
FGF4	C1021	100%	2857	3548	1960	100.00%	100.00%	100.00%	100.00%	100.00%	100.00%	100.00%
FGF3	C1021	100%	2929	3933	1503	100.00%	100.00%	100.00%	100.00%	100.00%	100.00%	100.00%
FAT2	C1021	100%	3083	4126	1301	100.00%	100.00%	100.00%	100.00%	100.00%	100.00%	100.00%
HIST1H2BJ	C1021	31.4961%	1191	1585	603	100.00%	100.00%	100.00%	100.00%	100.00%	100.00%	70.00%
HIST1H2BK	C1021	31.4961%	2363	2798	1783	100.00%	100.00%	100.00%	100.00%	100.00%	100.00%	100.00%
ETV1	C1021	48.3871%	2054	2271	1791	100.00%	100.00%	100.00%	100.00%	100.00%	100.00%	100.00%
ABCG2	C1021	78.4314%	1926	2533	1211	100.00%	100.00%	100.00%	100.00%	100.00%	100.00%	100.00%
ETV5	C1021	54.0541%	2004	2238	1434	100.00%	100.00%	100.00%	100.00%	100.00%	100.00%	100.00%
TAF1	C1021	62.6632%	1023	1445	535	100.00%	100.00%	100.00%	100.00%	100.00%	100.00%	56.46%
ETV6	C1021,Lym79,Lym93,P1021	45.1892%	2331	3041	938	100.00%	100.00%	100.00%	100.00%	100.00%	100.00%	99.29%
MPL	C1021,P1021	100%	2669	3664	1289	100.00%	100.00%	100.00%	100.00%	100.00%	100.00%	100.00%
SDC4	NA	56.4516%	1924	2223	1520	100.00%	100.00%	100.00%	100.00%	100.00%	100.00%	100.00%
HOXD13	C1021	15.3649%	2224	3002	1351	100.00%	100.00%	100.00%	100.00%	100.00%	100.00%	100.00%
TNFAIP3	C1021,Lym79,Lym93	100%	2467	3517	1070	100.00%	100.00%	100.00%	100.00%	100.00%	100.00%	100.00%
CPS1	C1021	61.5385%	1812	2192	1438	100.00%	100.00%	100.00%	100.00%	100.00%	100.00%	100.00%
C15orf23	C1021	87.5598%	727	921	246	100.00%	100.00%	100.00%	100.00%	100.00%	84.70%	0.00%
HECW1	C1021,P1021	70.5882%	1852	2392	1045	100.00%	100.00%	100.00%	100.00%	100.00%	100.00%	100.00%
CIITA	C1021	7.26832%	1873	2322	1418	100.00%	100.00%	100.00%	100.00%	100.00%	100.00%	100.00%
WNT5A	C1021	47.8088%	1567	2010	961	100.00%	100.00%	100.00%	100.00%	100.00%	100.00%	97.50%
KDM5C	C1021	100%	1406	2116	689	100.00%	100.00%	100.00%	100.00%	100.00%	100.00%	93.69%
FAM5C	C1021,P1021	10.7431%	1712	2485	899	100.00%	100.00%	100.00%	100.00%	100.00%	100.00%	82.50%
RANBP2	C1021	10.2669%	1805	2927	925	100.00%	100.00%	100.00%	100.00%	100.00%	100.00%	99.17%
ARHGAP29	C1021	51.5021%	2318	2895	1906	100.00%	100.00%	100.00%	100.00%	100.00%	100.00%	100.00%
HIST1H3D	NA	29.1971%	1560	1806	1218	100.00%	100.00%	100.00%	100.00%	100.00%	100.00%	100.00%
LATS2	NA	65.5738%	2073	2671	1222	100.00%	100.00%	100.00%	100.00%	100.00%	100.00%	100.00%
RECQL4	C1021	101.293%	2778	4223	252	100.00%	100.00%	100.00%	100.00%	100.00%	99.97%	99.59%
EPHA7	C1021,Lym79,Lym93	27.7778%	1655	2255	940	100.00%	100.00%	100.00%	100.00%	100.00%	100.00%	98.75%
EPHA5	C1021,P1021	99.5825%	2255	3045	841	100.00%	100.00%	100.00%	100.00%	100.00%	100.00%	99.49%
EPHA4	C1021	18.0723%	1829	2389	1132	100.00%	100.00%	100.00%	100.00%	100.00%	100.00%	100.00%
EPHA3	C1021,P1021	100%	2172	2914	1020	100.00%	100.00%	100.00%	100.00%	100.00%	100.00%	100.00%
EPHA2	C1021,P1021	100%	2884	4075	1048	100.00%	100.00%	100.00%	100.00%	100.00%	100.00%	100.00%
EPHA1	C1021	42.5532%	2195	2888	1392	100.00%	100.00%	100.00%	100.00%	100.00%	100.00%	100.00%
MUTYH	C1021,H41,H62,HB23,HD31,HE15,FC59,FH44,H68,HBO28,HC22,HD32,MC58,MH43,H54	100%	2762	3644	1226	100.00%	100.00%	100.00%	100.00%	100.00%	100.00%	100.00%
ABL1	C1021,P1021	100%	3256	4567	1107	100.00%	100.00%	100.00%	100.00%	100.00%	100.00%	100.00%
MUC5B	C1021,P1021	100%	2203	2847	1536	100.00%	100.00%	100.00%	100.00%	100.00%	100.00%	100.00%
ABL2	C1021,P1021	63.4164%	2396	3885	118	100.00%	100.00%	100.00%	100.00%	99.55%	98.58%	96.30%
IKZF1	C1021,Lym79,Lym93	100%	2862	3647	1469	100.00%	100.00%	100.00%	100.00%	100.00%	100.00%	100.00%
NCOR2	C1021,P1021	84.4595%	2375	2774	1771	100.00%	100.00%	100.00%	100.00%	100.00%	100.00%	100.00%
IKZF3	C1021	17.0455%	2099	2608	1496	100.00%	100.00%	100.00%	100.00%	100.00%	100.00%	100.00%
IKZF2	C1021	16.5517%	2074	2642	1456	100.00%	100.00%	100.00%	100.00%	100.00%	100.00%	100.00%
FZD1	C1021	6.17284%	2305	2936	1504	100.00%	100.00%	100.00%	100.00%	100.00%	100.00%	100.00%
TNN	C1021,P1021	45.4545%	2327	3014	1426	100.00%	100.00%	100.00%	100.00%	100.00%	100.00%	100.00%
GATA1	NA	58.5284%	1125	1523	582	100.00%	100.00%	100.00%	100.00%	100.00%	100.00%	71.78%
DCC	C1021	86.3309%	1236	1621	716	100.00%	100.00%	100.00%	100.00%	100.00%	100.00%	64.17%
PRKCB	C1021	86.3309%	2022	2692	1144	100.00%	100.00%	100.00%	100.00%	100.00%	100.00%	100.00%
BCL10	NA	36.4341%	1491	2018	714	100.00%	100.00%	100.00%	100.00%	100.00%	100.00%	91.95%
POLD1	C1021,H41,H62,HD31,FC59,FH44,H68,HC22,HD32,MC58,MH43,H54	99.6089%	2521	3835	810	100.00%	100.00%	100.00%	100.00%	100.00%	100.00%	99.28%
FGF19	NA	100%	2797	3872	1573	100.00%	100.00%	100.00%	100.00%	100.00%	100.00%	100.00%
MAPK1	C1021,P1021	99.446%	2215	3366	595	100.00%	100.00%	100.00%	100.00%	100.00%	100.00%	92.99%
KDM6A	C1021,P1021	100%	1156	1707	425	100.00%	100.00%	100.00%	100.00%	100.00%	99.62%	67.58%
NBN	C1021,H41,H62,HB23,FC59,FH44,H68,HBO28,HPro6,MC58,MH43,H54	100%	2002	3029	605	100.00%	100.00%	100.00%	100.00%	100.00%	100.00%	97.76%
PABPC1	C1021	100%	1868	2597	987	100.00%	100.00%	100.00%	100.00%	100.00%	100.00%	98.29%
ADAM29	C1021	4.87211%	2097	2561	1475	100.00%	100.00%	100.00%	100.00%	100.00%	100.00%	100.00%
FGF12	NA	56.7839%	1600	1866	1279	100.00%	100.00%	100.00%	100.00%	100.00%	100.00%	100.00%
FGF10	C1021	60.6061%	1662	2067	1213	100.00%	100.00%	100.00%	100.00%	100.00%	100.00%	100.00%
DLC1	C1021	11.7302%	1833	2478	941	100.00%	100.00%	100.00%	100.00%	100.00%	100.00%	99.17%
MED12	C1021,P1021	98.0716%	1189	1645	252	100.00%	100.00%	100.00%	100.00%	100.00%	98.99%	80.21%
FGF14	C1021	60.3015%	1510	2039	827	100.00%	100.00%	100.00%	100.00%	100.00%	100.00%	80.83%
ASH1L	C1021	28.5714%	1816	2564	1007	100.00%	100.00%	100.00%	100.00%	100.00%	100.00%	100.00%
MACF1	C1021	100%	2027	2407	1618	100.00%	100.00%	100.00%	100.00%	100.00%	100.00%	100.00%
ELN	C1021	95.2381%	2203	2868	1383	100.00%	100.00%	100.00%	100.00%	100.00%	100.00%	100.00%
RBL1	C1021	56.6038%	2407	2685	1998	100.00%	100.00%	100.00%	100.00%	100.00%	100.00%	100.00%
TBL1XR1	C1021	95.0673%	1990	2645	740	100.00%	100.00%	100.00%	100.00%	100.00%	100.00%	95.75%
PDILT	C1021,P1021	48.1928%	2406	2798	1795	100.00%	100.00%	100.00%	100.00%	100.00%	100.00%	100.00%
CTLA4	C1021,Lym79,Lym93	34.4828%	1946	2567	1212	100.00%	100.00%	100.00%	100.00%	100.00%	100.00%	100.00%
ZFP36L1	C1021	12.5%	1565	2008	889	100.00%	100.00%	100.00%	100.00%	100.00%	100.00%	94.17%
ZFP36L2	C1021	8.3682%	938	1155	659	100.00%	100.00%	100.00%	100.00%	100.00%	100.00%	35.00%
ATP12A	C1021,P1021	68.1818%	2023	2581	1439	100.00%	100.00%	100.00%	100.00%	100.00%	100.00%	100.00%
ICOSLG	NA	66.6667%	1867	2504	1202	100.00%	100.00%	100.00%	100.00%	100.00%	100.00%	100.00%
ARFGEF1	C1021	59.4059%	1389	1779	885	100.00%	100.00%	100.00%	100.00%	100.00%	100.00%	92.50%
BCOR	C1021,Lym93	100%	1418	1856	523	100.00%	100.00%	100.00%	100.00%	100.00%	100.00%	94.07%
HIST1H1D	C1021	18.018%	1555	1920	1168	100.00%	100.00%	100.00%	100.00%	100.00%	100.00%	100.00%
SYNE1	C1021,P1021	76.9231%	1786	2298	1271	100.00%	100.00%	100.00%	100.00%	100.00%	100.00%	100.00%
CRNKL1	C1021	51.3919%	983	1270	675	100.00%	100.00%	100.00%	100.00%	100.00%	100.00%	47.92%
HEY1	C1021	20.5479%	2050	2386	1689	100.00%	100.00%	100.00%	100.00%	100.00%	100.00%	100.00%
SEMA3A	C1021	26.3158%	1569	1948	1173	100.00%	100.00%	100.00%	100.00%	100.00%	100.00%	100.00%
ZNF521	C1021	3.57888%	1867	2252	1429	100.00%	100.00%	100.00%	100.00%	100.00%	100.00%	100.00%
GLB1L3	C1021,P1021	100%	2053	2589	1377	100.00%	100.00%	100.00%	100.00%	100.00%	100.00%	100.00%
DICER1	C1021	99.272%	2323	3155	1101	100.00%	100.00%	100.00%	100.00%	100.00%	100.00%	100.00%
SOS1	C1021	24.3902%	2054	2419	1454	100.00%	100.00%	100.00%	100.00%	100.00%	100.00%	100.00%
WDR90	C1021	97.561%	1545	2243	596	100.00%	100.00%	100.00%	100.00%	100.00%	100.00%	91.67%
ID3	Lym79,Lym93	40%	1843	2343	1430	100.00%	100.00%	100.00%	100.00%	100.00%	100.00%	100.00%
ZIC3	C1021	11.3208%	1063	1333	644	100.00%	100.00%	100.00%	100.00%	100.00%	100.00%	63.33%
MET	C1021,DC16,DG11,E59,P1021,E73,H41,H62,FC59,H68,HR14,MC58,H54	100%	2615	3796	898	100.00%	100.00%	100.00%	100.00%	100.00%	100.00%	99.79%
CNTN1	C1021,P1021	64.1711%	2125	2484	1593	100.00%	100.00%	100.00%	100.00%	100.00%	100.00%	100.00%
NKX3-1	C1021	28.6396%	2164	2741	1356	100.00%	100.00%	100.00%	100.00%	100.00%	100.00%	100.00%
WWOX	C1021	45.283%	2005	2694	1399	100.00%	100.00%	100.00%	100.00%	100.00%	100.00%	100.00%
HSP90AA1	C1021	45.7061%	1713	2615	860	100.00%	100.00%	100.00%	100.00%	100.00%	100.00%	96.04%
PSMB5	C1021,P1021	72.9798%	2275	3096	519	100.00%	100.00%	100.00%	100.00%	100.00%	100.00%	95.18%
RPS6KB1	C1021,P1021	86.9379%	2137	3066	1086	100.00%	100.00%	100.00%	100.00%	100.00%	100.00%	100.00%
PSMB1	C1021,P1021	70.5696%	2091	2678	1205	100.00%	100.00%	100.00%	100.00%	100.00%	100.00%	100.00%
AMOT	C1021,P1021	82.1918%	1146	1463	886	100.00%	100.00%	100.00%	100.00%	100.00%	100.00%	78.33%
CIC	C1021	99.8135%	2650	3720	646	100.00%	100.00%	100.00%	100.00%	100.00%	100.00%	98.43%
MYCL1	C1021	99.9156%	2806	3646	717	100.00%	100.00%	100.00%	100.00%	100.00%	100.00%	98.90%
NUMA1	C1021	56.338%	1978	2622	1250	100.00%	100.00%	100.00%	100.00%	100.00%	100.00%	100.00%
KALRN	C1021	61.2245%	2289	3004	1418	100.00%	100.00%	100.00%	100.00%	100.00%	100.00%	100.00%
BCL11A	C1021	6.88468%	1168	1530	905	100.00%	100.00%	100.00%	100.00%	100.00%	100.00%	80.00%
ROCK1	C1021,P1021	73.7758%	2003	3019	1092	100.00%	100.00%	100.00%	100.00%	100.00%	100.00%	100.00%
CNTNAP1	C1021	45.8015%	1817	2283	1399	100.00%	100.00%	100.00%	100.00%	100.00%	100.00%	100.00%
HIST1H2AL	C1021	30.5344%	1665	2010	1413	100.00%	100.00%	100.00%	100.00%	100.00%	100.00%	100.00%
BCL11B	C1021	5.86797%	1439	2001	888	100.00%	100.00%	100.00%	100.00%	100.00%	100.00%	93.33%
CNTNAP5	C1021,P1021	60.9137%	1787	2396	885	100.00%	100.00%	100.00%	100.00%	100.00%	100.00%	90.00%
ELF1	C1021	26.6667%	2158	2702	1507	100.00%	100.00%	100.00%	100.00%	100.00%	100.00%	100.00%
ACACA	C1021	58.8235%	1989	2336	1339	100.00%	100.00%	100.00%	100.00%	100.00%	100.00%	100.00%
HIST1H2AG	C1021	30.5344%	1544	1993	1009	100.00%	100.00%	100.00%	100.00%	100.00%	100.00%	100.00%
NOTCH3	C1021,P1021	98.6793%	2603	4090	590	100.00%	100.00%	100.00%	100.00%	100.00%	100.00%	99.45%
LATS1	NA	15.7895%	1820	2412	1108	100.00%	100.00%	100.00%	100.00%	100.00%	100.00%	100.00%
UGT1A1	C1021,DC16,E59,E73	28.7037%	2094	2713	1238	100.00%	100.00%	100.00%	100.00%	100.00%	100.00%	100.00%
HIST1H2AC	C1021	30.5344%	1668	1945	1402	100.00%	100.00%	100.00%	100.00%	100.00%	100.00%	100.00%
RAB35	C1021	49.6%	2219	2657	1807	100.00%	100.00%	100.00%	100.00%	100.00%	100.00%	100.00%
BCL2L11	C1021,E59,P1021,E73	15.9898%	2411	3145	1663	100.00%	100.00%	100.00%	100.00%	100.00%	100.00%	100.00%
SERPINA7	C1021,P1021	19.2926%	930	1249	554	100.00%	100.00%	100.00%	100.00%	100.00%	100.00%	37.50%
SVEP1	C1021	59.4059%	1932	2309	1369	100.00%	100.00%	100.00%	100.00%	100.00%	100.00%	100.00%
MLH1	C1021,DC16,E59,P1021,E73,C1021,H41,H62,HB23,HD31,HG15,HP16,FC59,FH44,H68,HBO28,HC22,HD32,HR14,LS5,MC58,MH43,H54	100%	1883	3057	340	100.00%	100.00%	100.00%	100.00%	100.00%	99.61%	96.38%
GLI2	C1021	80%	2037	2594	1536	100.00%	100.00%	100.00%	100.00%	100.00%	100.00%	100.00%
GLI3	C1021	36.5854%	1763	2047	1299	100.00%	100.00%	100.00%	100.00%	100.00%	100.00%	100.00%
LRP1B	C1021,P1021	100%	2172	3123	873	100.00%	100.00%	100.00%	100.00%	100.00%	100.00%	99.91%
GLI1	C1021	67.052%	1592	2121	831	100.00%	100.00%	100.00%	100.00%	100.00%	100.00%	96.55%
SGCZ	C1021,P1021	61.5385%	1685	2279	932	100.00%	100.00%	100.00%	100.00%	100.00%	100.00%	97.50%
ABCC2	C1021	64.3701%	2025	2572	1065	100.00%	100.00%	100.00%	100.00%	100.00%	100.00%	100.00%
GNA13	C1021,Lym79,Lym93	20.9424%	2228	2924	1171	100.00%	100.00%	100.00%	100.00%	100.00%	100.00%	100.00%
DNMT3B	NA	100%	1909	2309	1222	100.00%	100.00%	100.00%	100.00%	100.00%	100.00%	100.00%
CHD1	C1021	44.1176%	1152	1550	744	100.00%	100.00%	100.00%	100.00%	100.00%	100.00%	65.00%
PDGFB	C1021	96%	2117	2755	1374	100.00%	100.00%	100.00%	100.00%	100.00%	100.00%	100.00%
DNMT3A	C1021,Lym79,Lym93,P1021	100%	2668	3712	1180	100.00%	100.00%	100.00%	100.00%	100.00%	100.00%	100.00%
TRAF7	NA	84%	2265	3030	904	100.00%	100.00%	100.00%	100.00%	100.00%	100.00%	98.11%
TMPRSS2	C1021,P1021	100.252%	2812	3981	1544	100.00%	100.00%	100.00%	100.00%	100.00%	100.00%	100.00%
GNA11	C1021,P1021,E73	103.981%	2504	3342	1065	100.00%	100.00%	100.00%	100.00%	100.00%	100.00%	100.00%
SDHA	C1021,H62,HE15,FC59,H68,MC58,H54	100%	2294	3656	604	100.00%	100.00%	100.00%	100.00%	100.00%	100.00%	99.30%
GPC3	C1021	75%	1104	1269	885	100.00%	100.00%	100.00%	100.00%	100.00%	100.00%	89.17%
TSC2	C1021,E59,P1021,E73,H62,HT2,H68	100%	2501	3861	1154	100.00%	100.00%	100.00%	100.00%	100.00%	100.00%	100.00%
KAT6B	C1021	22.792%	2421	2916	1797	100.00%	100.00%	100.00%	100.00%	100.00%	100.00%	100.00%
BIRC3	C1021,Lym79,Lym93	14.068%	1877	2284	1383	100.00%	100.00%	100.00%	100.00%	100.00%	100.00%	100.00%
ITSN1	C1021	48.3871%	1739	2169	1473	100.00%	100.00%	100.00%	100.00%	100.00%	100.00%	100.00%
NPM1	C1021	96.8362%	1927	2845	1077	100.00%	100.00%	100.00%	100.00%	100.00%	100.00%	100.00%
KAT6A	C1021	4.5062%	1552	2093	931	100.00%	100.00%	100.00%	100.00%	100.00%	100.00%	91.67%
ABCC11	C1021	74.7061%	2339	3404	916	100.00%	100.00%	100.00%	100.00%	100.00%	100.00%	99.80%
BBS9	C1021,P1021	68.5714%	1895	2246	1448	100.00%	100.00%	100.00%	100.00%	100.00%	100.00%	100.00%
PTPRU	C1021	62.8272%	2372	2825	1902	100.00%	100.00%	100.00%	100.00%	100.00%	100.00%	100.00%
PTPRT	C1021	68.4615%	2214	3329	743	100.00%	100.00%	100.00%	100.00%	100.00%	100.00%	97.24%
PTPRS	NA	20.6186%	2200	2800	1596	100.00%	100.00%	100.00%	100.00%	100.00%	100.00%	100.00%
ESR1	C1021,DB16,E59,P1021,E73	100%	2520	3573	1292	100.00%	100.00%	100.00%	100.00%	100.00%	100.00%	100.00%
CLP1	C1021	17.8571%	1286	1770	764	100.00%	100.00%	100.00%	100.00%	100.00%	100.00%	80.00%
NF2	C1021,P1021,H62,H68	100%	2469	3932	893	100.00%	100.00%	100.00%	100.00%	100.00%	100.00%	99.72%
CHD6	C1021,P1021	80%	1957	2644	1281	100.00%	100.00%	100.00%	100.00%	100.00%	100.00%	100.00%
EZR	C1021,E73	70.5455%	2299	3601	1275	100.00%	100.00%	100.00%	100.00%	100.00%	100.00%	100.00%
UPF3B	C1021	55.7377%	961	1112	788	100.00%	100.00%	100.00%	100.00%	100.00%	100.00%	27.18%
GRIN2A	C1021	100%	2768	3928	1270	100.00%	100.00%	100.00%	100.00%	100.00%	100.00%	100.00%
G3BP1	C1021	68.9655%	1702	2329	1005	100.00%	100.00%	100.00%	100.00%	100.00%	100.00%	100.00%
PTPRB	C1021	30.303%	1534	2078	1018	100.00%	100.00%	100.00%	100.00%	100.00%	100.00%	100.00%
FAM175A	C1021	100%	2088	2972	823	100.00%	100.00%	100.00%	100.00%	100.00%	100.00%	96.85%
PTPRO	C1021	61.8557%	2017	2422	1614	100.00%	100.00%	100.00%	100.00%	100.00%	100.00%	100.00%
SDHC	C1021,H62,HD31,HG15,HE15,FC59,FH44,H68,HD32,MC58,MH43,H54	103.922%	2304	3603	1159	100.00%	100.00%	100.00%	100.00%	100.00%	100.00%	100.00%
SDHB	C1021,H41,H62,HD31,HG15,HE15,FC59,FH44,H68,HD32,HR14,MC58,MH43,H54	100%	2297	3217	654	100.00%	100.00%	100.00%	100.00%	100.00%	100.00%	97.06%
PTPRK	C1021	43.7956%	1672	2193	1079	100.00%	100.00%	100.00%	100.00%	100.00%	100.00%	100.00%
SDHD	C1021,H41,H62,HE15,FC59,H68,HR14,MC58,H54	100%	2167	3268	709	100.00%	100.00%	100.00%	100.00%	100.00%	100.00%	94.63%
CD5L	C1021,P1021	37.3832%	1762	2364	995	100.00%	100.00%	100.00%	100.00%	100.00%	100.00%	97.50%
PRKAR1A	C1021	100%	2461	3167	1526	100.00%	100.00%	100.00%	100.00%	100.00%	100.00%	100.00%
