name,population,population_fit,contamination(%),confidence_interval_95_width,confidence_interval_95_low,confidence_interval_95_high,sites(%)
META,ALL,n/a,0.0245,0.0196,0.0155,0.0351,57


lane,chrom,position,rs_id,ref,freq_major_allele,freq_minor_allele,geli_gt,maf,major_allele_counts,minor_allele_counts,a_counts,c_counts,g_counts,t_counts
META,1,11205058,,C,C,T,TT,0.4936,0,2176,0,0,0,2176
META,1,45293518,,A,A,G,GG,0.4502,0,2003,0,0,2003,2
META,1,156846233,,G,G,A,AA,0.1961,0,2904,2904,0,0,0
META,1,182554557,,C,C,T,TT,0.1997,0,1027,0,0,0,1027
META,1,203152801,,T,T,C,CC,0.3298,0,1918,0,1918,0,0
META,2,29416481,,T,T,C,CC,0.4052,1,2652,2,2652,0,1
META,2,29445458,,G,G,T,TT,0.3984,0,1541,0,1,0,1541
META,4,55174885,,C,C,T,TT,0.3904,0,1456,0,0,0,1456
META,4,55193347,,T,T,C,CC,0.4269,0,1258,0,1258,0,0
META,4,55490810,,C,C,T,TT,0.1885,0,1826,1,0,0,1826
META,4,84383810,,C,C,T,TT,0.3683,0,2393,0,0,1,2393
META,4,187630590,,G,G,A,AA,0.2882,0,2397,2397,0,0,0
META,5,35871273,,C,C,T,TT,0.1283,0,2028,0,0,0,2028
META,5,38955796,,G,G,A,AA,0.3872,1,1025,1025,0,1,0
META,5,67522722,,C,C,T,TT,0.4839,1,2391,0,1,0,2391
META,5,112162854,,T,T,C,CC,0.4465,2,2256,0,2256,1,2
META,5,170819887,,G,G,A,AA,0.4452,3,2301,2301,0,3,0
META,5,170820024,,G,G,A,AA,0.4477,1,1530,1530,0,1,0
META,5,176637240,,G,G,T,TT,0.2210,0,2962,0,0,0,2962
META,5,176637576,,T,T,C,CC,0.2387,0,2876,0,2876,0,0
META,6,117678083,,A,A,G,GG,0.3660,1,1845,1,0,1845,0
META,7,47968927,,C,C,A,AA,0.4828,0,1822,1822,0,0,0
META,7,55221655,,G,G,A,AA,0.2930,0,1359,1359,0,0,0
META,7,55229255,,G,G,A,AA,0.2545,1,3083,3083,0,1,0
META,7,116456018,,G,G,A,AA,0.3379,0,1658,1658,0,0,0
META,8,30973957,,G,G,T,TT,0.4860,0,2324,1,0,0,2324
META,9,5485166,,A,A,G,GG,0.4466,0,1014,0,0,1014,0
META,9,80409345,,A,A,G,GG,0.2714,0,1289,0,0,1289,0
META,10,123241794,,C,C,T,TT,0.4898,3,2351,1,3,0,2351
META,11,35308369,,T,T,C,CC,0.2748,0,1872,0,1872,0,0
META,11,44129290,,C,C,A,AA,0.0821,2,2681,2681,2,0,2
META,12,12009741,,A,A,G,GG,0.2588,0,1950,0,0,1950,0
META,12,12027745,,A,A,C,CC,0.0907,0,283,0,283,0,0
META,12,21627745,,A,A,G,GG,0.3159,1,1747,1,0,1747,0
META,12,115118997,,G,G,A,AA,0.4683,0,1348,1348,0,0,0
META,12,120995332,,G,G,A,AA,0.4871,0,1757,1757,0,0,0
META,13,32841619,,C,C,T,TT,0.4368,0,1267,0,0,0,1267
META,13,32906729,,A,A,C,CC,0.2281,4,2724,4,2724,0,0
META,13,32998362,,A,A,G,GG,0.3554,1,1528,1,0,1528,1
META,13,33000581,,G,G,C,CC,0.4756,0,1675,0,1675,0,0
META,14,20665790,,T,T,A,AA,0.4681,0,990,990,0,0,0
META,14,20665840,,G,G,A,AA,0.4756,0,2058,2058,0,0,0
META,14,35871217,,G,G,A,AA,0.4688,0,800,800,0,0,1
META,15,75012985,,T,T,C,CC,0.0949,1,1779,0,1779,0,1
META,15,77344793,,T,T,A,AA,0.4788,1,1868,1868,0,0,1
META,16,48258198,,C,C,T,TT,0.3016,0,1603,0,0,0,1603
META,17,5991344,,C,C,T,TT,0.4778,1,2198,0,1,0,2198
META,17,37921742,,C,C,T,TT,0.4867,2,1630,0,2,0,1630
META,17,70120551,,A,A,C,CC,0.3301,2,2327,2,2327,0,0
META,18,61170721,,T,T,C,CC,0.4828,1,1614,1,1614,0,1
META,19,15303225,,G,G,A,AA,0.2889,0,2558,2558,0,0,0
META,20,31025163,,A,A,G,GG,0.3810,1,1276,1,0,1276,0
META,21,42852497,,C,C,T,TT,0.2821,0,2533,0,0,0,2533
META,21,42875404,,A,A,G,GG,0.2124,1,2501,1,0,2501,0
META,21,42876447,,T,T,C,CC,0.2095,0,2608,1,2608,0,0
META,22,41568480,,T,T,C,CC,0.4689,0,1109,1,1109,0,0
META,22,41569609,,C,C,T,TT,0.2663,0,1280,0,0,0,1280


