Cumulative sequencing depth,Fraction of target bases(%)
0,100.000000
1,99.322617
2,99.317474
3,99.315292
4,99.315033
5,99.314713
6,99.314392
7,99.313690
8,99.313492
9,99.313423
10,99.313232
11,99.312210
12,99.311821
13,99.311630
14,99.311378
15,99.311310
16,99.311180
17,99.311050
18,99.310860
19,99.310478
20,99.310089
21,99.309639
22,99.308418
23,99.306808
24,99.304306
25,99.302574
26,99.301926
27,99.301163
28,99.301025
29,99.300705
30,99.300125
31,99.299744
32,99.299103
33,99.298134
34,99.297562
35,99.296402
36,99.295570
37,99.294540
38,99.293510
39,99.293259
40,99.292931
41,99.292419
42,99.292229
43,99.291969
44,99.291458
45,99.291138
46,99.289787
47,99.288956
48,99.288437
49,99.287666
50,99.286766
51,99.285736
52,99.284584
53,99.284073
54,99.282913
55,99.282333
56,99.281303
57,99.280533
58,99.279701
59,99.279060
60,99.278351
61,99.277458
62,99.276680
63,99.276299
64,99.275398
65,99.274429
66,99.273720
67,99.272957
68,99.272308
69,99.271736
70,99.271355
71,99.270515
72,99.269875
73,99.268906
74,99.267944
75,99.267365
76,99.266464
77,99.265305
78,99.264351
79,99.263451
80,99.262100
81,99.260368
82,99.258308
83,99.256577
84,99.255165
85,99.253876
86,99.252975
87,99.251884
88,99.250343
89,99.249062
90,99.247833
91,99.246422
92,99.245140
93,99.244171
94,99.242821
95,99.241158
96,99.239868
97,99.238777
98,99.236977
99,99.235245
100,99.234215
101,99.232933
102,99.231514
103,99.229912
104,99.228371
105,99.227020
106,99.224899
107,99.223038
108,99.221367
109,99.218987
110,99.216995
111,99.214752
112,99.213341
113,99.211792
114,99.210190
115,99.208260
116,99.205818
117,99.203186
118,99.201775
119,99.199654
120,99.197533
121,99.195160
122,99.192848
123,99.189957
124,99.186867
125,99.183464
126,99.179672
127,99.176651
128,99.173317
129,99.170425
130,99.167976
131,99.165031
132,99.161682
133,99.158348
134,99.155327
135,99.150696
136,99.147362
137,99.143890
138,99.140358
139,99.136246
140,99.133034
141,99.129433
142,99.125259
143,99.121216
144,99.116844
145,99.111191
146,99.105728
147,99.098854
148,99.093140
149,99.086838
150,99.080223
151,99.074760
152,99.067757
153,99.059410
154,99.052536
155,99.045662
156,99.036148
157,99.027222
158,99.018425
159,99.009430
160,98.999405
161,98.991119
162,98.980072
163,98.970367
164,98.960281
165,98.950966
166,98.940430
167,98.928871
168,98.917046
169,98.904968
170,98.892059
171,98.880043
172,98.866745
173,98.854279
174,98.841370
175,98.828842
176,98.816124
177,98.802559
178,98.788879
179,98.775581
180,98.760742
181,98.746223
182,98.734406
183,98.717827
184,98.703308
185,98.687309
186,98.672661
187,98.655510
188,98.640350
189,98.622231
190,98.605080
191,98.588249
192,98.569489
193,98.549187
194,98.529976
195,98.510323
196,98.490852
197,98.469910
198,98.446655
199,98.422630
200,98.402580
201,98.380226
202,98.359924
203,98.337952
204,98.314056
205,98.292854
206,98.268631
207,98.244797
208,98.218781
209,98.194565
210,98.168350
211,98.142014
212,98.114326
213,98.087082
214,98.059647
215,98.030998
216,98.003052
217,97.975494
218,97.946968
219,97.917542
220,97.887733
221,97.861267
222,97.830750
223,97.801773
224,97.770485
225,97.743126
226,97.711639
227,97.679070
228,97.647209
229,97.615601
230,97.585335
231,97.551994
232,97.516594
233,97.484734
234,97.451004
235,97.417023
236,97.382584
237,97.348801
238,97.313332
239,97.273949
240,97.237076
241,97.202255
242,97.164803
243,97.127411
244,97.089569
245,97.050064
246,97.014854
247,96.974899
248,96.934166
249,96.896393
250,96.859512
251,96.819878
252,96.779922
253,96.736870
254,96.693253
255,96.650017
256,96.602989
257,96.558212
258,96.513756
259,96.465378
260,96.420029
261,96.368828
262,96.315628
263,96.264748
264,96.211487
265,96.159515
266,96.103050
267,96.049850
268,95.997429
269,95.938965
270,95.883781
271,95.822105
272,95.765381
273,95.708145
274,95.647430
275,95.585373
276,95.522995
277,95.460358
278,95.392838
279,95.326408
280,95.260811
281,95.190140
282,95.119865
283,95.044571
284,94.970169
285,94.896744
286,94.820168
287,94.748596
288,94.673309
289,94.597885
290,94.516937
291,94.440933
292,94.362495
293,94.283470
294,94.197197
295,94.116821
296,94.027847
297,93.942467
298,93.854584
299,93.764191
300,93.677528
301,93.592026
302,93.502014
303,93.410858
304,93.316994
305,93.219086
306,93.120865
307,93.022308
308,92.928711
309,92.826492
310,92.726791
311,92.624702
312,92.521339
313,92.419067
314,92.313957
315,92.204231
316,92.096298
317,91.988113
318,91.877357
319,91.765511
320,91.655907
321,91.541107
322,91.422638
323,91.311302
324,91.194130
325,91.075989
326,90.955009
327,90.834686
328,90.709023
329,90.585938
330,90.459183
331,90.334549
332,90.207924
333,90.077705
334,89.942535
335,89.810005
336,89.671234
337,89.531441
338,89.395241
339,89.252754
340,89.116493
341,88.975922
342,88.833687
343,88.693253
344,88.550827
345,88.408203
346,88.268860
347,88.131760
348,87.991455
349,87.843178
350,87.700623
351,87.552414
352,87.405357
353,87.257988
354,87.108681
355,86.948326
356,86.788170
357,86.628983
358,86.475883
359,86.314438
360,86.160706
361,86.002151
362,85.844627
363,85.684792
364,85.527267
365,85.365753
366,85.205856
367,85.043701
368,84.882896
369,84.725182
370,84.557442
371,84.388802
372,84.223633
373,84.052681
374,83.888474
375,83.719254
376,83.550034
377,83.384995
378,83.217964
379,83.045662
380,82.879013
381,82.710823
382,82.538071
383,82.365578
384,82.195595
385,82.014938
386,81.836472
387,81.664360
388,81.489105
389,81.313141
390,81.134735
391,80.962051
392,80.781647
393,80.603760
394,80.425743
395,80.255951
396,80.074135
397,79.898048
398,79.716690
399,79.532051
400,79.354996
401,79.178391
402,78.997673
403,78.809502
404,78.627052
405,78.444405
406,78.258743
407,78.070702
408,77.888695
409,77.711258
410,77.528610
411,77.343269
412,77.157089
413,76.967575
414,76.789940
415,76.608261
416,76.427605
417,76.244507
418,76.064308
419,75.875626
420,75.691116
421,75.503784
422,75.318954
423,75.135597
424,74.955460
425,74.769157
426,74.584587
427,74.400078
428,74.215630
429,74.031830
430,73.851242
431,73.664490
432,73.475677
433,73.295151
434,73.109871
435,72.921249
436,72.740860
437,72.557762
438,72.375183
439,72.188423
440,72.004494
441,71.822495
442,71.634964
443,71.450203
444,71.264923
445,71.073158
446,70.887306
447,70.706711
448,70.523621
449,70.335838
450,70.155373
451,69.967651
452,69.785652
453,69.600883
454,69.418182
455,69.233543
456,69.051605
457,68.875832
458,68.695244
459,68.512024
460,68.334389
461,68.153862
462,67.974686
463,67.795769
464,67.619804
465,67.440887
466,67.253555
467,67.070206
468,66.890259
469,66.702988
470,66.516747
471,66.333199
472,66.148499
473,65.963478
474,65.775505
475,65.592598
476,65.403976
477,65.217224
478,65.031624
479,64.842430
480,64.654579
481,64.467888
482,64.279976
483,64.093735
484,63.912434
485,63.726257
486,63.545410
487,63.357693
488,63.175434
489,62.987782
490,62.800312
491,62.618439
492,62.427509
493,62.241070
494,62.055218
495,61.867756
496,61.686844
497,61.501694
498,61.316223
499,61.127537
500,60.936157
501,60.751007
502,60.565216
503,60.372292
504,60.183800
505,59.996593
506,59.804504
507,59.615051
508,59.425018
509,59.230812
510,59.040714
511,58.854794
512,58.667652
513,58.472866
514,58.282124
515,58.094341
516,57.905853
517,57.719803
518,57.532276
519,57.333313
520,57.149513
521,56.963654
522,56.778378
523,56.592262
524,56.403645
525,56.213356
526,56.018246
527,55.824425
528,55.634262
529,55.433113
530,55.231071
531,55.029278
532,54.832630
533,54.626472
534,54.426933
535,54.221737
536,54.013264
537,53.813595
538,53.606861
539,53.399803
540,53.189724
541,52.986271
542,52.777542
543,52.568363
544,52.355778
545,52.148853
546,51.935757
547,51.725231
548,51.519459
549,51.303791
550,51.094872
551,50.883450
552,50.670803
553,50.458347
554,50.245182
555,50.030739
556,49.812828
557,49.595745
558,49.376225
559,49.154587
560,48.923180
561,48.699482
562,48.484974
563,48.262756
564,48.046898
565,47.826733
566,47.604004
567,47.380753
568,47.156544
569,46.930603
570,46.700993
571,46.472160
572,46.239468
573,46.002087
574,45.759823
575,45.527714
576,45.294960
577,45.067471
578,44.836197
579,44.605751
580,44.373318
581,44.135941
582,43.894188
583,43.644989
584,43.404591
585,43.163933
586,42.922314
587,42.681976
588,42.441257
589,42.205677
590,41.963993
591,41.723530
592,41.476254
593,41.240543
594,40.997318
595,40.755444
596,40.513306
597,40.276699
598,40.036167
599,39.793716
600,39.548496
601,39.309639
602,39.071487
603,38.827297
604,38.582081
605,38.338917
606,38.095047
607,37.850796
608,37.609108
609,37.360229
610,37.110962
611,36.862858
612,36.620464
613,36.382828
614,36.142685
615,35.903378
616,35.657902
617,35.413006
618,35.166183
619,34.925526
620,34.681786
621,34.435925
622,34.195461
623,33.949474
624,33.712284
625,33.465527
626,33.219860
627,32.978172
628,32.727428
629,32.487350
630,32.248688
631,32.005074
632,31.762171
633,31.517210
634,31.276682
635,31.032557
636,30.791065
637,30.550728
638,30.311485
639,30.074554
640,29.833963
641,29.602749
642,29.363892
643,29.123623
644,28.887203
645,28.658497
646,28.427992
647,28.201277
648,27.973211
649,27.739298
650,27.505516
651,27.276234
652,27.044827
653,26.817019
654,26.589468
655,26.362110
656,26.132631
657,25.903152
658,25.674381
659,25.447407
660,25.225834
661,25.006311
662,24.781460
663,24.564379
664,24.343447
665,24.122770
666,23.898367
667,23.683086
668,23.466778
669,23.257151
670,23.041292
671,22.834686
672,22.617477
673,22.400656
674,22.187237
675,21.970865
676,21.759312
677,21.543451
678,21.338964
679,21.129017
680,20.920225
681,20.708799
682,20.499109
683,20.288326
684,20.088015
685,19.883078
686,19.683794
687,19.486757
688,19.290108
689,19.093843
690,18.901949
691,18.706585
692,18.509933
693,18.317846
694,18.126270
695,17.936174
696,17.753401
697,17.565937
698,17.374300
699,17.183496
700,17.002457
701,16.820776
702,16.634790
703,16.460176
704,16.274706
705,16.096365
706,15.915007
707,15.733004
708,15.554728
709,15.380949
710,15.207362
711,15.039943
712,14.869827
713,14.705491
714,14.539742
715,14.375856
716,14.210558
717,14.053547
718,13.895379
719,13.732651
720,13.576281
721,13.413874
722,13.260974
723,13.109037
724,12.949006
725,12.796042
726,12.635433
727,12.479899
728,12.326936
729,12.172237
730,12.020944
731,11.873441
732,11.724460
733,11.581903
734,11.439475
735,11.292421
736,11.150828
737,11.010649
738,10.870533
739,10.735300
740,10.598461
741,10.461686
742,10.322920
743,10.191156
744,10.065689
745,9.935145
746,9.806980
747,9.681383
748,9.553411
749,9.430191
750,9.308963
751,9.188122
752,9.062011
753,8.940848
754,8.820519
755,8.706101
756,8.585002
757,8.471869
758,8.357002
759,8.243355
760,8.131250
761,8.015097
762,7.900037
763,7.795513
764,7.684243
765,7.577406
766,7.476158
767,7.371826
768,7.267173
769,7.163034
770,7.061529
771,6.956812
772,6.857363
773,6.756115
774,6.660264
775,6.567175
776,6.476206
777,6.386714
778,6.298958
779,6.205869
780,6.115606
781,6.030162
782,5.943048
783,5.851886
784,5.764579
785,5.671298
786,5.584119
787,5.498225
788,5.412203
789,5.324318
790,5.243178
791,5.161653
792,5.080963
793,4.995968
794,4.915279
795,4.839214
796,4.761993
797,4.682395
798,4.605817
799,4.529367
800,4.453881
801,4.380258
802,4.308369
803,4.230956
804,4.155341
805,4.084802
806,4.018567
807,3.949440
808,3.881278
809,3.814850
810,3.745210
811,3.676919
812,3.610941
813,3.546504
814,3.482389
815,3.421743
816,3.358528
817,3.295890
818,3.235244
819,3.173442
820,3.114338
821,3.055233
822,2.997029
823,2.940430
824,2.880363
825,2.823699
826,2.768514
827,2.715321
828,2.659300
829,2.606684
830,2.554776
831,2.502032
832,2.453721
833,2.402840
834,2.350545
835,2.301849
836,2.257585
837,2.210623
838,2.161926
839,2.117277
840,2.074234
841,2.030676
842,1.988276
843,1.945875
844,1.904952
845,1.866020
846,1.827795
847,1.788285
848,1.748390
849,1.709522
850,1.670591
851,1.633073
852,1.597867
853,1.562854
854,1.527970
855,1.496683
856,1.460450
857,1.428521
858,1.393829
859,1.360615
860,1.329779
861,1.300548
862,1.270096
863,1.240608
864,1.213562
865,1.186515
866,1.161075
867,1.134671
868,1.109102
869,1.082376
870,1.057450
871,1.034322
872,1.012672
873,0.989673
874,0.969051
875,0.944317
876,0.922988
877,0.902237
878,0.881294
879,0.861378
880,0.842555
881,0.821290
882,0.801825
883,0.782166
884,0.764178
885,0.745162
886,0.729615
887,0.714325
888,0.696593
889,0.679890
890,0.664343
891,0.648861
892,0.634663
893,0.620015
894,0.606203
895,0.591555
896,0.578642
897,0.565729
898,0.553973
899,0.541638
900,0.529367
901,0.518767
902,0.508488
903,0.497631
904,0.487224
905,0.477202
906,0.466601
907,0.456387
908,0.447007
909,0.437499
910,0.428633
911,0.420924
912,0.412059
913,0.404927
914,0.396640
915,0.388096
916,0.380708
917,0.372870
918,0.366510
919,0.359122
920,0.351413
921,0.343639
922,0.337793
923,0.332461
924,0.325779
925,0.319997
926,0.314087
927,0.307984
928,0.302459
929,0.298283
930,0.293015
931,0.288390
932,0.284728
933,0.281066
934,0.276954
935,0.273614
936,0.268795
937,0.266097
938,0.262307
939,0.258259
940,0.255047
941,0.251385
942,0.248237
943,0.245282
944,0.242841
945,0.239372
946,0.236545
947,0.233333
948,0.230121
949,0.227230
950,0.224788
951,0.222283
952,0.219328
953,0.217465
954,0.215473
955,0.213546
956,0.211361
957,0.208984
958,0.207378
959,0.205644
960,0.203909
961,0.202046
962,0.200183
963,0.198192
964,0.196521
965,0.195172
966,0.193502
967,0.192153
968,0.190547
969,0.189005
970,0.187784
971,0.186628
972,0.184765
973,0.183223
974,0.182066
975,0.181167
976,0.180589
977,0.179432
978,0.177698
979,0.176541
980,0.174614
981,0.173907
982,0.173137
983,0.172301
984,0.171402
985,0.170438
986,0.169410
987,0.168575
988,0.167869
989,0.167226
990,0.166455
991,0.165684
992,0.164528
993,0.163885
994,0.163115
995,0.162408
996,0.161573
997,0.160352
998,0.159902
999,0.159067
1000,0.158104
1001,0.157590
1002,0.156883
1003,0.156176
1004,0.155727
1005,0.154956
1006,0.154634
1007,0.153799
1008,0.152707
1009,0.151679
1010,0.150908
1011,0.150330
1012,0.149752
1013,0.149045
1014,0.148403
1015,0.148082
1016,0.147375
1017,0.146925
1018,0.146475
1019,0.145961
1020,0.145383
1021,0.144677
1022,0.143906
1023,0.143456
1024,0.142685
1025,0.142107
1026,0.141786
1027,0.141336
1028,0.140694
1029,0.139987
1030,0.139537
1031,0.139023
1032,0.138702
1033,0.137995
1034,0.137546
1035,0.137160
1036,0.136710
1037,0.136389
1038,0.135875
1039,0.135490
1040,0.135040
1041,0.134719
1042,0.134269
1043,0.133755
1044,0.133434
1045,0.132856
1046,0.132470
1047,0.132021
1048,0.131699
1049,0.131571
1050,0.131378
1051,0.130864
1052,0.130607
1053,0.130415
1054,0.130093
1055,0.129644
1056,0.129065
1057,0.128551
1058,0.128230
1059,0.127973
1060,0.127716
1061,0.127524
1062,0.127202
1063,0.126945
1064,0.126560
1065,0.126110
1066,0.125725
1067,0.125661
1068,0.125275
1069,0.124761
1070,0.124504
1071,0.124311
1072,0.123733
1073,0.123733
1074,0.123540
1075,0.122962
1076,0.122705
1077,0.122320
1078,0.122063
1079,0.121806
1080,0.121292
1081,0.120906
1082,0.120650
1083,0.120264
1084,0.119943
1085,0.119686
1086,0.119365
1087,0.119300
1088,0.119236
1089,0.118915
1090,0.118722
1091,0.118594
1092,0.118272
1093,0.118080
1094,0.117694
1095,0.117502
1096,0.117180
1097,0.116859
1098,0.116538
1099,0.116345
1100,0.116088
1101,0.115767
1102,0.115703
1103,0.115510
1104,0.115317
1105,0.115060
1106,0.114868
1107,0.114482
1108,0.114289
1109,0.113968
1110,0.113775
1111,0.113518
1112,0.113133
1113,0.113005
1114,0.112748
1115,0.112426
1116,0.112169
1117,0.111591
1118,0.111270
1119,0.111013
1120,0.110820
1121,0.110820
1122,0.110435
1123,0.110178
1124,0.109857
1125,0.109664
1126,0.109535
1127,0.109278
1128,0.108893
1129,0.108893
1130,0.108700
1131,0.108572
1132,0.108250
1133,0.107994
1134,0.107737
1135,0.107351
1136,0.107223
1137,0.106901
1138,0.106387
1139,0.106130
1140,0.105552
1141,0.105360
1142,0.105038
1143,0.104781
1144,0.104653
1145,0.104332
1146,0.104010
1147,0.103561
1148,0.103368
1149,0.103111
1150,0.102854
1151,0.102533
1152,0.102212
1153,0.102212
1154,0.101698
1155,0.101505
1156,0.101184
1157,0.100734
1158,0.100413
1159,0.100220
1160,0.099899
1161,0.099706
1162,0.099385
1163,0.098935
1164,0.098485
1165,0.098228
1166,0.098100
1167,0.097907
1168,0.097650
1169,0.097136
1170,0.096944
1171,0.096430
1172,0.096044
1173,0.095787
1174,0.095338
1175,0.095016
1176,0.094438
1177,0.094181
1178,0.093924
1179,0.093603
1180,0.093346
1181,0.093346
1182,0.092961
1183,0.092639
1184,0.092318
1185,0.091997
1186,0.091740
1187,0.091290
1188,0.091033
1189,0.090776
1190,0.090519
1191,0.090262
1192,0.090070
1193,0.089620
1194,0.089427
1195,0.089234
1196,0.089106
1197,0.088849
1198,0.088528
1199,0.088271
1200,0.087885
1201,0.087628
1202,0.087307
1203,0.087243
1204,0.087050
1205,0.086793
1206,0.086536
1207,0.086279
1208,0.086215
1209,0.086086
1210,0.085958
1211,0.085572
1212,0.085380
1213,0.085316
1214,0.085251
1215,0.085059
1216,0.084994
1217,0.084930
1218,0.084866
1219,0.084802
1220,0.084737
1221,0.084609
1222,0.084545
1223,0.084416
1224,0.084352
1225,0.084288
1226,0.084095
1227,0.083774
1228,0.083645
1229,0.083388
1230,0.083388
1231,0.083388
1232,0.083324
1233,0.083195
1234,0.083195
1235,0.083195
1236,0.083003
1237,0.082874
1238,0.082810
1239,0.082617
1240,0.082489
1241,0.082360
1242,0.082039
1243,0.081975
1244,0.081782
1245,0.081397
1246,0.081332
1247,0.081075
1248,0.081011
1249,0.081011
1250,0.080883
1251,0.080818
1252,0.080626
1253,0.080497
1254,0.080240
1255,0.079983
1256,0.079919
1257,0.079855
1258,0.079662
1259,0.079469
1260,0.079405
1261,0.079277
1262,0.079084
1263,0.079020
1264,0.078763
1265,0.078698
1266,0.078570
1267,0.078313
1268,0.078184
1269,0.077992
1270,0.077863
1271,0.077735
1272,0.077671
1273,0.077542
1274,0.077542
1275,0.077478
1276,0.077349
1277,0.077285
1278,0.077092
1279,0.077092
1280,0.077092
1281,0.076964
1282,0.076771
1283,0.076707
1284,0.076643
1285,0.076450
1286,0.076450
1287,0.076257
1288,0.076129
1289,0.075936
1290,0.075807
1291,0.075743
1292,0.075486
1293,0.075486
1294,0.075422
1295,0.075294
1296,0.075101
1297,0.075037
1298,0.074972
1299,0.074844
1300,0.074844
1301,0.074651
1302,0.074523
1303,0.074458
1304,0.074394
1305,0.074330
1306,0.074266
1307,0.074137
1308,0.074009
1309,0.073816
1310,0.073623
1311,0.073495
1312,0.073366
1313,0.073302
1314,0.073302
1315,0.073302
1316,0.073302
1317,0.072981
1318,0.072852
1319,0.072724
1320,0.072595
1321,0.072403
1322,0.072338
1323,0.072146
1324,0.072081
1325,0.072081
1326,0.071953
1327,0.071824
1328,0.071696
1329,0.071567
1330,0.071375
1331,0.071182
1332,0.070861
1333,0.070796
1334,0.070604
1335,0.070475
1336,0.070411
1337,0.070154
1338,0.069833
1339,0.069769
1340,0.069640
1341,0.069447
1342,0.069255
1343,0.069190
1344,0.069062
1345,0.068933
1346,0.068869
1347,0.068612
1348,0.068484
1349,0.068419
1350,0.068419
1351,0.068355
1352,0.068227
1353,0.067970
1354,0.067841
1355,0.067841
1356,0.067649
1357,0.067392
1358,0.067327
1359,0.067199
1360,0.067070
1361,0.067006
1362,0.067006
1363,0.067006
1364,0.066878
1365,0.066878
1366,0.066813
1367,0.066749
1368,0.066621
1369,0.066364
1370,0.066364
1371,0.066171
1372,0.066171
1373,0.066042
1374,0.066042
1375,0.066042
1376,0.066042
1377,0.065850
1378,0.065785
1379,0.065721
1380,0.065721
1381,0.065657
1382,0.065400
1383,0.065400
1384,0.065207
1385,0.064886
1386,0.064758
1387,0.064629
1388,0.064565
1389,0.064436
1390,0.064179
1391,0.063987
1392,0.063987
1393,0.063922
1394,0.063858
1395,0.063601
1396,0.063344
1397,0.063151
1398,0.062894
1399,0.062702
1400,0.062381
1401,0.062188
1402,0.061995
1403,0.061738
1404,0.061610
1405,0.061545
1406,0.061545
1407,0.061417
1408,0.061160
1409,0.061160
1410,0.061096
1411,0.060967
1412,0.060774
1413,0.060646
1414,0.060582
1415,0.060517
1416,0.060453
1417,0.060261
1418,0.060132
1419,0.059939
1420,0.059939
1421,0.059811
1422,0.059361
1423,0.059233
1424,0.059040
1425,0.058847
1426,0.058719
1427,0.058462
1428,0.058269
1429,0.058205
1430,0.058076
1431,0.058012
1432,0.057883
1433,0.057755
1434,0.057627
1435,0.057370
1436,0.057241
1437,0.057113
1438,0.056920
1439,0.056856
1440,0.056470
1441,0.056406
1442,0.056213
1443,0.056085
1444,0.055828
1445,0.055699
1446,0.055442
1447,0.055314
1448,0.055250
1449,0.055057
1450,0.054864
1451,0.054671
1452,0.054479
1453,0.054350
1454,0.054222
1455,0.054222
1456,0.054029
1457,0.054029
1458,0.053836
1459,0.053515
1460,0.053451
1461,0.053194
1462,0.053194
1463,0.053065
1464,0.053001
1465,0.052808
1466,0.052680
1467,0.052616
1468,0.052487
1469,0.052423
1470,0.052359
1471,0.051909
1472,0.051716
1473,0.051652
1474,0.051459
1475,0.051202
1476,0.050945
1477,0.050624
1478,0.050303
1479,0.049853
1480,0.049403
1481,0.049275
1482,0.049082
1483,0.048825
1484,0.048697
1485,0.048504
1486,0.048311
1487,0.048183
1488,0.047926
1489,0.047797
1490,0.047669
1491,0.047540
1492,0.047476
1493,0.047348
1494,0.047091
1495,0.046834
1496,0.046769
1497,0.046641
1498,0.046384
1499,0.046384
1500,0.046320
1501,0.046191
1502,0.046127
1503,0.045934
1504,0.045741
1505,0.045420
1506,0.045228
1507,0.045163
1508,0.045099
1509,0.044906
1510,0.044842
1511,0.044585
1512,0.044457
1513,0.044328
1514,0.044200
1515,0.044007
1516,0.043686
1517,0.043493
1518,0.043172
1519,0.043043
1520,0.043043
1521,0.042915
1522,0.042786
1523,0.042722
1524,0.042529
1525,0.042401
1526,0.042208
1527,0.042080
1528,0.041951
1529,0.041887
1530,0.041887
1531,0.041630
1532,0.041373
1533,0.041373
1534,0.041309
1535,0.041309
1536,0.041244
1537,0.040987
1538,0.040923
1539,0.040859
1540,0.040795
1541,0.040730
1542,0.040666
1543,0.040473
1544,0.040281
1545,0.039831
1546,0.039317
1547,0.039253
1548,0.039060
1549,0.038739
1550,0.038610
1551,0.038418
1552,0.038225
1553,0.037904
1554,0.037839
1555,0.037839
1556,0.037647
1557,0.037518
1558,0.037518
1559,0.037454
1560,0.037326
1561,0.037261
1562,0.037197
1563,0.037069
1564,0.037004
1565,0.036555
1566,0.036362
1567,0.036298
1568,0.036298
1569,0.036298
1570,0.036233
1571,0.036105
1572,0.036041
1573,0.036041
1574,0.035976
1575,0.035912
1576,0.035848
1577,0.035848
1578,0.035848
1579,0.035784
1580,0.035591
1581,0.035591
1582,0.035591
1583,0.035591
1584,0.035591
1585,0.035527
1586,0.035398
1587,0.035398
1588,0.035398
1589,0.035398
1590,0.035334
1591,0.035205
1592,0.035205
1593,0.035077
1594,0.035013
1595,0.034949
1596,0.034949
1597,0.034820
1598,0.034435
1599,0.034435
1600,0.034306
1601,0.034242
1602,0.034242
1603,0.034242
1604,0.034242
1605,0.034178
1606,0.034113
1607,0.034113
1608,0.034049
1609,0.034049
1610,0.034049
1611,0.034049
1612,0.033985
1613,0.033985
1614,0.033921
1615,0.033921
1616,0.033921
1617,0.033921
1618,0.033856
1619,0.033856
1620,0.033792
1621,0.033792
1622,0.033664
1623,0.033664
1624,0.033664
1625,0.033599
1626,0.033535
1627,0.033535
1628,0.033471
1629,0.033407
1630,0.033342
1631,0.033214
1632,0.033085
1633,0.033021
1634,0.033021
1635,0.033021
1636,0.033021
1637,0.032957
1638,0.032893
1639,0.032893
1640,0.032893
1641,0.032764
1642,0.032700
1643,0.032572
1644,0.032572
1645,0.032572
1646,0.032572
1647,0.032443
1648,0.032443
1649,0.032379
1650,0.032315
1651,0.032250
1652,0.032186
1653,0.032186
1654,0.032122
1655,0.032122
1656,0.031993
1657,0.031993
1658,0.031993
1659,0.031929
1660,0.031929
1661,0.031865
1662,0.031801
1663,0.031672
1664,0.031608
1665,0.031608
1666,0.031544
1667,0.031479
1668,0.031479
1669,0.031479
1670,0.031287
1671,0.031287
1672,0.031287
1673,0.031287
1674,0.031222
1675,0.031222
1676,0.031094
1677,0.030965
1678,0.030901
1679,0.030837
1680,0.030773
1681,0.030773
1682,0.030708
1683,0.030708
1684,0.030708
1685,0.030580
1686,0.030580
1687,0.030580
1688,0.030516
1689,0.030516
1690,0.030516
1691,0.030451
1692,0.030387
1693,0.030323
1694,0.030259
1695,0.030130
1696,0.030066
1697,0.029938
1698,0.029873
1699,0.029745
1700,0.029745
1701,0.029745
1702,0.029681
1703,0.029681
1704,0.029616
1705,0.029616
1706,0.029552
1707,0.029552
1708,0.029488
1709,0.029488
1710,0.029424
1711,0.029424
1712,0.029359
1713,0.029359
1714,0.029359
1715,0.029359
1716,0.029359
1717,0.029359
1718,0.029359
1719,0.029167
1720,0.029102
1721,0.029038
1722,0.028910
1723,0.028910
1724,0.028910
1725,0.028910
1726,0.028781
1727,0.028781
1728,0.028781
1729,0.028781
1730,0.028653
1731,0.028588
1732,0.028588
1733,0.028524
1734,0.028396
1735,0.028331
1736,0.028267
1737,0.028139
1738,0.028139
1739,0.028074
1740,0.028010
1741,0.028010
1742,0.028010
1743,0.028010
1744,0.027882
1745,0.027882
1746,0.027753
1747,0.027689
1748,0.027625
1749,0.027625
1750,0.027625
1751,0.027496
1752,0.027432
1753,0.027304
1754,0.027239
1755,0.027239
1756,0.027239
1757,0.027239
1758,0.027239
1759,0.027175
1760,0.027047
1761,0.026982
1762,0.026982
1763,0.026918
1764,0.026918
1765,0.026854
1766,0.026790
1767,0.026790
1768,0.026790
1769,0.026661
1770,0.026597
1771,0.026533
1772,0.026468
1773,0.026404
1774,0.026340
1775,0.026340
1776,0.026211
1777,0.026083
1778,0.025954
1779,0.025826
1780,0.025826
1781,0.025762
1782,0.025762
1783,0.025697
1784,0.025633
1785,0.025505
1786,0.025505
1787,0.025505
1788,0.025440
1789,0.025440
1790,0.025440
1791,0.025376
1792,0.025312
1793,0.025312
1794,0.025312
1795,0.025248
1796,0.025248
1797,0.025119
1798,0.025119
1799,0.025055
1800,0.025055
1801,0.024991
1802,0.024927
1803,0.024798
1804,0.024798
1805,0.024734
1806,0.024734
1807,0.024670
1808,0.024670
1809,0.024541
1810,0.024541
1811,0.024477
1812,0.024413
1813,0.024348
1814,0.024348
1815,0.024284
1816,0.024284
1817,0.024284
1818,0.024220
1819,0.024220
1820,0.024156
1821,0.024091
1822,0.024091
1823,0.024091
1824,0.023963
1825,0.023963
1826,0.023963
1827,0.023963
1828,0.023963
1829,0.023963
1830,0.023899
1831,0.023899
1832,0.023770
1833,0.023706
1834,0.023706
1835,0.023706
1836,0.023706
1837,0.023706
1838,0.023706
1839,0.023706
1840,0.023706
1841,0.023706
1842,0.023706
1843,0.023706
1844,0.023642
1845,0.023513
1846,0.023513
1847,0.023449
1848,0.023449
1849,0.023449
1850,0.023385
1851,0.023385
1852,0.023385
1853,0.023385
1854,0.023385
1855,0.023320
1856,0.023320
1857,0.023320
1858,0.023320
1859,0.023320
1860,0.023320
1861,0.023192
1862,0.023192
1863,0.023128
1864,0.023063
1865,0.023063
1866,0.023063
1867,0.022999
1868,0.022935
1869,0.022935
1870,0.022871
1871,0.022871
1872,0.022806
1873,0.022742
1874,0.022614
1875,0.022614
1876,0.022550
1877,0.022485
1878,0.022485
1879,0.022421
1880,0.022357
1881,0.022357
1882,0.022293
1883,0.022228
1884,0.022164
1885,0.022100
1886,0.022100
1887,0.022100
1888,0.021971
1889,0.021971
1890,0.021907
1891,0.021907
1892,0.021907
1893,0.021843
1894,0.021779
1895,0.021714
1896,0.021457
1897,0.021457
1898,0.021393
1899,0.021393
1900,0.021329
1901,0.021329
1902,0.021265
1903,0.021200
1904,0.021072
1905,0.021008
1906,0.021008
1907,0.021008
1908,0.020943
1909,0.020879
1910,0.020879
1911,0.020879
1912,0.020815
1913,0.020815
1914,0.020751
1915,0.020686
1916,0.020558
1917,0.020558
1918,0.020494
1919,0.020429
1920,0.020301
1921,0.020108
1922,0.019980
1923,0.019916
1924,0.019723
1925,0.019659
1926,0.019594
1927,0.019530
1928,0.019402
1929,0.019337
1930,0.019273
1931,0.019080
1932,0.019080
1933,0.019016
1934,0.019016
1935,0.019016
1936,0.018888
1937,0.018888
1938,0.018888
1939,0.018888
1940,0.018823
1941,0.018759
1942,0.018631
1943,0.018631
1944,0.018374
1945,0.018374
1946,0.018245
1947,0.018117
1948,0.017924
1949,0.017667
1950,0.017667
1951,0.017603
1952,0.017539
1953,0.017539
1954,0.017539
1955,0.017539
1956,0.017539
1957,0.017474
1958,0.017474
1959,0.017410
1960,0.017282
1961,0.017282
1962,0.017282
1963,0.017217
1964,0.017153
1965,0.017025
1966,0.016896
1967,0.016768
1968,0.016703
1969,0.016703
1970,0.016703
1971,0.016703
1972,0.016703
1973,0.016575
1974,0.016382
1975,0.016254
1976,0.016189
1977,0.016125
1978,0.015932
1979,0.015868
1980,0.015868
1981,0.015868
1982,0.015868
1983,0.015868
1984,0.015675
1985,0.015675
1986,0.015611
1987,0.015611
1988,0.015547
1989,0.015483
1990,0.015418
1991,0.015354
1992,0.015354
1993,0.015354
1994,0.015354
1995,0.015354
1996,0.015354
1997,0.015354
1998,0.015354
1999,0.015354
2000,0.015354
2001,0.015354
2002,0.015290
2003,0.015226
2004,0.015226
2005,0.015226
2006,0.015226
2007,0.015226
2008,0.015226
2009,0.015226
2010,0.015226
2011,0.015226
2012,0.015226
2013,0.015226
2014,0.015226
2015,0.015161
2016,0.015161
2017,0.015161
2018,0.015161
2019,0.015161
2020,0.015161
2021,0.015161
2022,0.015097
2023,0.015097
2024,0.015033
2025,0.015033
2026,0.014969
2027,0.014905
2028,0.014840
2029,0.014840
2030,0.014840
2031,0.014840
2032,0.014712
2033,0.014712
2034,0.014712
2035,0.014712
2036,0.014712
2037,0.014712
2038,0.014648
2039,0.014648
2040,0.014648
2041,0.014648
2042,0.014648
2043,0.014648
2044,0.014648
2045,0.014648
2046,0.014648
2047,0.014648
2048,0.014648
2049,0.014583
2050,0.014583
2051,0.014583
2052,0.014583
2053,0.014519
2054,0.014519
2055,0.014455
2056,0.014391
2057,0.014391
2058,0.014391
2059,0.014326
2060,0.014326
2061,0.014326
2062,0.014326
2063,0.014326
2064,0.014326
2065,0.014326
2066,0.014262
2067,0.014198
2068,0.014198
2069,0.014198
2070,0.014198
2071,0.014198
2072,0.014198
2073,0.014198
2074,0.014198
2075,0.014198
2076,0.014134
2077,0.014134
2078,0.014069
2079,0.014069
2080,0.014005
2081,0.014005
2082,0.014005
2083,0.013941
2084,0.013941
2085,0.013941
2086,0.013877
2087,0.013877
2088,0.013812
2089,0.013812
2090,0.013812
2091,0.013748
2092,0.013748
2093,0.013748
2094,0.013684
2095,0.013684
2096,0.013684
2097,0.013684
2098,0.013684
2099,0.013684
2100,0.013684
2101,0.013620
2102,0.013555
2103,0.013491
2104,0.013491
2105,0.013491
2106,0.013427
2107,0.013363
2108,0.013363
2109,0.013298
2110,0.013298
2111,0.013298
2112,0.013234
2113,0.013234
2114,0.013234
2115,0.013234
2116,0.013234
2117,0.013234
2118,0.013234
2119,0.013234
2120,0.013106
2121,0.013106
2122,0.013106
2123,0.013041
2124,0.013041
2125,0.013041
2126,0.013041
2127,0.013041
2128,0.013041
2129,0.013041
2130,0.013041
2131,0.012977
2132,0.012977
2133,0.012977
2134,0.012849
2135,0.012784
2136,0.012784
2137,0.012720
2138,0.012720
2139,0.012720
2140,0.012656
2141,0.012592
2142,0.012592
2143,0.012592
2144,0.012592
2145,0.012528
2146,0.012528
2147,0.012528
2148,0.012528
2149,0.012528
2150,0.012463
2151,0.012399
2152,0.012399
2153,0.012399
2154,0.012399
2155,0.012399
2156,0.012399
2157,0.012335
2158,0.012271
2159,0.012271
2160,0.012271
2161,0.012271
2162,0.012271
2163,0.012271
2164,0.012271
2165,0.012271
2166,0.012271
2167,0.012271
2168,0.012142
2169,0.012142
2170,0.012142
2171,0.012142
2172,0.012142
2173,0.012142
2174,0.012142
2175,0.012078
2176,0.012014
2177,0.012014
2178,0.012014
2179,0.012014
2180,0.012014
2181,0.012014
2182,0.012014
2183,0.012014
2184,0.012014
2185,0.012014
2186,0.012014
2187,0.012014
2188,0.012014
2189,0.012014
2190,0.012014
2191,0.012014
2192,0.012014
2193,0.012014
2194,0.012014
2195,0.012014
2196,0.011949
2197,0.011949
2198,0.011885
2199,0.011885
2200,0.011821
2201,0.011821
2202,0.011821
2203,0.011821
2204,0.011821
2205,0.011757
2206,0.011757
2207,0.011757
2208,0.011757
2209,0.011757
2210,0.011692
2211,0.011692
2212,0.011692
2213,0.011692
2214,0.011692
2215,0.011692
2216,0.011692
2217,0.011628
2218,0.011628
2219,0.011628
2220,0.011628
2221,0.011628
2222,0.011628
2223,0.011628
2224,0.011628
2225,0.011628
2226,0.011564
2227,0.011564
2228,0.011564
2229,0.011500
2230,0.011435
2231,0.011435
2232,0.011435
2233,0.011435
2234,0.011371
2235,0.011371
2236,0.011371
2237,0.011371
2238,0.011371
2239,0.011371
2240,0.011371
2241,0.011307
2242,0.011307
2243,0.011307
2244,0.011307
2245,0.011307
2246,0.011307
2247,0.011307
2248,0.011307
2249,0.011307
2250,0.011243
2251,0.011243
2252,0.011243
2253,0.011243
2254,0.011243
2255,0.011243
2256,0.011178
2257,0.011178
2258,0.011178
2259,0.011114
2260,0.011050
2261,0.011050
2262,0.011050
2263,0.011050
2264,0.011050
2265,0.010986
2266,0.010986
2267,0.010986
2268,0.010986
2269,0.010986
2270,0.010921
2271,0.010921
2272,0.010921
2273,0.010921
2274,0.010921
2275,0.010921
2276,0.010921
2277,0.010857
2278,0.010793
2279,0.010793
2280,0.010729
2281,0.010729
2282,0.010664
2283,0.010664
2284,0.010664
2285,0.010600
2286,0.010600
2287,0.010600
2288,0.010600
2289,0.010600
2290,0.010600
2291,0.010600
2292,0.010600
2293,0.010600
2294,0.010600
2295,0.010600
2296,0.010600
2297,0.010600
2298,0.010600
2299,0.010600
2300,0.010472
2301,0.010472
2302,0.010472
2303,0.010472
2304,0.010472
2305,0.010472
2306,0.010472
2307,0.010472
2308,0.010472
2309,0.010472
2310,0.010472
2311,0.010472
2312,0.010472
2313,0.010472
2314,0.010472
2315,0.010472
2316,0.010472
2317,0.010472
2318,0.010472
2319,0.010472
2320,0.010472
2321,0.010407
2322,0.010407
2323,0.010407
2324,0.010343
2325,0.010343
2326,0.010343
2327,0.010279
2328,0.010279
2329,0.010279
2330,0.010279
2331,0.010279
2332,0.010279
2333,0.010279
2334,0.010150
2335,0.010150
2336,0.010086
2337,0.010022
2338,0.010022
2339,0.010022
2340,0.010022
2341,0.009958
2342,0.009958
2343,0.009958
2344,0.009958
2345,0.009958
2346,0.009958
2347,0.009958
2348,0.009958
2349,0.009958
2350,0.009958
2351,0.009958
2352,0.009958
2353,0.009894
2354,0.009894
2355,0.009894
2356,0.009894
2357,0.009829
2358,0.009765
2359,0.009765
2360,0.009701
2361,0.009701
2362,0.009701
2363,0.009701
2364,0.009701
2365,0.009701
2366,0.009701
2367,0.009701
2368,0.009637
2369,0.009637
2370,0.009637
2371,0.009637
2372,0.009637
2373,0.009637
2374,0.009637
2375,0.009637
2376,0.009637
2377,0.009637
2378,0.009637
2379,0.009637
2380,0.009637
2381,0.009637
2382,0.009637
2383,0.009637
2384,0.009572
2385,0.009508
2386,0.009508
2387,0.009508
2388,0.009508
2389,0.009508
2390,0.009508
2391,0.009508
2392,0.009444
2393,0.009444
2394,0.009444
2395,0.009444
2396,0.009380
2397,0.009380
2398,0.009315
2399,0.009315
2400,0.009315
2401,0.009315
2402,0.009315
2403,0.009315
2404,0.009251
2405,0.009251
2406,0.009251
2407,0.009187
2408,0.009187
2409,0.009187
2410,0.009187
2411,0.009187
2412,0.009187
2413,0.009187
2414,0.009187
2415,0.009123
2416,0.009123
2417,0.009123
2418,0.009123
2419,0.009123
2420,0.009123
2421,0.009123
2422,0.009123
2423,0.009123
2424,0.009123
2425,0.009058
2426,0.009058
2427,0.009058
2428,0.009058
2429,0.009058
2430,0.008994
2431,0.008994
2432,0.008930
2433,0.008930
2434,0.008930
2435,0.008866
2436,0.008866
2437,0.008866
2438,0.008866
2439,0.008866
2440,0.008866
2441,0.008866
2442,0.008801
2443,0.008801
2444,0.008801
2445,0.008801
2446,0.008801
2447,0.008737
2448,0.008737
2449,0.008737
2450,0.008737
2451,0.008737
2452,0.008737
2453,0.008737
2454,0.008737
2455,0.008737
2456,0.008737
2457,0.008737
2458,0.008737
2459,0.008737
2460,0.008737
2461,0.008737
2462,0.008737
2463,0.008737
2464,0.008737
2465,0.008737
2466,0.008737
2467,0.008737
2468,0.008737
2469,0.008737
2470,0.008737
2471,0.008737
2472,0.008737
2473,0.008737
2474,0.008737
2475,0.008737
2476,0.008673
2477,0.008673
2478,0.008673
2479,0.008673
2480,0.008609
2481,0.008609
2482,0.008609
2483,0.008609
2484,0.008609
2485,0.008609
2486,0.008609
2487,0.008609
2488,0.008609
2489,0.008609
2490,0.008609
2491,0.008609
2492,0.008609
2493,0.008544
2494,0.008544
2495,0.008544
2496,0.008544
2497,0.008544
2498,0.008544
2499,0.008544
2500,0.008544
2501,0.008544
2502,0.008544
2503,0.008544
2504,0.008544
2505,0.008544
2506,0.008544
2507,0.008544
2508,0.008544
2509,0.008544
2510,0.008544
2511,0.008544
2512,0.008544
2513,0.008480
2514,0.008480
2515,0.008480
2516,0.008480
2517,0.008416
2518,0.008416
2519,0.008416
2520,0.008416
2521,0.008416
2522,0.008416
2523,0.008416
2524,0.008416
2525,0.008416
2526,0.008416
2527,0.008416
2528,0.008416
2529,0.008352
2530,0.008352
2531,0.008352
2532,0.008352
2533,0.008352
2534,0.008352
2535,0.008352
2536,0.008352
2537,0.008352
2538,0.008352
2539,0.008352
2540,0.008352
2541,0.008352
2542,0.008352
2543,0.008287
2544,0.008287
2545,0.008287
2546,0.008287
2547,0.008287
2548,0.008287
2549,0.008287
2550,0.008287
2551,0.008287
2552,0.008287
2553,0.008287
2554,0.008287
2555,0.008287
2556,0.008287
2557,0.008287
2558,0.008287
2559,0.008287
2560,0.008287
2561,0.008287
2562,0.008287
2563,0.008287
2564,0.008287
2565,0.008287
2566,0.008287
2567,0.008287
2568,0.008287
2569,0.008287
2570,0.008287
2571,0.008287
2572,0.008287
2573,0.008287
2574,0.008223
2575,0.008223
2576,0.008223
2577,0.008223
2578,0.008223
2579,0.008223
2580,0.008223
2581,0.008223
2582,0.008223
2583,0.008223
2584,0.008223
2585,0.008223
2586,0.008223
2587,0.008223
2588,0.008223
2589,0.008223
2590,0.008223
2591,0.008223
2592,0.008223
2593,0.008223
2594,0.008223
2595,0.008223
2596,0.008223
2597,0.008223
2598,0.008095
2599,0.008095
2600,0.008095
2601,0.008095
2602,0.008095
2603,0.008095
2604,0.008095
2605,0.008095
2606,0.008095
2607,0.008095
2608,0.008095
2609,0.008095
2610,0.008095
2611,0.008095
2612,0.008095
2613,0.008030
2614,0.008030
2615,0.008030
2616,0.008030
2617,0.008030
2618,0.008030
2619,0.008030
2620,0.008030
2621,0.008030
2622,0.008030
2623,0.008030
2624,0.008030
2625,0.008030
2626,0.008030
2627,0.008030
2628,0.008030
2629,0.008030
2630,0.007966
2631,0.007966
2632,0.007966
2633,0.007966
2634,0.007902
2635,0.007902
2636,0.007902
2637,0.007902
2638,0.007902
2639,0.007902
2640,0.007902
2641,0.007902
2642,0.007902
2643,0.007902
2644,0.007902
2645,0.007902
2646,0.007902
2647,0.007902
2648,0.007902
2649,0.007902
2650,0.007902
2651,0.007902
2652,0.007902
2653,0.007902
2654,0.007902
2655,0.007902
2656,0.007902
2657,0.007902
2658,0.007902
2659,0.007838
2660,0.007838
2661,0.007838
2662,0.007838
2663,0.007838
2664,0.007838
2665,0.007838
2666,0.007838
2667,0.007838
2668,0.007838
2669,0.007838
2670,0.007838
2671,0.007838
2672,0.007838
2673,0.007838
2674,0.007773
2675,0.007773
2676,0.007773
2677,0.007773
2678,0.007773
2679,0.007773
2680,0.007773
2681,0.007773
2682,0.007773
2683,0.007773
2684,0.007773
2685,0.007773
2686,0.007773
2687,0.007773
2688,0.007773
2689,0.007773
2690,0.007773
2691,0.007773
2692,0.007773
2693,0.007773
2694,0.007773
2695,0.007773
2696,0.007773
2697,0.007773
2698,0.007773
2699,0.007773
2700,0.007773
2701,0.007773
2702,0.007773
2703,0.007773
2704,0.007709
2705,0.007709
2706,0.007709
2707,0.007709
2708,0.007709
2709,0.007645
2710,0.007645
2711,0.007645
2712,0.007645
2713,0.007645
2714,0.007581
2715,0.007581
2716,0.007581
2717,0.007581
2718,0.007581
2719,0.007581
2720,0.007581
2721,0.007581
2722,0.007581
2723,0.007452
2724,0.007388
2725,0.007388
2726,0.007324
2727,0.007324
2728,0.007324
2729,0.007324
2730,0.007324
2731,0.007324
2732,0.007324
2733,0.007195
2734,0.007131
2735,0.007131
2736,0.007131
2737,0.007131
2738,0.007131
2739,0.007131
2740,0.007131
2741,0.007067
2742,0.007067
2743,0.007067
2744,0.007067
2745,0.007003
2746,0.006874
2747,0.006874
2748,0.006874
2749,0.006810
2750,0.006810
2751,0.006810
2752,0.006810
2753,0.006810
2754,0.006746
2755,0.006746
2756,0.006746
2757,0.006746
2758,0.006746
2759,0.006746
2760,0.006746
2761,0.006746
2762,0.006746
2763,0.006746
2764,0.006681
2765,0.006681
2766,0.006681
2767,0.006681
2768,0.006681
2769,0.006617
2770,0.006553
2771,0.006360
2772,0.006360
2773,0.006360
2774,0.006360
2775,0.006360
2776,0.006360
2777,0.006360
2778,0.006360
2779,0.006360
2780,0.006360
2781,0.006360
2782,0.006360
2783,0.006360
2784,0.006360
2785,0.006296
2786,0.006296
2787,0.006296
2788,0.006296
2789,0.006296
2790,0.006296
2791,0.006296
2792,0.006232
2793,0.006232
2794,0.006232
2795,0.006167
2796,0.006167
2797,0.006167
2798,0.006167
2799,0.006167
2800,0.006103
2801,0.006103
2802,0.006103
2803,0.006103
2804,0.006103
2805,0.006039
2806,0.006039
2807,0.006039
2808,0.006039
2809,0.006039
2810,0.006039
2811,0.006039
2812,0.006039
2813,0.006039
2814,0.006039
2815,0.006039
2816,0.006039
2817,0.006039
2818,0.006039
2819,0.006039
2820,0.006039
2821,0.006039
2822,0.006039
2823,0.006039
2824,0.006039
2825,0.006039
2826,0.006039
2827,0.006039
2828,0.005975
2829,0.005846
2830,0.005782
2831,0.005782
2832,0.005718
2833,0.005718
2834,0.005718
2835,0.005718
2836,0.005718
2837,0.005589
2838,0.005589
2839,0.005589
2840,0.005589
2841,0.005525
2842,0.005461
2843,0.005461
2844,0.005396
2845,0.005396
2846,0.005332
2847,0.005268
2848,0.005204
2849,0.005204
2850,0.005204
2851,0.005204
2852,0.005139
2853,0.005139
2854,0.005011
2855,0.004947
2856,0.004883
2857,0.004818
2858,0.004690
2859,0.004626
2860,0.004626
2861,0.004561
2862,0.004497
2863,0.004497
2864,0.004433
2865,0.004433
2866,0.004433
2867,0.004433
2868,0.004369
2869,0.004304
2870,0.004240
2871,0.004240
2872,0.004047
2873,0.004047
2874,0.004047
2875,0.003919
2876,0.003919
2877,0.003855
2878,0.003855
2879,0.003855
2880,0.003855
2881,0.003662
2882,0.003662
2883,0.003662
2884,0.003662
2885,0.003662
2886,0.003662
2887,0.003598
2888,0.003598
2889,0.003533
2890,0.003533
2891,0.003533
2892,0.003533
2893,0.003469
2894,0.003469
2895,0.003469
2896,0.003469
2897,0.003469
2898,0.003469
2899,0.003405
2900,0.003405
2901,0.003405
2902,0.003341
2903,0.003341
2904,0.003341
2905,0.003341
2906,0.003341
2907,0.003341
2908,0.003341
2909,0.003341
2910,0.003341
2911,0.003341
2912,0.003276
2913,0.003276
2914,0.003276
2915,0.003276
2916,0.003276
2917,0.003276
2918,0.003276
2919,0.003276
2920,0.003276
2921,0.003276
2922,0.003276
2923,0.003276
2924,0.003212
2925,0.003212
2926,0.003148
2927,0.003148
2928,0.003148
2929,0.003148
2930,0.003148
2931,0.003148
2932,0.003148
2933,0.003148
2934,0.003148
2935,0.003148
2936,0.003084
2937,0.003019
2938,0.003019
2939,0.002955
2940,0.002891
2941,0.002891
2942,0.002827
2943,0.002827
2944,0.002827
2945,0.002762
2946,0.002762
2947,0.002762
2948,0.002762
2949,0.002762
2950,0.002762
2951,0.002762
2952,0.002762
2953,0.002762
2954,0.002762
2955,0.002762
2956,0.002762
2957,0.002762
2958,0.002698
2959,0.002698
2960,0.002570
2961,0.002506
2962,0.002506
2963,0.002441
2964,0.002441
2965,0.002441
2966,0.002441
2967,0.002377
2968,0.002313
2969,0.002313
2970,0.002313
2971,0.002313
2972,0.002313
2973,0.002313
2974,0.002313
2975,0.002313
2976,0.002313
2977,0.002313
2978,0.002313
2979,0.002313
2980,0.002313
2981,0.002313
2982,0.002313
2983,0.002313
2984,0.002313
2985,0.002313
2986,0.002313
2987,0.002313
2988,0.002313
2989,0.002313
2990,0.002313
2991,0.002184
2992,0.002184
2993,0.002120
2994,0.002120
2995,0.002120
2996,0.002120
2997,0.002120
2998,0.002120
2999,0.002120
3000,0.002056
3001,0.002056
3002,0.002056
3003,0.002056
3004,0.002056
3005,0.002056
3006,0.002056
3007,0.002056
3008,0.002056
3009,0.002056
3010,0.002056
3011,0.002056
3012,0.002056
3013,0.002056
3014,0.002056
3015,0.002056
3016,0.002056
3017,0.002056
3018,0.002056
3019,0.002056
3020,0.002056
3021,0.002056
3022,0.002056
3023,0.002056
3024,0.002056
3025,0.001927
3026,0.001927
3027,0.001927
3028,0.001927
3029,0.001927
3030,0.001927
3031,0.001863
3032,0.001863
3033,0.001863
3034,0.001863
3035,0.001863
3036,0.001799
3037,0.001799
3038,0.001799
3039,0.001799
3040,0.001799
3041,0.001799
3042,0.001799
3043,0.001799
3044,0.001799
3045,0.001799
3046,0.001799
3047,0.001799
3048,0.001799
3049,0.001799
3050,0.001799
3051,0.001799
3052,0.001799
3053,0.001799
3054,0.001799
3055,0.001799
3056,0.001799
3057,0.001799
3058,0.001735
3059,0.001735
3060,0.001735
3061,0.001735
3062,0.001735
3063,0.001735
3064,0.001735
3065,0.001735
3066,0.001670
3067,0.001670
3068,0.001670
3069,0.001670
3070,0.001670
3071,0.001670
3072,0.001606
3073,0.001606
3074,0.001606
3075,0.001606
3076,0.001606
3077,0.001606
3078,0.001606
3079,0.001606
3080,0.001606
3081,0.001606
3082,0.001606
3083,0.001606
3084,0.001606
3085,0.001606
3086,0.001542
3087,0.001542
3088,0.001542
3089,0.001542
3090,0.001542
3091,0.001542
3092,0.001542
3093,0.001542
3094,0.001542
3095,0.001542
3096,0.001542
3097,0.001542
3098,0.001542
3099,0.001542
3100,0.001542
3101,0.001542
3102,0.001542
3103,0.001542
3104,0.001542
3105,0.001542
3106,0.001478
3107,0.001478
3108,0.001413
3109,0.001413
3110,0.001413
3111,0.001413
3112,0.001413
3113,0.001413
3114,0.001413
3115,0.001413
3116,0.001413
3117,0.001413
3118,0.001413
3119,0.001413
3120,0.001413
3121,0.001413
3122,0.001413
3123,0.001413
3124,0.001413
3125,0.001413
3126,0.001413
3127,0.001413
3128,0.001413
3129,0.001349
3130,0.001349
3131,0.001349
3132,0.001349
3133,0.001349
3134,0.001349
3135,0.001349
3136,0.001285
3137,0.001285
3138,0.001285
3139,0.001285
3140,0.001285
3141,0.001285
3142,0.001285
3143,0.001285
3144,0.001285
3145,0.001285
3146,0.001285
3147,0.001285
3148,0.001285
3149,0.001285
3150,0.001285
3151,0.001285
3152,0.001285
3153,0.001285
3154,0.001285
3155,0.001285
3156,0.001285
3157,0.001221
3158,0.001221
3159,0.001221
3160,0.001156
3161,0.001156
3162,0.001156
3163,0.001156
3164,0.001156
3165,0.001156
3166,0.001156
3167,0.001156
3168,0.001156
3169,0.001156
3170,0.001156
3171,0.001156
3172,0.001156
3173,0.001156
3174,0.001156
3175,0.001156
3176,0.001156
3177,0.001156
3178,0.001156
3179,0.001156
3180,0.001092
3181,0.001092
3182,0.001092
3183,0.001092
3184,0.001092
3185,0.001092
3186,0.001092
3187,0.001092
3188,0.001092
3189,0.001092
3190,0.001092
3191,0.001092
3192,0.001092
3193,0.001092
3194,0.001092
3195,0.001092
3196,0.001028
3197,0.001028
3198,0.001028
3199,0.001028
3200,0.001028
3201,0.001028
3202,0.001028
3203,0.001028
3204,0.001028
3205,0.001028
3206,0.000964
3207,0.000964
3208,0.000964
3209,0.000964
3210,0.000964
3211,0.000964
3212,0.000964
3213,0.000964
3214,0.000964
3215,0.000964
3216,0.000964
3217,0.000964
3218,0.000964
3219,0.000964
3220,0.000964
3221,0.000964
3222,0.000964
3223,0.000964
3224,0.000964
3225,0.000964
3226,0.000899
3227,0.000899
3228,0.000899
3229,0.000899
3230,0.000899
3231,0.000899
3232,0.000899
3233,0.000899
3234,0.000899
3235,0.000899
3236,0.000899
3237,0.000899
3238,0.000899
3239,0.000899
3240,0.000899
3241,0.000899
3242,0.000899
3243,0.000899
3244,0.000899
3245,0.000899
3246,0.000899
3247,0.000899
3248,0.000835
3249,0.000835
3250,0.000835
3251,0.000835
3252,0.000835
3253,0.000835
3254,0.000835
3255,0.000771
3256,0.000771
3257,0.000771
3258,0.000771
3259,0.000771
3260,0.000771
3261,0.000771
3262,0.000771
3263,0.000771
3264,0.000771
3265,0.000707
3266,0.000707
3267,0.000707
3268,0.000707
3269,0.000707
3270,0.000707
3271,0.000707
3272,0.000707
3273,0.000707
3274,0.000707
3275,0.000707
3276,0.000707
3277,0.000707
3278,0.000707
3279,0.000707
3280,0.000707
3281,0.000707
3282,0.000707
3283,0.000707
3284,0.000707
3285,0.000707
3286,0.000707
3287,0.000642
3288,0.000642
3289,0.000642
3290,0.000578
3291,0.000578
3292,0.000514
3293,0.000450
3294,0.000450
3295,0.000450
3296,0.000450
3297,0.000385
3298,0.000385
3299,0.000385
3300,0.000385
3301,0.000385
3302,0.000385
3303,0.000385
3304,0.000385
3305,0.000321
3306,0.000321
3307,0.000321
3308,0.000321
3309,0.000321
3310,0.000321
3311,0.000321
3312,0.000257
3313,0.000257
3314,0.000193
3315,0.000193
3316,0.000193
3317,0.000193
3318,0.000193
3319,0.000193
3320,0.000193
3321,0.000193
3322,0.000193
3323,0.000193
3324,0.000128
3325,0.000128
3326,0.000128
3327,0.000128
3328,0.000128
3329,0.000128
3330,0.000064
3331,0.000064
3332,0.000064
3333,0.000064
3334,0.000064
