Chr,Pos,Case_Genotype,Case_GT_Read_Sup,Ctrl_Genotype,Ctrl_GT_Read_Sup,Match_Or_Not
1,11205058,TT,1953,TT,423,Yes
1,47398743,CC,2103,CC,391,Yes
2,99779131,CT,932|1120,CT,209|270,Yes
2,141751592,AA,1949,AA,560,Yes
2,204824283,TT,1374,TT,342,Yes
3,186443018,CT,652|943,CT,189|231,Yes
7,47968927,AA,1747,AA,336,Yes
8,143310815,AA,1362,AA,386,Yes
9,125424507,AC,997|998,AC,239|229,Yes
10,95279506,AT,945|826,AT,222|228,Yes
10,120917445,AG,985|1038,AG,237|245,Yes
12,120995332,AA,1560,AA,388,Yes
13,31233063,GG,1788,GG,477,Yes
14,20665840,AA,1951,AA,358,Yes
15,77344793,AA,1714,AA,370,Yes
15,90226947,CC,1868,CC,482,Yes
16,20986506,TT,1019,TT,336,Yes
17,5991344,TT,2074,TT,410,Yes
18,61170721,CC,1501,CC,382,Yes
20,50238545,AA,1988,AA,328,Yes
20,52786219,AG,874|1088,AG,219|269,Yes
Summary,Perfect,,,,,Yes
