Sequencing depth,Fraction of target bases(%),Number of target bases
0,0.212389,1
1,0.113647,1769
2,0.143006,2226
3,0.120007,1868
4,0.050239,782
5,0.030644,477
6,0.012399,193
7,0.001606,25
11,0.000193,3
13,0.000257,4
14,0.000128,2
17,0.000128,2
18,0.000128,2
19,0.000193,3
21,0.000385,6
23,0.000642,10
24,0.000514,8
25,0.000193,3
26,0.000321,5
27,0.000128,2
28,0.000193,3
30,0.000257,4
31,0.000064,1
32,0.000128,2
33,0.000193,3
34,0.000257,4
35,0.000257,4
37,0.000064,1
41,0.000193,3
42,0.000128,2
43,0.000193,3
45,0.000128,2
46,0.000128,2
47,0.000257,4
48,0.000193,3
50,0.000128,2
51,0.000193,3
52,0.000321,5
53,0.000064,1
54,0.000257,4
55,0.000385,6
56,0.000128,2
57,0.000257,4
58,0.000128,2
59,0.000257,4
60,0.000193,3
61,0.000257,4
62,0.000321,5
63,0.000257,4
64,0.000064,1
65,0.000064,1
66,0.000385,6
67,0.000064,1
68,0.000257,4
69,0.000257,4
70,0.000193,3
71,0.000257,4
72,0.000257,4
73,0.000064,1
74,0.000193,3
76,0.000193,3
77,0.000128,2
79,0.000128,2
80,0.000193,3
81,0.000257,4
82,0.000128,2
83,0.000450,7
84,0.000257,4
85,0.000385,6
86,0.000128,2
87,0.000321,5
88,0.000193,3
89,0.000064,1
90,0.000128,2
91,0.000128,2
92,0.000193,3
93,0.000450,7
94,0.000450,7
95,0.000128,2
96,0.000257,4
97,0.000257,4
98,0.000514,8
99,0.000450,7
100,0.000899,14
101,0.001028,16
102,0.000642,10
103,0.000707,11
104,0.000321,5
105,0.000257,4
106,0.000514,8
107,0.000321,5
108,0.000642,10
109,0.000128,2
110,0.000257,4
111,0.000257,4
112,0.000257,4
113,0.000321,5
114,0.000257,4
115,0.000771,12
116,0.000450,7
117,0.000385,6
118,0.000514,8
119,0.000193,3
120,0.000064,1
121,0.000193,3
122,0.000128,2
123,0.000450,7
124,0.000578,9
125,0.000707,11
126,0.000578,9
127,0.000642,10
128,0.000321,5
129,0.000128,2
130,0.000321,5
131,0.000385,6
132,0.000193,3
133,0.000450,7
134,0.000193,3
135,0.000385,6
136,0.000385,6
137,0.000128,2
138,0.000450,7
139,0.000707,11
140,0.000385,6
141,0.000193,3
142,0.000321,5
143,0.000385,6
144,0.000064,1
145,0.000257,4
146,0.000257,4
147,0.000064,1
148,0.000193,3
149,0.000257,4
150,0.000128,2
151,0.000064,1
152,0.000321,5
153,0.000450,7
154,0.000450,7
155,0.000385,6
156,0.000578,9
157,0.000193,3
158,0.000064,1
159,0.000321,5
160,0.000257,4
161,0.000257,4
162,0.000385,6
163,0.000128,2
164,0.000193,3
165,0.000385,6
166,0.000385,6
167,0.000385,6
168,0.000257,4
169,0.000450,7
170,0.000193,3
171,0.000450,7
172,0.000450,7
173,0.000064,1
174,0.000064,1
175,0.000385,6
177,0.000128,2
178,0.000450,7
179,0.000257,4
180,0.000321,5
181,0.000321,5
182,0.000321,5
183,0.000450,7
184,0.000450,7
185,0.000193,3
186,0.000385,6
187,0.000321,5
188,0.000257,4
189,0.000193,3
190,0.000193,3
191,0.000064,1
192,0.000128,2
193,0.000257,4
194,0.000064,1
195,0.000321,5
196,0.000321,5
197,0.000385,6
198,0.000257,4
199,0.000321,5
200,0.000193,3
202,0.000193,3
203,0.000257,4
204,0.000514,8
205,0.000193,3
206,0.000128,2
207,0.000193,3
208,0.000193,3
209,0.000578,9
210,0.000257,4
211,0.000385,6
212,0.000385,6
215,0.000064,1
216,0.000321,5
217,0.000193,3
218,0.000450,7
219,0.000321,5
220,0.000385,6
221,0.000193,3
222,0.000257,4
223,0.000257,4
224,0.000450,7
225,0.000514,8
226,0.000257,4
227,0.000193,3
228,0.000193,3
229,0.000257,4
230,0.000321,5
231,0.000193,3
232,0.000385,6
233,0.000321,5
234,0.000450,7
235,0.000064,1
236,0.000257,4
237,0.000321,5
238,0.000642,10
239,0.000385,6
240,0.000257,4
241,0.000257,4
242,0.000257,4
243,0.000385,6
244,0.000193,3
245,0.000257,4
246,0.000321,5
247,0.000514,8
248,0.000257,4
249,0.000514,8
250,0.000193,3
251,0.000450,7
252,0.000257,4
253,0.000514,8
254,0.000514,8
255,0.000321,5
256,0.000128,2
257,0.000578,9
258,0.000193,3
259,0.000707,11
260,0.000578,9
261,0.000514,8
262,0.000257,4
263,0.000257,4
264,0.000707,11
265,0.000321,5
266,0.000707,11
267,0.000128,2
268,0.000257,4
269,0.000450,7
270,0.000450,7
271,0.000514,8
272,0.000514,8
273,0.000193,3
274,0.000385,6
275,0.000193,3
276,0.000385,6
277,0.000578,9
278,0.000385,6
279,0.000064,1
280,0.000771,12
281,0.000642,10
282,0.000321,5
283,0.000707,11
284,0.000642,10
285,0.000321,5
286,0.000578,9
287,0.000835,13
288,0.000193,3
289,0.000450,7
290,0.000835,13
291,0.000771,12
292,0.000385,6
293,0.000385,6
294,0.000321,5
295,0.000450,7
296,0.000578,9
297,0.000385,6
298,0.000578,9
299,0.000385,6
300,0.000835,13
301,0.000257,4
302,0.000835,13
303,0.000321,5
304,0.000642,10
305,0.000514,8
306,0.000642,10
307,0.000514,8
308,0.000578,9
309,0.000385,6
310,0.000578,9
311,0.000514,8
312,0.000707,11
313,0.000514,8
314,0.000771,12
315,0.000707,11
316,0.000707,11
317,0.000450,7
318,0.000642,10
319,0.000450,7
320,0.000450,7
321,0.000642,10
322,0.000707,11
323,0.000835,13
324,0.000578,9
325,0.000450,7
326,0.000835,13
327,0.000771,12
328,0.000771,12
329,0.001028,16
330,0.000771,12
331,0.000771,12
332,0.001156,18
333,0.001221,19
334,0.000578,9
335,0.000835,13
336,0.000450,7
337,0.000835,13
338,0.000578,9
339,0.000964,15
340,0.001092,17
341,0.000642,10
342,0.000707,11
343,0.000835,13
344,0.000385,6
345,0.000321,5
346,0.000514,8
347,0.000450,7
348,0.000771,12
349,0.000771,12
350,0.000771,12
351,0.000771,12
352,0.000771,12
353,0.000899,14
354,0.000450,7
355,0.000964,15
356,0.000771,12
357,0.000642,10
358,0.000450,7
359,0.001028,16
360,0.000771,12
361,0.000707,11
362,0.000771,12
363,0.000771,12
364,0.001156,18
365,0.000385,6
366,0.000835,13
367,0.000450,7
368,0.000514,8
369,0.000514,8
370,0.000835,13
371,0.000514,8
372,0.000899,14
373,0.000771,12
374,0.000835,13
375,0.000771,12
376,0.000642,10
377,0.000771,12
378,0.000707,11
379,0.000899,14
380,0.001028,16
381,0.000835,13
382,0.000450,7
383,0.000899,14
384,0.001028,16
385,0.000835,13
386,0.000964,15
387,0.000514,8
388,0.000899,14
389,0.000771,12
390,0.001092,17
391,0.000899,14
392,0.000642,10
393,0.001156,18
394,0.001156,18
395,0.000964,15
396,0.000771,12
397,0.000835,13
398,0.000964,15
399,0.001221,19
400,0.000771,12
401,0.000771,12
402,0.001028,16
403,0.000899,14
404,0.001028,16
405,0.000835,13
406,0.000964,15
407,0.000771,12
408,0.001221,19
409,0.000707,11
410,0.000835,13
411,0.000642,10
412,0.001092,17
413,0.001092,17
414,0.000899,14
415,0.000899,14
416,0.001413,22
417,0.001156,18
418,0.000835,13
419,0.000771,12
420,0.000771,12
421,0.000578,9
422,0.001542,24
423,0.001221,19
424,0.001349,21
425,0.001092,17
426,0.000707,11
427,0.001221,19
428,0.001092,17
429,0.001542,24
430,0.001156,18
431,0.000578,9
432,0.001221,19
433,0.001221,19
434,0.001285,20
435,0.001349,21
436,0.000899,14
437,0.000835,13
438,0.000899,14
439,0.000450,7
440,0.001285,20
441,0.001413,22
442,0.001156,18
443,0.001863,29
444,0.000899,14
445,0.001285,20
446,0.001092,17
447,0.001413,22
448,0.001221,19
449,0.000899,14
450,0.001542,24
451,0.000964,15
452,0.001092,17
453,0.001606,25
454,0.001092,17
455,0.001285,20
456,0.001606,25
457,0.001221,19
458,0.000771,12
459,0.001156,18
460,0.001799,28
461,0.001156,18
462,0.001221,19
463,0.001156,18
464,0.001156,18
465,0.001092,17
466,0.001606,25
467,0.001028,16
468,0.001927,30
469,0.001927,30
470,0.001092,17
471,0.001028,16
472,0.001927,30
473,0.001285,20
474,0.001670,26
475,0.001349,21
476,0.001413,22
477,0.001799,28
478,0.001413,22
479,0.001221,19
480,0.001670,26
481,0.001606,25
482,0.001606,25
483,0.001542,24
484,0.001670,26
485,0.001413,22
486,0.001413,22
487,0.002377,37
488,0.001799,28
489,0.001285,20
490,0.001478,23
491,0.001735,27
492,0.001478,23
493,0.001349,21
494,0.002056,32
495,0.001992,31
496,0.000964,15
497,0.001606,25
498,0.001092,17
499,0.002120,33
500,0.002249,35
501,0.001542,24
502,0.001028,16
503,0.002377,37
504,0.001863,29
505,0.002184,34
506,0.002184,34
507,0.001542,24
508,0.001478,23
509,0.001542,24
510,0.001735,27
511,0.002184,34
512,0.002120,33
513,0.002120,33
514,0.002249,35
515,0.002570,40
516,0.001799,28
517,0.001542,24
518,0.001670,26
519,0.001735,27
520,0.001927,30
521,0.002249,35
522,0.002377,37
523,0.001799,28
524,0.001670,26
525,0.001799,28
526,0.002313,36
527,0.001606,25
528,0.001927,30
529,0.001927,30
530,0.001927,30
531,0.001606,25
532,0.002120,33
533,0.002056,32
534,0.002313,36
535,0.001542,24
536,0.002120,33
537,0.002570,40
538,0.001413,22
539,0.002056,32
540,0.001992,31
541,0.001349,21
542,0.001927,30
543,0.002120,33
544,0.001863,29
545,0.002184,34
546,0.001863,29
547,0.001542,24
548,0.002441,38
549,0.001992,31
550,0.002184,34
551,0.001992,31
552,0.001863,29
553,0.002762,43
554,0.002184,34
555,0.001927,30
556,0.002762,43
557,0.002570,40
558,0.001542,24
559,0.002184,34
560,0.002313,36
561,0.002184,34
562,0.002313,36
563,0.002891,45
564,0.002570,40
565,0.002313,36
566,0.002441,38
567,0.002249,35
568,0.002184,34
569,0.002249,35
570,0.003084,48
571,0.002634,41
572,0.002441,38
573,0.002249,35
574,0.001927,30
575,0.001863,29
576,0.002506,39
577,0.002506,39
578,0.002313,36
579,0.002762,43
580,0.002313,36
581,0.002955,46
582,0.002506,39
583,0.003084,48
584,0.002955,46
585,0.003084,48
586,0.003019,47
587,0.003790,59
588,0.002506,39
589,0.003341,52
590,0.003790,59
591,0.003084,48
592,0.003533,55
593,0.002506,39
594,0.002249,35
595,0.002955,46
596,0.002377,37
597,0.003662,57
598,0.001992,31
599,0.002955,46
600,0.003019,47
601,0.002313,36
602,0.003598,56
603,0.003212,50
604,0.003533,55
605,0.002377,37
606,0.002506,39
607,0.002313,36
608,0.003533,55
609,0.002891,45
610,0.003726,58
611,0.003405,53
612,0.002441,38
613,0.003019,47
614,0.003212,50
615,0.002506,39
616,0.002955,46
617,0.003084,48
618,0.002313,36
619,0.003212,50
620,0.003983,62
621,0.002955,46
622,0.003405,53
623,0.002955,46
624,0.003533,55
625,0.003983,62
626,0.003662,57
627,0.003148,49
628,0.003212,50
629,0.003148,49
630,0.003212,50
631,0.003405,53
632,0.002891,45
633,0.003983,62
634,0.003662,57
635,0.003790,59
636,0.003341,52
637,0.003533,55
638,0.003341,52
639,0.003276,51
640,0.003469,54
641,0.004176,65
642,0.004112,64
643,0.002955,46
644,0.003469,54
645,0.003790,59
646,0.003662,57
647,0.004497,70
648,0.003212,50
649,0.003019,47
650,0.004497,70
651,0.003019,47
652,0.003405,53
653,0.003790,59
654,0.004176,65
655,0.004561,71
656,0.003662,57
657,0.004561,71
658,0.003341,52
659,0.003790,59
660,0.003662,57
661,0.003533,55
662,0.004369,68
663,0.004240,66
664,0.004176,65
665,0.004754,74
666,0.004433,69
667,0.003919,61
668,0.004304,67
669,0.004561,71
670,0.004561,71
671,0.003212,50
672,0.004176,65
673,0.004240,66
674,0.004947,77
675,0.004561,71
676,0.004561,71
677,0.004561,71
678,0.003983,62
679,0.004047,63
680,0.005332,83
681,0.004304,67
682,0.003726,58
683,0.006360,99
684,0.005075,79
685,0.005268,82
686,0.005910,92
687,0.005396,84
688,0.004433,69
689,0.004818,75
690,0.004304,67
691,0.005139,80
692,0.004626,72
693,0.004561,71
694,0.005525,86
695,0.005396,84
696,0.004176,65
697,0.005525,86
698,0.004754,74
699,0.003983,62
700,0.004754,74
701,0.004883,76
702,0.004883,76
703,0.005461,85
704,0.006103,95
705,0.005268,82
706,0.005461,85
707,0.004690,73
708,0.004883,76
709,0.005461,85
710,0.005653,88
711,0.005332,83
712,0.006232,97
713,0.006232,97
714,0.004304,67
715,0.006232,97
716,0.005204,81
717,0.004947,77
718,0.004818,75
719,0.005718,89
720,0.005461,85
721,0.005975,93
722,0.006553,102
723,0.006489,101
724,0.005461,85
725,0.005975,93
726,0.005461,85
727,0.005653,88
728,0.004754,74
729,0.004433,69
730,0.005332,83
731,0.005204,81
732,0.005653,88
733,0.005461,85
734,0.006232,97
735,0.007067,110
736,0.005718,89
737,0.005782,90
738,0.006167,96
739,0.005718,89
740,0.005782,90
741,0.006681,104
742,0.005332,83
743,0.005525,86
744,0.005139,80
745,0.006167,96
746,0.005718,89
747,0.006424,100
748,0.006296,98
749,0.006103,95
750,0.006617,103
751,0.006553,102
752,0.006617,103
753,0.006553,102
754,0.005846,91
755,0.006424,100
756,0.006360,99
757,0.006232,97
758,0.005653,88
759,0.006039,94
760,0.006424,100
761,0.007709,120
762,0.007260,113
763,0.005782,90
764,0.006103,95
765,0.005653,88
766,0.005846,91
767,0.006167,96
768,0.005653,88
769,0.006167,96
770,0.005718,89
771,0.005396,84
772,0.006681,104
773,0.005589,87
774,0.005461,85
775,0.006874,107
776,0.006424,100
777,0.006617,103
778,0.006938,108
779,0.007003,109
780,0.006617,103
781,0.007260,113
782,0.006553,102
783,0.005589,87
784,0.006167,96
785,0.007581,118
786,0.005653,88
787,0.006489,101
788,0.006360,99
789,0.006489,101
790,0.007131,111
791,0.007773,121
792,0.006617,103
793,0.006103,95
794,0.006489,101
795,0.007195,112
796,0.007838,122
797,0.006489,101
798,0.006360,99
799,0.007324,114
800,0.007260,113
801,0.007260,113
802,0.008930,139
803,0.007581,118
804,0.007773,121
805,0.007902,123
806,0.007067,110
807,0.007838,122
808,0.007131,111
809,0.006746,105
810,0.008866,138
811,0.008223,128
812,0.009187,143
813,0.006681,104
814,0.008223,128
815,0.007452,116
816,0.006617,103
817,0.005846,91
818,0.007324,114
819,0.007388,115
820,0.007902,123
821,0.007645,119
822,0.007517,117
823,0.008223,128
824,0.007709,120
825,0.008352,130
826,0.006810,106
827,0.007773,121
828,0.008095,126
829,0.009187,143
830,0.008480,132
831,0.007773,121
832,0.007452,116
833,0.007966,124
834,0.009251,144
835,0.009572,149
836,0.008673,135
837,0.008095,126
838,0.007966,124
839,0.007902,123
840,0.008994,140
841,0.008866,138
842,0.010407,162
843,0.007966,124
844,0.007324,114
845,0.007067,110
846,0.009572,149
847,0.009187,143
848,0.007966,124
849,0.008159,127
850,0.008416,131
851,0.008737,136
852,0.008416,131
853,0.009251,144
854,0.007709,120
855,0.008737,136
856,0.008609,134
857,0.007003,109
858,0.008480,132
859,0.008609,134
860,0.007966,124
861,0.008930,139
862,0.008159,127
863,0.008609,134
864,0.008994,140
865,0.009123,142
866,0.008673,135
867,0.009637,150
868,0.008480,132
869,0.008994,140
870,0.008994,140
871,0.008737,136
872,0.010472,163
873,0.009829,153
874,0.008801,137
875,0.008737,136
876,0.008801,137
877,0.008801,137
878,0.009123,142
879,0.008480,132
880,0.008480,132
881,0.008801,137
882,0.009187,143
883,0.008930,139
884,0.011050,172
885,0.008737,136
886,0.010600,165
887,0.009765,152
888,0.008673,135
889,0.011243,175
890,0.010986,171
891,0.009315,145
892,0.010857,169
893,0.009765,152
894,0.010343,161
895,0.010086,157
896,0.009123,142
897,0.010664,166
898,0.010279,160
899,0.009701,151
900,0.010343,161
901,0.009508,148
902,0.009444,147
903,0.008609,134
904,0.009572,149
905,0.011178,174
906,0.008994,140
907,0.010407,162
908,0.009958,155
909,0.010215,159
910,0.011050,172
911,0.007966,124
912,0.010664,166
913,0.009444,147
914,0.011050,172
915,0.010536,164
916,0.008416,131
917,0.010086,157
918,0.009251,144
919,0.009958,155
920,0.010150,158
921,0.009829,153
922,0.010921,170
923,0.010472,163
924,0.009315,145
925,0.008930,139
926,0.008609,134
927,0.010407,162
928,0.011050,172
929,0.010729,167
930,0.010664,166
931,0.010343,161
932,0.009637,150
933,0.009701,151
934,0.010086,157
935,0.009958,155
936,0.011307,176
937,0.010215,159
938,0.011114,173
939,0.009572,149
940,0.010472,163
941,0.011821,184
942,0.009701,151
943,0.010729,167
944,0.011050,172
945,0.009380,146
946,0.010215,159
947,0.009894,154
948,0.010600,165
949,0.012913,201
950,0.011114,173
951,0.011371,177
952,0.010600,165
953,0.010729,167
954,0.011307,176
955,0.012142,189
956,0.010857,169
957,0.010793,168
958,0.011885,185
959,0.012528,195
960,0.010407,162
961,0.010729,167
962,0.011243,175
963,0.010086,157
964,0.011243,175
965,0.011371,177
966,0.011178,174
967,0.011435,178
968,0.010472,163
969,0.012399,193
970,0.012399,193
971,0.012720,198
972,0.010664,166
973,0.012335,192
974,0.013106,204
975,0.013555,211
976,0.012656,197
977,0.013684,213
978,0.011949,186
979,0.010536,164
980,0.013170,205
981,0.014005,218
982,0.013748,214
983,0.012592,196
984,0.013298,207
985,0.014519,226
986,0.013941,217
987,0.010472,163
988,0.012206,190
989,0.012977,202
990,0.013363,208
991,0.012142,189
992,0.014005,218
993,0.011564,180
994,0.011885,185
995,0.012913,201
996,0.013941,217
997,0.014005,218
998,0.012656,197
999,0.013106,204
1000,0.012271,191
1001,0.014455,225
1002,0.011500,179
1003,0.013941,217
1004,0.013748,214
1005,0.014326,223
1006,0.014455,225
1007,0.015033,234
1008,0.013363,208
1009,0.012849,200
1010,0.013684,213
1011,0.014134,220
1012,0.013491,210
1013,0.014069,219
1014,0.013041,203
1015,0.014069,219
1016,0.014262,222
1017,0.014519,226
1018,0.015483,241
1019,0.013877,216
1020,0.014648,228
1021,0.013877,216
1022,0.014776,230
1023,0.014648,228
1024,0.014776,230
1025,0.012592,196
1026,0.014905,232
1027,0.014969,233
1028,0.014262,222
1029,0.013491,210
1030,0.013427,209
1031,0.013555,211
1032,0.015161,236
1033,0.014840,231
1034,0.012528,195
1035,0.013491,210
1036,0.013555,211
1037,0.014648,228
1038,0.014455,225
1039,0.014326,223
1040,0.016125,251
1041,0.012335,192
1042,0.015418,240
1043,0.012720,198
1044,0.012656,197
1045,0.013812,215
1046,0.013427,209
1047,0.013041,203
1048,0.014776,230
1049,0.014905,232
1050,0.014069,219
1051,0.015097,235
1052,0.014134,220
1053,0.014326,223
1054,0.013877,216
1055,0.014326,223
1056,0.014198,221
1057,0.015547,242
1058,0.014776,230
1059,0.015226,237
1060,0.015033,234
1061,0.016768,261
1062,0.014326,223
1063,0.013106,204
1064,0.013748,214
1065,0.014326,223
1066,0.016832,262
1067,0.013941,217
1068,0.016125,251
1069,0.014840,231
1070,0.014969,233
1071,0.013170,205
1072,0.016061,250
1073,0.014840,231
1074,0.015675,244
1075,0.014583,227
1076,0.015611,243
1077,0.014776,230
1078,0.015354,239
1079,0.017089,266
1080,0.014776,230
1081,0.014648,228
1082,0.015226,237
1083,0.015290,238
1084,0.016446,256
1085,0.015804,246
1086,0.015483,241
1087,0.015354,239
1088,0.016189,252
1089,0.014005,218
1090,0.015483,241
1091,0.016125,251
1092,0.017667,275
1093,0.017667,275
1094,0.015290,238
1095,0.017282,269
1096,0.016768,261
1097,0.016318,254
1098,0.014391,224
1099,0.016639,259
1100,0.017282,269
1101,0.016318,254
1102,0.016511,257
1103,0.017346,270
1104,0.016575,258
1105,0.014969,233
1106,0.016575,258
1107,0.015483,241
1108,0.016254,253
1109,0.016575,258
1110,0.017346,270
1111,0.017089,266
1112,0.016061,250
1113,0.017153,267
1114,0.016703,260
1115,0.017089,266
1116,0.016768,261
1117,0.016382,255
1118,0.018566,289
1119,0.017603,274
1120,0.016703,260
1121,0.017731,276
1122,0.016125,251
1123,0.017603,274
1124,0.014069,219
1125,0.016318,254
1126,0.014840,231
1127,0.017539,273
1128,0.016318,254
1129,0.017795,277
1130,0.015611,243
1131,0.016382,255
1132,0.017667,275
1133,0.016318,254
1134,0.018566,289
1135,0.016125,251
1136,0.018631,290
1137,0.020044,312
1138,0.016703,260
1139,0.018631,290
1140,0.017025,265
1141,0.017153,267
1142,0.017667,275
1143,0.017282,269
1144,0.018566,289
1145,0.016768,261
1146,0.017988,280
1147,0.018566,289
1148,0.018438,287
1149,0.019337,301
1150,0.017988,280
1151,0.016575,258
1152,0.018823,293
1153,0.019659,306
1154,0.017860,278
1155,0.017860,278
1156,0.019145,298
1157,0.018181,283
1158,0.018052,281
1159,0.018952,295
1160,0.019402,302
1161,0.018888,294
1162,0.020494,319
1163,0.019466,303
1164,0.019530,304
1165,0.018181,283
1166,0.018502,288
1167,0.019659,306
1168,0.018631,290
1169,0.019466,303
1170,0.018374,286
1171,0.017089,266
1172,0.018245,284
1173,0.020044,312
1174,0.021136,329
1175,0.017410,271
1176,0.018502,288
1177,0.020622,321
1178,0.020686,322
1179,0.017924,279
1180,0.020365,317
1181,0.019466,303
1182,0.019787,308
1183,0.020815,324
1184,0.021072,328
1185,0.019402,302
1186,0.019016,296
1187,0.021008,327
1188,0.019145,298
1189,0.020815,324
1190,0.019916,310
1191,0.020494,319
1192,0.018502,288
1193,0.021265,331
1194,0.021329,332
1195,0.020494,319
1196,0.020429,318
1197,0.021457,334
1198,0.020943,326
1199,0.022036,343
1200,0.021779,339
1201,0.019530,304
1202,0.019016,296
1203,0.020943,326
1204,0.021586,336
1205,0.020751,323
1206,0.021136,329
1207,0.020494,319
1208,0.018823,293
1209,0.024220,377
1210,0.022742,354
1211,0.020429,318
1212,0.022228,346
1213,0.020108,313
1214,0.020558,320
1215,0.019980,311
1216,0.020558,320
1217,0.019916,310
1218,0.019337,301
1219,0.020879,325
1220,0.022614,352
1221,0.020622,321
1222,0.023770,370
1223,0.022421,349
1224,0.021457,334
1225,0.021843,340
1226,0.022421,349
1227,0.021779,339
1228,0.021714,338
1229,0.023899,372
1230,0.022935,357
1231,0.021522,335
1232,0.024862,387
1233,0.020622,321
1234,0.023513,366
1235,0.021586,336
1236,0.024991,389
1237,0.022614,352
1238,0.024027,374
1239,0.023834,371
1240,0.022485,350
1241,0.023834,371
1242,0.021907,341
1243,0.022871,356
1244,0.022485,350
1245,0.022293,347
1246,0.024156,376
1247,0.023256,362
1248,0.025954,404
1249,0.023320,363
1250,0.024670,384
1251,0.023449,365
1252,0.023642,368
1253,0.024798,386
1254,0.023063,359
1255,0.024541,382
1256,0.024348,379
1257,0.025183,392
1258,0.026340,410
1259,0.025312,394
1260,0.025183,392
1261,0.027753,432
1262,0.021971,342
1263,0.026918,419
1264,0.027432,427
1265,0.026404,411
1266,0.026533,413
1267,0.024220,377
1268,0.025376,395
1269,0.025248,393
1270,0.025505,397
1271,0.027175,423
1272,0.026147,407
1273,0.024477,381
1274,0.026725,416
1275,0.024927,388
1276,0.025569,398
1277,0.025633,399
1278,0.026340,410
1279,0.026597,414
1280,0.025440,396
1281,0.028267,440
1282,0.025055,390
1283,0.027111,422
1284,0.026982,420
1285,0.026854,418
1286,0.028203,439
1287,0.029552,460
1288,0.024862,387
1289,0.025633,399
1290,0.025762,401
1291,0.025505,397
1292,0.026468,412
1293,0.026276,409
1294,0.028267,440
1295,0.028203,439
1296,0.028074,437
1297,0.027689,431
1298,0.025440,396
1299,0.027625,430
1300,0.026147,407
1301,0.026211,408
1302,0.026597,414
1303,0.028460,443
1304,0.028396,442
1305,0.026918,419
1306,0.025762,401
1307,0.027689,431
1308,0.027239,424
1309,0.024862,387
1310,0.026019,405
1311,0.024927,388
1312,0.027817,433
1313,0.030451,474
1314,0.026468,412
1315,0.029938,466
1316,0.028010,436
1317,0.028010,436
1318,0.029038,452
1319,0.026725,416
1320,0.027111,422
1321,0.028267,440
1322,0.030066,468
1323,0.027689,431
1324,0.028910,450
1325,0.027175,423
1326,0.027817,433
1327,0.027882,434
1328,0.027882,434
1329,0.027946,435
1330,0.029102,453
1331,0.029809,464
1332,0.030580,476
1333,0.026854,418
1334,0.027111,422
1335,0.028974,451
1336,0.027689,431
1337,0.028460,443
1338,0.028653,446
1339,0.031158,485
1340,0.030580,476
1341,0.029809,464
1342,0.028139,438
1343,0.029102,453
1344,0.028653,446
1345,0.028524,444
1346,0.028203,439
1347,0.027047,421
1348,0.025376,395
1349,0.030387,473
1350,0.027111,422
1351,0.028139,438
1352,0.028910,450
1353,0.030323,472
1354,0.029102,453
1355,0.030901,481
1356,0.031222,486
1357,0.026533,413
1358,0.031351,488
1359,0.030323,472
1360,0.030194,470
1361,0.029102,453
1362,0.029359,457
1363,0.031415,489
1364,0.028588,445
1365,0.029359,457
1366,0.030516,475
1367,0.029102,453
1368,0.029873,465
1369,0.029873,465
1370,0.030965,482
1371,0.032250,502
1372,0.029745,463
1373,0.033278,518
1374,0.030259,471
1375,0.030451,474
1376,0.031608,492
1377,0.028331,441
1378,0.032572,507
1379,0.030516,475
1380,0.032700,509
1381,0.031672,493
1382,0.030580,476
1383,0.030644,477
1384,0.031929,497
1385,0.028524,444
1386,0.029102,453
1387,0.030516,475
1388,0.030773,479
1389,0.029745,463
1390,0.032122,500
1391,0.031929,497
1392,0.031479,490
1393,0.030259,471
1394,0.031672,493
1395,0.030901,481
1396,0.032058,499
1397,0.030451,474
1398,0.031094,484
1399,0.033856,527
1400,0.032315,503
1401,0.030066,468
1402,0.032957,513
1403,0.030901,481
1404,0.030259,471
1405,0.032507,506
1406,0.030451,474
1407,0.031865,496
1408,0.031415,489
1409,0.028396,442
1410,0.033342,519
1411,0.030644,477
1412,0.032893,512
1413,0.034113,531
1414,0.031544,491
1415,0.031608,492
1416,0.029038,452
1417,0.030837,480
1418,0.031415,489
1419,0.031929,497
1420,0.032636,508
1421,0.032058,499
1422,0.032058,499
1423,0.031672,493
1424,0.032058,499
1425,0.032507,506
1426,0.031672,493
1427,0.032507,506
1428,0.032764,510
1429,0.032828,511
1430,0.030194,470
1431,0.032700,509
1432,0.034756,541
1433,0.032379,504
1434,0.030837,480
1435,0.030130,469
1436,0.033407,520
1437,0.033856,527
1438,0.032636,508
1439,0.030194,470
1440,0.035013,545
1441,0.032250,502
1442,0.032764,510
1443,0.031544,491
1444,0.032186,501
1445,0.031672,493
1446,0.032636,508
1447,0.032507,506
1448,0.030580,476
1449,0.033856,527
1450,0.032572,507
1451,0.033342,519
1452,0.035013,545
1453,0.033342,519
1454,0.031929,497
1455,0.032764,510
1456,0.032764,510
1457,0.033985,529
1458,0.034049,530
1459,0.034627,539
1460,0.033278,518
1461,0.033278,518
1462,0.036105,562
1463,0.032572,507
1464,0.036041,561
1465,0.030837,480
1466,0.031415,489
1467,0.032379,504
1468,0.035013,545
1469,0.035205,548
1470,0.033599,523
1471,0.033792,526
1472,0.035205,548
1473,0.033214,517
1474,0.032828,511
1475,0.034242,533
1476,0.033021,514
1477,0.032443,505
1478,0.033792,526
1479,0.036876,574
1480,0.031608,492
1481,0.035655,555
1482,0.035141,547
1483,0.036683,571
1484,0.033728,525
1485,0.034692,540
1486,0.032379,504
1487,0.035077,546
1488,0.032507,506
1489,0.033342,519
1490,0.034949,544
1491,0.033792,526
1492,0.037326,581
1493,0.033342,519
1494,0.032315,503
1495,0.035398,551
1496,0.033856,527
1497,0.034113,531
1498,0.034113,531
1499,0.035077,546
1500,0.033342,519
1501,0.031544,491
1502,0.035141,547
1503,0.032507,506
1504,0.035784,557
1505,0.032122,500
1506,0.033792,526
1507,0.033278,518
1508,0.034049,530
1509,0.034692,540
1510,0.034884,543
1511,0.036233,564
1512,0.035270,549
1513,0.036555,569
1514,0.032443,505
1515,0.036105,562
1516,0.033342,519
1517,0.034949,544
1518,0.037004,576
1519,0.032379,504
1520,0.035205,548
1521,0.035912,559
1522,0.034242,533
1523,0.036233,564
1524,0.033342,519
1525,0.036298,565
1526,0.033021,514
1527,0.035976,560
1528,0.036233,564
1529,0.035077,546
1530,0.033664,524
1531,0.037390,582
1532,0.034049,530
1533,0.034306,534
1534,0.033856,527
1535,0.038289,596
1536,0.035784,557
1537,0.038610,601
1538,0.033150,516
1539,0.035976,560
1540,0.030580,476
1541,0.035784,557
1542,0.034435,536
1543,0.035013,545
1544,0.036490,568
1545,0.037518,584
1546,0.034370,535
1547,0.034884,543
1548,0.036619,570
1549,0.036169,563
1550,0.036426,567
1551,0.035270,549
1552,0.036105,562
1553,0.036555,569
1554,0.034756,541
1555,0.036169,563
1556,0.037583,585
1557,0.036812,573
1558,0.038096,593
1559,0.034242,533
1560,0.033664,524
1561,0.035527,553
1562,0.038418,598
1563,0.035205,548
1564,0.038803,604
1565,0.037454,583
1566,0.038225,595
1567,0.033599,523
1568,0.039124,609
1569,0.035912,559
1570,0.037197,579
1571,0.035013,545
1572,0.037197,579
1573,0.038161,594
1574,0.037968,591
1575,0.036105,562
1576,0.039381,613
1577,0.034884,543
1578,0.038996,607
1579,0.033342,519
1580,0.039060,608
1581,0.041309,643
1582,0.036940,575
1583,0.041823,651
1584,0.036683,571
1585,0.036683,571
1586,0.036555,569
1587,0.036747,572
1588,0.038546,600
1589,0.040088,624
1590,0.036362,566
1591,0.036041,561
1592,0.035784,557
1593,0.036683,571
1594,0.037454,583
1595,0.038096,593
1596,0.037004,576
1597,0.038096,593
1598,0.037518,584
1599,0.036747,572
1600,0.038225,595
1601,0.038610,601
1602,0.038353,597
1603,0.036426,567
1604,0.036555,569
1605,0.036233,564
1606,0.036747,572
1607,0.037326,581
1608,0.034692,540
1609,0.035912,559
1610,0.039510,615
1611,0.037968,591
1612,0.035077,546
1613,0.035591,554
1614,0.037711,587
1615,0.036041,561
1616,0.040024,623
1617,0.036940,575
1618,0.037004,576
1619,0.034242,533
1620,0.039960,622
1621,0.035719,556
1622,0.034692,540
1623,0.034820,542
1624,0.037197,579
1625,0.035976,560
1626,0.039060,608
1627,0.039510,615
1628,0.038996,607
1629,0.035398,551
1630,0.037390,582
1631,0.036812,573
1632,0.036426,567
1633,0.037454,583
1634,0.036490,568
1635,0.038803,604
1636,0.038161,594
1637,0.038546,600
1638,0.040088,624
1639,0.040666,633
1640,0.038161,594
1641,0.038546,600
1642,0.037775,588
1643,0.037069,577
1644,0.038932,606
1645,0.039317,612
1646,0.037326,581
1647,0.039638,617
1648,0.037390,582
1649,0.036169,563
1650,0.034949,544
1651,0.037004,576
1652,0.038096,593
1653,0.037326,581
1654,0.038739,603
1655,0.041309,643
1656,0.039446,614
1657,0.039317,612
1658,0.039960,622
1659,0.040730,634
1660,0.038161,594
1661,0.039060,608
1662,0.041309,643
1663,0.038161,594
1664,0.040024,623
1665,0.036362,566
1666,0.040024,623
1667,0.040730,634
1668,0.038418,598
1669,0.037261,580
1670,0.037518,584
1671,0.040666,633
1672,0.035141,547
1673,0.040152,625
1674,0.038546,600
1675,0.037583,585
1676,0.040923,637
1677,0.040345,628
1678,0.039960,622
1679,0.037261,580
1680,0.040345,628
1681,0.039703,618
1682,0.038418,598
1683,0.037775,588
1684,0.039960,622
1685,0.039510,615
1686,0.037839,589
1687,0.038739,603
1688,0.036747,572
1689,0.040345,628
1690,0.037647,586
1691,0.036683,571
1692,0.039060,608
1693,0.040217,626
1694,0.039510,615
1695,0.038803,604
1696,0.037261,580
1697,0.039767,619
1698,0.039381,613
1699,0.039060,608
1700,0.039831,620
1701,0.036812,573
1702,0.040345,628
1703,0.040409,629
1704,0.038032,592
1705,0.035334,550
1706,0.039124,609
1707,0.038739,603
1708,0.039703,618
1709,0.037904,590
1710,0.040859,636
1711,0.039446,614
1712,0.040217,626
1713,0.040795,635
1714,0.039767,619
1715,0.040281,627
1716,0.037390,582
1717,0.038803,604
1718,0.037583,585
1719,0.038353,597
1720,0.039317,612
1721,0.040795,635
1722,0.040666,633
1723,0.039895,621
1724,0.038161,594
1725,0.039638,617
1726,0.040859,636
1727,0.039446,614
1728,0.039381,613
1729,0.042015,654
1730,0.038032,592
1731,0.037839,589
1732,0.038225,595
1733,0.039189,610
1734,0.039574,616
1735,0.038096,593
1736,0.038803,604
1737,0.041501,646
1738,0.037711,587
1739,0.038803,604
1740,0.041180,641
1741,0.038353,597
1742,0.038675,602
1743,0.039060,608
1744,0.039317,612
1745,0.041823,651
1746,0.042850,667
1747,0.040024,623
1748,0.039574,616
1749,0.041052,639
1750,0.041501,646
1751,0.039189,610
1752,0.041566,647
1753,0.039510,615
1754,0.040345,628
1755,0.038289,596
1756,0.038353,597
1757,0.040602,632
1758,0.038867,605
1759,0.040152,625
1760,0.043878,683
1761,0.037454,583
1762,0.037775,588
1763,0.040538,631
1764,0.036747,572
1765,0.038932,606
1766,0.042658,664
1767,0.038418,598
1768,0.038546,600
1769,0.040538,631
1770,0.041758,650
1771,0.040730,634
1772,0.039831,620
1773,0.041309,643
1774,0.039960,622
1775,0.042594,663
1776,0.043621,679
1777,0.043621,679
1778,0.040730,634
1779,0.042015,654
1780,0.041823,651
1781,0.043878,683
1782,0.038803,604
1783,0.043364,675
1784,0.041180,641
1785,0.041887,652
1786,0.040666,633
1787,0.041180,641
1788,0.041116,640
1789,0.041951,653
1790,0.040281,627
1791,0.040024,623
1792,0.040666,633
1793,0.041052,639
1794,0.041501,646
1795,0.044842,698
1796,0.040859,636
1797,0.040345,628
1798,0.040795,635
1799,0.040152,625
1800,0.038482,599
1801,0.038610,601
1802,0.043429,676
1803,0.042144,656
1804,0.042979,669
1805,0.039960,622
1806,0.041630,648
1807,0.040281,627
1808,0.039124,609
1809,0.041694,649
1810,0.041823,651
1811,0.039767,619
1812,0.043686,680
1813,0.042786,666
1814,0.043043,670
1815,0.041437,645
1816,0.041758,650
1817,0.040730,634
1818,0.040088,624
1819,0.038482,599
1820,0.037711,587
1821,0.042465,661
1822,0.039446,614
1823,0.042272,658
1824,0.041823,651
1825,0.043493,677
1826,0.041630,648
1827,0.043364,675
1828,0.040602,632
1829,0.039060,608
1830,0.040281,627
1831,0.041437,645
1832,0.042272,658
1833,0.042915,668
1834,0.041437,645
1835,0.042337,659
1836,0.043236,673
1837,0.041437,645
1838,0.040281,627
1839,0.038803,604
1840,0.041758,650
1841,0.042722,665
1842,0.042786,666
1843,0.040152,625
1844,0.043172,672
1845,0.041823,651
1846,0.044007,685
1847,0.040730,634
1848,0.042979,669
1849,0.042272,658
1850,0.039510,615
1851,0.040923,637
1852,0.041951,653
1853,0.043943,684
1854,0.042786,666
1855,0.040345,628
1856,0.040987,638
1857,0.043750,681
1858,0.042722,665
1859,0.042529,662
1860,0.042915,668
1861,0.044906,699
1862,0.041694,649
1863,0.041180,641
1864,0.040409,629
1865,0.040730,634
1866,0.042208,657
1867,0.040409,629
1868,0.041501,646
1869,0.043172,672
1870,0.041823,651
1871,0.042465,661
1872,0.040923,637
1873,0.040987,638
1874,0.044392,691
1875,0.040345,628
1876,0.042401,660
1877,0.040281,627
1878,0.042144,656
1879,0.042850,667
1880,0.040987,638
1881,0.043043,670
1882,0.040666,633
1883,0.043172,672
1884,0.043300,674
1885,0.040538,631
1886,0.038739,603
1887,0.040217,626
1888,0.041501,646
1889,0.043236,673
1890,0.041501,646
1891,0.042272,658
1892,0.041887,652
1893,0.041887,652
1894,0.043107,671
1895,0.042722,665
1896,0.042594,663
1897,0.043557,678
1898,0.043172,672
1899,0.041951,653
1900,0.040088,624
1901,0.044071,686
1902,0.040602,632
1903,0.043429,676
1904,0.045099,702
1905,0.044778,697
1906,0.038546,600
1907,0.040409,629
1908,0.039703,618
1909,0.044071,686
1910,0.042850,667
1911,0.042722,665
1912,0.041951,653
1913,0.041887,652
1914,0.040795,635
1915,0.040024,623
1916,0.045099,702
1917,0.043557,678
1918,0.043750,681
1919,0.044007,685
1920,0.046898,730
1921,0.041180,641
1922,0.042401,660
1923,0.040859,636
1924,0.040923,637
1925,0.043429,676
1926,0.039253,611
1927,0.039960,622
1928,0.041244,642
1929,0.043429,676
1930,0.044007,685
1931,0.043429,676
1932,0.039510,615
1933,0.044457,692
1934,0.043236,673
1935,0.043814,682
1936,0.042272,658
1937,0.043236,673
1938,0.039189,610
1939,0.044906,699
1940,0.043172,672
1941,0.044521,693
1942,0.042594,663
1943,0.042786,666
1944,0.042144,656
1945,0.044971,700
1946,0.042979,669
1947,0.043236,673
1948,0.044007,685
1949,0.042529,662
1950,0.045163,703
1951,0.042786,666
1952,0.043300,674
1953,0.042594,663
1954,0.043878,683
1955,0.039574,616
1956,0.042658,664
1957,0.045420,707
1958,0.043557,678
1959,0.044906,699
1960,0.038675,602
1961,0.044135,687
1962,0.041373,644
1963,0.040088,624
1964,0.046769,728
1965,0.044392,691
1966,0.041694,649
1967,0.042658,664
1968,0.041373,644
1969,0.042915,668
1970,0.044264,689
1971,0.040152,625
1972,0.042915,668
1973,0.041758,650
1974,0.043300,674
1975,0.046769,728
1976,0.040730,634
1977,0.043172,672
1978,0.046641,726
1979,0.044906,699
1980,0.046255,720
1981,0.042529,662
1982,0.043364,675
1983,0.043557,678
1984,0.043943,684
1985,0.044264,689
1986,0.042144,656
1987,0.042850,667
1988,0.041244,642
1989,0.041180,641
1990,0.045613,710
1991,0.043300,674
1992,0.042272,658
1993,0.042658,664
1994,0.042208,657
1995,0.041309,643
1996,0.042979,669
1997,0.045163,703
1998,0.045035,701
1999,0.045484,708
2000,0.046769,728
2001,0.041180,641
2002,0.042722,665
2003,0.045420,707
2004,0.039960,622
2005,0.043172,672
2006,0.044007,685
2007,0.044392,691
2008,0.042722,665
2009,0.045484,708
2010,0.044714,696
2011,0.042594,663
2012,0.042401,660
2013,0.040987,638
2014,0.043557,678
2015,0.043300,674
2016,0.045356,706
2017,0.044200,688
2018,0.043107,671
2019,0.041694,649
2020,0.042786,666
2021,0.041630,648
2022,0.043814,682
2023,0.042401,660
2024,0.044328,690
2025,0.048504,755
2026,0.040602,632
2027,0.044392,691
2028,0.045741,712
2029,0.044200,688
2030,0.043493,677
2031,0.042337,659
2032,0.041823,651
2033,0.044842,698
2034,0.042401,660
2035,0.042337,659
2036,0.042979,669
2037,0.042915,668
2038,0.042915,668
2039,0.042915,668
2040,0.047476,739
2041,0.043557,678
2042,0.042850,667
2043,0.042529,662
2044,0.045228,704
2045,0.046063,717
2046,0.045549,709
2047,0.043943,684
2048,0.044521,693
2049,0.040666,633
2050,0.042144,656
2051,0.043429,676
2052,0.043236,673
2053,0.043943,684
2054,0.042465,661
2055,0.043236,673
2056,0.045741,712
2057,0.042015,654
2058,0.047412,738
2059,0.046448,723
2060,0.044778,697
2061,0.043557,678
2062,0.044200,688
2063,0.042594,663
2064,0.042465,661
2065,0.043429,676
2066,0.044778,697
2067,0.045549,709
2068,0.045228,704
2069,0.044135,687
2070,0.043814,682
2071,0.039060,608
2072,0.042722,665
2073,0.046962,731
2074,0.046512,724
2075,0.044649,695
2076,0.043814,682
2077,0.044392,691
2078,0.043043,670
2079,0.043429,676
2080,0.046191,719
2081,0.046512,724
2082,0.045677,711
2083,0.042979,669
2084,0.044071,686
2085,0.046384,722
2086,0.043750,681
2087,0.044007,685
2088,0.045035,701
2089,0.040987,638
2090,0.044778,697
2091,0.045549,709
2092,0.040987,638
2093,0.046191,719
2094,0.043814,682
2095,0.044649,695
2096,0.046705,727
2097,0.043686,680
2098,0.047540,740
2099,0.043750,681
2100,0.045228,704
2101,0.045806,713
2102,0.045420,707
2103,0.044135,687
2104,0.044200,688
2105,0.044071,686
2106,0.046512,724
2107,0.045613,710
2108,0.046448,723
2109,0.041951,653
2110,0.045035,701
2111,0.043172,672
2112,0.044971,700
2113,0.045163,703
2114,0.043814,682
2115,0.044971,700
2116,0.045741,712
2117,0.048440,754
2118,0.045163,703
2119,0.042401,660
2120,0.048118,749
2121,0.046705,727
2122,0.047348,737
2123,0.046063,717
2124,0.047219,735
2125,0.044328,690
2126,0.048118,749
2127,0.045870,714
2128,0.048311,752
2129,0.047605,741
2130,0.045870,714
2131,0.045356,706
2132,0.046962,731
2133,0.048954,762
2134,0.043621,679
2135,0.044714,696
2136,0.044135,687
2137,0.044971,700
2138,0.045934,715
2139,0.046191,719
2140,0.047669,742
2141,0.045356,706
2142,0.044971,700
2143,0.047412,738
2144,0.044649,695
2145,0.045228,704
2146,0.044200,688
2147,0.045677,711
2148,0.047026,732
2149,0.046577,725
2150,0.045356,706
2151,0.047348,737
2152,0.044714,696
2153,0.045870,714
2154,0.045292,705
2155,0.046191,719
2156,0.046769,728
2157,0.049725,774
2158,0.043943,684
2159,0.043878,683
2160,0.046127,718
2161,0.045870,714
2162,0.046063,717
2163,0.045163,703
2164,0.046641,726
2165,0.047412,738
2166,0.044135,687
2167,0.044585,694
2168,0.044778,697
2169,0.045035,701
2170,0.043621,679
2171,0.045099,702
2172,0.045870,714
2173,0.046320,721
2174,0.044457,692
2175,0.046191,719
2176,0.042080,655
2177,0.044264,689
2178,0.047605,741
2179,0.047861,745
2180,0.048311,752
2181,0.048889,761
2182,0.049917,777
2183,0.045741,712
2184,0.043236,673
2185,0.047540,740
2186,0.044971,700
2187,0.049275,767
2188,0.049468,770
2189,0.047283,736
2190,0.046320,721
2191,0.047797,744
2192,0.048825,760
2193,0.048118,749
2194,0.046255,720
2195,0.044392,691
2196,0.046769,728
2197,0.052037,810
2198,0.046320,721
2199,0.047026,732
2200,0.044457,692
2201,0.049275,767
2202,0.049082,764
2203,0.049596,772
2204,0.047797,744
2205,0.048697,758
2206,0.045356,706
2207,0.048375,753
2208,0.046705,727
2209,0.047797,744
2210,0.046063,717
2211,0.046577,725
2212,0.047091,733
2213,0.044714,696
2214,0.044135,687
2215,0.047861,745
2216,0.048504,755
2217,0.047540,740
2218,0.045934,715
2219,0.047861,745
2220,0.047605,741
2221,0.043878,683
2222,0.048954,762
2223,0.049403,769
2224,0.047412,738
2225,0.051523,802
2226,0.049468,770
2227,0.048247,751
2228,0.047861,745
2229,0.050110,780
2230,0.046641,726
2231,0.048375,753
2232,0.051202,797
2233,0.051331,799
2234,0.045998,716
2235,0.047283,736
2236,0.048375,753
2237,0.047540,740
2238,0.046641,726
2239,0.050624,788
2240,0.046898,730
2241,0.046962,731
2242,0.048889,761
2243,0.048440,754
2244,0.047926,746
2245,0.049532,771
2246,0.047733,743
2247,0.046834,729
2248,0.047669,742
2249,0.049146,765
2250,0.049018,763
2251,0.048761,759
2252,0.049725,774
2253,0.048697,758
2254,0.048568,756
2255,0.051074,795
2256,0.049596,772
2257,0.046962,731
2258,0.050752,790
2259,0.050881,792
2260,0.050624,788
2261,0.047926,746
2262,0.050303,783
2263,0.047540,740
2264,0.051523,802
2265,0.046320,721
2266,0.048504,755
2267,0.046769,728
2268,0.050752,790
2269,0.049853,776
2270,0.050945,793
2271,0.051459,801
2272,0.046898,730
2273,0.049403,769
2274,0.048697,758
2275,0.051652,804
2276,0.047219,735
2277,0.050431,785
2278,0.051395,800
2279,0.051652,804
2280,0.048825,760
2281,0.049211,766
2282,0.052487,817
2283,0.048889,761
2284,0.051395,800
2285,0.048889,761
2286,0.049853,776
2287,0.051202,797
2288,0.049339,768
2289,0.050110,780
2290,0.050817,791
2291,0.048568,756
2292,0.050817,791
2293,0.048375,753
2294,0.052166,812
2295,0.051202,797
2296,0.050495,786
2297,0.049725,774
2298,0.048761,759
2299,0.051138,796
2300,0.049275,767
2301,0.053836,838
2302,0.048697,758
2303,0.050431,785
2304,0.050560,787
2305,0.053386,831
2306,0.049660,773
2307,0.053965,840
2308,0.049660,773
2309,0.051266,798
2310,0.052551,818
2311,0.047348,737
2312,0.051588,803
2313,0.049082,764
2314,0.054607,850
2315,0.049725,774
2316,0.049596,772
2317,0.052166,812
2318,0.049789,775
2319,0.049468,770
2320,0.051009,794
2321,0.053579,834
2322,0.050688,789
2323,0.051138,796
2324,0.049853,776
2325,0.052487,817
2326,0.050431,785
2327,0.055314,861
2328,0.053001,825
2329,0.052551,818
2330,0.048761,759
2331,0.052102,811
2332,0.052487,817
2333,0.051588,803
2334,0.052423,816
2335,0.052166,812
2336,0.051973,809
2337,0.054222,844
2338,0.052166,812
2339,0.055956,871
2340,0.056149,874
2341,0.048761,759
2342,0.053129,827
2343,0.048954,762
2344,0.051909,808
2345,0.050367,784
2346,0.055506,864
2347,0.055314,861
2348,0.055057,857
2349,0.050367,784
2350,0.055442,863
2351,0.055506,864
2352,0.052102,811
2353,0.051716,805
2354,0.055185,859
2355,0.054993,856
2356,0.049146,765
2357,0.054222,844
2358,0.054543,849
2359,0.050752,790
2360,0.053643,835
2361,0.055121,858
2362,0.053129,827
2363,0.052872,823
2364,0.056534,880
2365,0.052230,813
2366,0.056277,876
2367,0.058012,903
2368,0.054993,856
2369,0.054414,847
2370,0.051588,803
2371,0.051266,798
2372,0.058590,912
2373,0.056920,886
2374,0.055506,864
2375,0.054029,841
2376,0.055699,867
2377,0.054222,844
2378,0.053451,832
2379,0.056920,886
2380,0.051459,801
2381,0.054479,848
2382,0.053900,839
2383,0.058654,913
2384,0.056727,883
2385,0.053836,838
2386,0.052037,810
2387,0.054350,846
2388,0.055250,860
2389,0.054479,848
2390,0.056599,881
2391,0.056020,872
2392,0.056920,886
2393,0.054864,854
2394,0.056213,875
2395,0.052744,821
2396,0.053708,836
2397,0.053322,830
2398,0.057305,892
2399,0.055442,863
2400,0.053129,827
2401,0.054286,845
2402,0.058911,917
2403,0.055699,867
2404,0.054350,846
2405,0.054864,854
2406,0.058269,907
2407,0.055057,857
2408,0.055571,865
2409,0.060389,940
2410,0.054993,856
2411,0.053900,839
2412,0.054222,844
2413,0.056085,873
2414,0.057113,889
2415,0.060903,948
2416,0.058269,907
2417,0.053451,832
2418,0.056534,880
2419,0.056534,880
2420,0.057948,902
2421,0.058783,915
2422,0.055314,861
2423,0.058976,918
2424,0.057883,901
2425,0.060389,940
2426,0.056277,876
2427,0.058397,909
2428,0.057562,896
2429,0.055506,864
2430,0.057627,897
2431,0.060196,937
2432,0.058397,909
2433,0.058719,914
2434,0.059104,920
2435,0.056856,885
2436,0.054157,843
2437,0.058719,914
2438,0.057627,897
2439,0.056406,878
2440,0.057498,895
2441,0.059939,933
2442,0.060710,945
2443,0.058462,910
2444,0.056149,874
2445,0.057241,891
2446,0.058783,915
2447,0.058847,916
2448,0.057883,901
2449,0.055121,858
2450,0.056085,873
2451,0.054864,854
2452,0.057177,890
2453,0.058012,903
2454,0.059682,929
2455,0.057819,900
2456,0.054993,856
2457,0.059811,931
2458,0.060839,947
2459,0.058847,916
2460,0.054864,854
2461,0.060903,948
2462,0.061160,952
2463,0.058590,912
2464,0.059618,928
2465,0.058076,904
2466,0.061031,950
2467,0.059233,922
2468,0.057498,895
2469,0.057819,900
2470,0.060839,947
2471,0.059104,920
2472,0.061802,962
2473,0.059297,923
2474,0.060261,938
2475,0.058205,906
2476,0.057627,897
2477,0.063794,993
2478,0.058526,911
2479,0.056856,885
2480,0.058012,903
2481,0.058140,905
2482,0.059811,931
2483,0.062252,969
2484,0.058205,906
2485,0.059682,929
2486,0.056791,884
2487,0.057819,900
2488,0.061096,951
2489,0.059040,919
2490,0.059040,919
2491,0.058719,914
2492,0.059875,932
2493,0.055442,863
2494,0.057498,895
2495,0.058911,917
2496,0.061031,950
2497,0.058076,904
2498,0.058590,912
2499,0.059618,928
2500,0.057627,897
2501,0.060068,935
2502,0.057434,894
2503,0.062830,978
2504,0.060132,936
2505,0.056534,880
2506,0.058012,903
2507,0.062766,977
2508,0.060903,948
2509,0.062124,967
2510,0.059554,927
2511,0.054607,850
2512,0.058076,904
2513,0.058462,910
2514,0.062252,969
2515,0.056920,886
2516,0.060582,943
2517,0.057691,898
2518,0.056213,875
2519,0.058462,910
2520,0.056920,886
2521,0.058783,915
2522,0.055378,862
2523,0.058719,914
2524,0.058076,904
2525,0.058012,903
2526,0.060261,938
2527,0.063858,994
2528,0.057819,900
2529,0.059939,933
2530,0.059297,923
2531,0.061995,965
2532,0.060389,940
2533,0.060903,948
2534,0.060903,948
2535,0.060004,934
2536,0.060004,934
2537,0.061931,964
2538,0.059811,931
2539,0.060582,943
2540,0.060004,934
2541,0.064244,1000
2542,0.058269,907
2543,0.059554,927
2544,0.057755,899
2545,0.060132,936
2546,0.061224,953
2547,0.061224,953
2548,0.058911,917
2549,0.058076,904
2550,0.060068,935
2551,0.064115,998
2552,0.060710,945
2553,0.058654,913
2554,0.060774,946
2555,0.059747,930
2556,0.060839,947
2557,0.063987,996
2558,0.062702,976
2559,0.061674,960
2560,0.060325,939
2561,0.062830,978
2562,0.062509,973
2563,0.060774,946
2564,0.058847,916
2565,0.063087,982
2566,0.058205,906
2567,0.061096,951
2568,0.059875,932
2569,0.063537,989
2570,0.059811,931
2571,0.063023,981
2572,0.064501,1004
2573,0.064822,1009
2574,0.061160,952
2575,0.059168,921
2576,0.063216,984
2577,0.062445,972
2578,0.062766,977
2579,0.061224,953
2580,0.061353,955
2581,0.061353,955
2582,0.063087,982
2583,0.061674,960
2584,0.058269,907
2585,0.063665,991
2586,0.059490,926
2587,0.063922,995
2588,0.063665,991
2589,0.062766,977
2590,0.063537,989
2591,0.063858,994
2592,0.062252,969
2593,0.056213,875
2594,0.062316,970
2595,0.059490,926
2596,0.064436,1003
2597,0.061931,964
2598,0.062059,966
2599,0.057948,902
2600,0.058654,913
2601,0.061738,961
2602,0.059682,929
2603,0.061031,950
2604,0.062124,967
2605,0.062252,969
2606,0.061031,950
2607,0.062509,973
2608,0.064629,1006
2609,0.060774,946
2610,0.062509,973
2611,0.061481,957
2612,0.062316,970
2613,0.061610,959
2614,0.060196,937
2615,0.062124,967
2616,0.058590,912
2617,0.058911,917
2618,0.062252,969
2619,0.060582,943
2620,0.059425,925
2621,0.061802,962
2622,0.061995,965
2623,0.063087,982
2624,0.061224,953
2625,0.062894,979
2626,0.057305,892
2627,0.063730,992
2628,0.063730,992
2629,0.063987,996
2630,0.061224,953
2631,0.063023,981
2632,0.061867,963
2633,0.062830,978
2634,0.059747,930
2635,0.064693,1007
2636,0.060517,942
2637,0.059297,923
2638,0.059939,933
2639,0.064372,1002
2640,0.060646,944
2641,0.061031,950
2642,0.065593,1021
2643,0.061353,955
2644,0.059939,933
2645,0.059554,927
2646,0.062124,967
2647,0.059233,922
2648,0.060582,943
2649,0.061610,959
2650,0.060903,948
2651,0.061995,965
2652,0.060839,947
2653,0.060710,945
2654,0.059233,922
2655,0.059682,929
2656,0.062702,976
2657,0.060389,940
2658,0.060710,945
2659,0.059233,922
2660,0.062830,978
2661,0.058333,908
2662,0.062316,970
2663,0.062316,970
2664,0.061353,955
2665,0.062894,979
2666,0.065207,1015
2667,0.063794,993
2668,0.059233,922
2669,0.064179,999
2670,0.060710,945
2671,0.058911,917
2672,0.056534,880
2673,0.063794,993
2674,0.060517,942
2675,0.061802,962
2676,0.059425,925
2677,0.061931,964
2678,0.060903,948
2679,0.056663,882
2680,0.060582,943
2681,0.062124,967
2682,0.060261,938
2683,0.059297,923
2684,0.062573,974
2685,0.060517,942
2686,0.059297,923
2687,0.058269,907
2688,0.057691,898
2689,0.063344,986
2690,0.061031,950
2691,0.061481,957
2692,0.060132,936
2693,0.060068,935
2694,0.057177,890
2695,0.058397,909
2696,0.062252,969
2697,0.060261,938
2698,0.056984,887
2699,0.061096,951
2700,0.060325,939
2701,0.059554,927
2702,0.060582,943
2703,0.061610,959
2704,0.061096,951
2705,0.058783,915
2706,0.059425,925
2707,0.062316,970
2708,0.060839,947
2709,0.061031,950
2710,0.056342,877
2711,0.061802,962
2712,0.060196,937
2713,0.060325,939
2714,0.060646,944
2715,0.059811,931
2716,0.059747,930
2717,0.058783,915
2718,0.060646,944
2719,0.060004,934
2720,0.065207,1015
2721,0.062252,969
2722,0.060196,937
2723,0.062766,977
2724,0.059297,923
2725,0.058976,918
2726,0.060261,938
2727,0.062059,966
2728,0.058654,913
2729,0.056470,879
2730,0.061995,965
2731,0.063087,982
2732,0.062638,975
2733,0.060582,943
2734,0.061031,950
2735,0.058783,915
2736,0.060196,937
2737,0.057434,894
2738,0.058976,918
2739,0.060261,938
2740,0.056984,887
2741,0.059747,930
2742,0.061288,954
2743,0.061417,956
2744,0.058012,903
2745,0.058654,913
2746,0.060389,940
2747,0.060967,949
2748,0.059361,924
2749,0.059618,928
2750,0.056406,878
2751,0.060325,939
2752,0.057305,892
2753,0.060004,934
2754,0.055635,866
2755,0.058847,916
2756,0.059040,919
2757,0.060839,947
2758,0.058140,905
2759,0.059747,930
2760,0.054479,848
2761,0.057755,899
2762,0.058526,911
2763,0.060453,941
2764,0.058333,908
2765,0.056920,886
2766,0.060967,949
2767,0.058783,915
2768,0.054800,853
2769,0.054222,844
2770,0.060004,934
2771,0.058269,907
2772,0.058654,913
2773,0.055506,864
2774,0.056920,886
2775,0.055378,862
2776,0.059682,929
2777,0.057177,890
2778,0.058719,914
2779,0.056791,884
2780,0.056727,883
2781,0.056727,883
2782,0.057113,889
2783,0.053643,835
2784,0.054607,850
2785,0.054864,854
2786,0.054350,846
2787,0.053386,831
2788,0.055956,871
2789,0.056277,876
2790,0.055250,860
2791,0.052937,824
2792,0.053451,832
2793,0.055763,868
2794,0.055057,857
2795,0.056791,884
2796,0.053515,833
2797,0.054093,842
2798,0.058590,912
2799,0.051845,807
2800,0.050174,781
2801,0.057948,902
2802,0.052102,811
2803,0.053451,832
2804,0.055571,865
2805,0.055828,869
2806,0.056984,887
2807,0.053708,836
2808,0.054350,846
2809,0.056791,884
2810,0.056020,872
2811,0.052037,810
2812,0.053386,831
2813,0.053129,827
2814,0.051009,794
2815,0.051202,797
2816,0.054671,851
2817,0.053643,835
2818,0.053451,832
2819,0.056920,886
2820,0.053708,836
2821,0.054479,848
2822,0.054736,852
2823,0.052037,810
2824,0.055378,862
2825,0.054479,848
2826,0.052551,818
2827,0.053643,835
2828,0.052680,820
2829,0.053643,835
2830,0.051202,797
2831,0.050624,788
2832,0.052487,817
2833,0.053065,826
2834,0.051652,804
2835,0.051523,802
2836,0.053451,832
2837,0.050303,783
2838,0.052616,819
2839,0.052166,812
2840,0.050881,792
2841,0.052937,824
2842,0.049403,769
2843,0.051780,806
2844,0.048375,753
2845,0.052102,811
2846,0.052744,821
2847,0.053194,828
2848,0.050367,784
2849,0.049532,771
2850,0.051331,799
2851,0.053579,834
2852,0.051074,795
2853,0.051009,794
2854,0.049917,777
2855,0.052294,814
2856,0.052230,813
2857,0.050881,792
2858,0.047348,737
2859,0.051138,796
2860,0.049789,775
2861,0.050945,793
2862,0.049018,763
2863,0.052744,821
2864,0.050881,792
2865,0.052359,815
2866,0.052487,817
2867,0.047926,746
2868,0.049082,764
2869,0.049211,766
2870,0.047476,739
2871,0.047669,742
2872,0.051459,801
2873,0.049018,763
2874,0.049982,778
2875,0.050945,793
2876,0.046255,720
2877,0.049596,772
2878,0.051074,795
2879,0.050817,791
2880,0.048440,754
2881,0.047219,735
2882,0.048311,752
2883,0.049339,768
2884,0.050495,786
2885,0.049596,772
2886,0.050303,783
2887,0.045806,713
2888,0.047990,747
2889,0.046255,720
2890,0.048825,760
2891,0.047797,744
2892,0.048761,759
2893,0.048183,750
2894,0.047476,739
2895,0.046641,726
2896,0.047026,732
2897,0.048118,749
2898,0.047155,734
2899,0.049211,766
2900,0.045998,716
2901,0.047091,733
2902,0.046769,728
2903,0.047091,733
2904,0.044906,699
2905,0.049018,763
2906,0.048632,757
2907,0.047540,740
2908,0.048889,761
2909,0.047605,741
2910,0.049275,767
2911,0.046705,727
2912,0.048311,752
2913,0.049339,768
2914,0.044714,696
2915,0.045934,715
2916,0.044392,691
2917,0.048054,748
2918,0.046127,718
2919,0.047605,741
2920,0.047412,738
2921,0.046448,723
2922,0.048568,756
2923,0.044392,691
2924,0.046127,718
2925,0.049082,764
2926,0.047990,747
2927,0.045035,701
2928,0.043172,672
2929,0.045806,713
2930,0.044714,696
2931,0.045484,708
2932,0.044328,690
2933,0.047797,744
2934,0.042529,662
2935,0.043750,681
2936,0.044585,694
2937,0.043878,683
2938,0.044649,695
2939,0.049018,763
2940,0.043107,671
2941,0.047605,741
2942,0.044585,694
2943,0.041566,647
2944,0.044521,693
2945,0.046127,718
2946,0.041887,652
2947,0.041501,646
2948,0.045549,709
2949,0.043429,676
2950,0.040795,635
2951,0.041823,651
2952,0.043364,675
2953,0.043429,676
2954,0.042272,658
2955,0.041951,653
2956,0.043364,675
2957,0.042465,661
2958,0.045228,704
2959,0.040217,626
2960,0.045420,707
2961,0.040987,638
2962,0.042529,662
2963,0.044135,687
2964,0.043686,680
2965,0.041566,647
2966,0.042786,666
2967,0.042401,660
2968,0.043557,678
2969,0.043621,679
2970,0.042465,661
2971,0.040923,637
2972,0.038032,592
2973,0.041630,648
2974,0.041373,644
2975,0.041373,644
2976,0.039060,608
2977,0.040666,633
2978,0.040345,628
2979,0.039253,611
2980,0.038739,603
2981,0.040088,624
2982,0.042658,664
2983,0.043364,675
2984,0.039189,610
2985,0.042465,661
2986,0.039574,616
2987,0.040666,633
2988,0.042080,655
2989,0.041244,642
2990,0.040024,623
2991,0.042337,659
2992,0.038225,595
2993,0.040538,631
2994,0.037326,581
2995,0.039960,622
2996,0.039703,618
2997,0.041180,641
2998,0.040602,632
2999,0.037454,583
3000,0.036426,567
3001,0.042015,654
3002,0.040281,627
3003,0.035270,549
3004,0.040409,629
3005,0.041180,641
3006,0.037261,580
3007,0.040281,627
3008,0.039895,621
3009,0.036490,568
3010,0.035334,550
3011,0.037839,589
3012,0.036940,575
3013,0.037839,589
3014,0.034884,543
3015,0.038675,602
3016,0.036940,575
3017,0.037583,585
3018,0.039638,617
3019,0.036233,564
3020,0.034756,541
3021,0.038803,604
3022,0.036105,562
3023,0.038161,594
3024,0.037133,578
3025,0.036105,562
3026,0.037326,581
3027,0.037711,587
3028,0.037839,589
3029,0.038161,594
3030,0.035976,560
3031,0.036747,572
3032,0.036619,570
3033,0.032893,512
3034,0.037839,589
3035,0.035719,556
3036,0.034113,531
3037,0.037197,579
3038,0.037454,583
3039,0.035848,558
3040,0.037454,583
3041,0.036298,565
3042,0.037390,582
3043,0.034242,533
3044,0.035784,557
3045,0.037518,584
3046,0.030644,477
3047,0.032957,513
3048,0.033856,527
3049,0.035013,545
3050,0.035077,546
3051,0.031672,493
3052,0.032828,511
3053,0.033407,520
3054,0.035719,556
3055,0.035719,556
3056,0.033599,523
3057,0.032507,506
3058,0.032572,507
3059,0.032893,512
3060,0.033278,518
3061,0.035976,560
3062,0.033985,529
3063,0.033278,518
3064,0.034884,543
3065,0.036362,566
3066,0.032507,506
3067,0.036555,569
3068,0.034884,543
3069,0.030837,480
3070,0.032379,504
3071,0.032764,510
3072,0.030130,469
3073,0.031801,495
3074,0.033664,524
3075,0.030387,473
3076,0.031929,497
3077,0.034884,543
3078,0.031544,491
3079,0.030130,469
3080,0.032443,505
3081,0.031544,491
3082,0.029295,456
3083,0.030451,474
3084,0.033150,516
3085,0.030516,475
3086,0.030901,481
3087,0.032250,502
3088,0.029681,462
3089,0.031993,498
3090,0.028331,441
3091,0.030066,468
3092,0.031801,495
3093,0.030130,469
3094,0.029167,454
3095,0.028910,450
3096,0.031094,484
3097,0.032379,504
3098,0.031158,485
3099,0.030323,472
3100,0.028267,440
3101,0.026725,416
3102,0.027882,434
3103,0.029038,452
3104,0.028588,445
3105,0.028010,436
3106,0.029938,466
3107,0.029102,453
3108,0.030130,469
3109,0.027496,428
3110,0.028331,441
3111,0.027047,421
3112,0.030644,477
3113,0.027561,429
3114,0.030259,471
3115,0.030516,475
3116,0.032122,500
3117,0.027432,427
3118,0.027882,434
3119,0.027946,435
3120,0.027368,426
3121,0.026340,410
3122,0.026854,418
3123,0.029938,466
3124,0.028010,436
3125,0.029295,456
3126,0.026276,409
3127,0.026982,420
3128,0.028845,449
3129,0.028524,444
3130,0.026147,407
3131,0.027239,424
3132,0.027753,432
3133,0.027689,431
3134,0.028010,436
3135,0.027946,435
3136,0.026725,416
3137,0.030002,467
3138,0.027817,433
3139,0.027432,427
3140,0.027111,422
3141,0.026276,409
3142,0.028331,441
3143,0.026725,416
3144,0.026918,419
3145,0.026661,415
3146,0.026019,405
3147,0.026019,405
3148,0.025312,394
3149,0.026404,411
3150,0.025119,391
3151,0.025183,392
3152,0.028267,440
3153,0.023706,369
3154,0.025762,401
3155,0.023513,366
3156,0.025248,393
3157,0.025376,395
3158,0.024927,388
3159,0.024798,386
3160,0.028139,438
3161,0.023577,367
3162,0.024670,384
3163,0.025183,392
3164,0.027304,425
3165,0.023192,361
3166,0.025440,396
3167,0.026211,408
3168,0.024477,381
3169,0.022293,347
3170,0.024541,382
3171,0.025055,390
3172,0.024991,389
3173,0.026211,408
3174,0.024027,374
3175,0.025312,394
3176,0.024798,386
3177,0.024734,385
3178,0.022999,358
3179,0.024091,375
3180,0.023577,367
3181,0.025055,390
3182,0.022742,354
3183,0.023513,366
3184,0.020751,323
3185,0.023834,371
3186,0.025248,393
3187,0.024027,374
3188,0.022100,344
3189,0.022678,353
3190,0.023834,371
3191,0.023577,367
3192,0.024734,385
3193,0.020815,324
3194,0.024027,374
3195,0.023192,361
3196,0.022806,355
3197,0.023642,368
3198,0.023963,373
3199,0.022550,351
3200,0.022614,352
3201,0.021393,333
3202,0.022100,344
3203,0.023063,359
3204,0.021971,342
3205,0.022357,348
3206,0.025248,393
3207,0.020429,318
3208,0.022100,344
3209,0.021586,336
3210,0.021329,332
3211,0.021200,330
3212,0.021779,339
3213,0.023834,371
3214,0.021265,331
3215,0.020815,324
3216,0.020172,314
3217,0.019273,300
3218,0.021265,331
3219,0.019659,306
3220,0.020879,325
3221,0.019723,307
3222,0.019273,300
3223,0.020237,315
3224,0.021072,328
3225,0.019016,296
3226,0.019273,300
3227,0.019916,310
3228,0.020108,313
3229,0.020622,321
3230,0.021457,334
3231,0.020686,322
3232,0.017860,278
3233,0.020172,314
3234,0.017988,280
3235,0.020686,322
3236,0.020622,321
3237,0.019466,303
3238,0.021393,333
3239,0.019916,310
3240,0.016125,251
3241,0.018438,287
3242,0.020044,312
3243,0.022100,344
3244,0.016511,257
3245,0.020815,324
3246,0.022036,343
3247,0.019145,298
3248,0.018631,290
3249,0.019851,309
3250,0.017731,276
3251,0.021136,329
3252,0.018438,287
3253,0.019980,311
3254,0.019466,303
3255,0.022164,345
3256,0.020686,322
3257,0.017924,279
3258,0.019466,303
3259,0.018888,294
3260,0.019209,299
3261,0.019402,302
3262,0.016832,262
3263,0.017860,278
3264,0.019080,297
3265,0.019530,304
3266,0.017410,271
3267,0.016061,250
3268,0.018117,282
3269,0.017410,271
3270,0.016703,260
3271,0.015354,239
3272,0.019659,306
3273,0.015932,248
3274,0.015932,248
3275,0.017539,273
3276,0.017153,267
3277,0.018695,291
3278,0.018566,289
3279,0.016960,264
3280,0.018181,283
3281,0.017539,273
3282,0.018502,288
3283,0.017795,277
3284,0.015932,248
3285,0.017731,276
3286,0.017539,273
3287,0.016061,250
3288,0.020044,312
3289,0.016254,253
3290,0.016254,253
3291,0.016125,251
3292,0.015997,249
3293,0.017474,272
3294,0.016511,257
3295,0.016446,256
3296,0.015868,247
3297,0.015418,240
3298,0.015547,242
3299,0.017153,267
3300,0.015675,244
3301,0.017089,266
3302,0.016832,262
3303,0.016639,259
3304,0.015804,246
3305,0.015547,242
3306,0.013555,211
3307,0.016318,254
3308,0.016575,258
3309,0.015483,241
3310,0.014905,232
3311,0.015033,234
3312,0.014391,224
3313,0.014069,219
3314,0.013812,215
3315,0.016832,262
3316,0.016382,255
3317,0.015226,237
3318,0.015675,244
3319,0.014069,219
3320,0.014134,220
3321,0.014776,230
3322,0.014005,218
3323,0.014005,218
3324,0.014198,221
3325,0.015161,236
3326,0.014648,228
3327,0.012142,189
3328,0.015483,241
3329,0.014391,224
3330,0.013812,215
3331,0.012592,196
3332,0.013812,215
3333,0.015354,239
3334,0.013812,215
3335,0.012592,196
3336,0.015997,249
3337,0.014262,222
3338,0.013684,213
3339,0.013877,216
3340,0.014583,227
3341,0.014519,226
3342,0.013041,203
3343,0.012720,198
3344,0.014583,227
3345,0.012849,200
3346,0.012206,190
3347,0.012720,198
3348,0.012849,200
3349,0.013812,215
3350,0.012528,195
3351,0.012335,192
3352,0.012849,200
3353,0.012656,197
3354,0.012078,188
3355,0.012849,200
3356,0.012463,194
3357,0.011949,186
3358,0.011435,178
3359,0.010600,165
3360,0.010600,165
3361,0.011114,173
3362,0.011757,183
3363,0.012014,187
3364,0.011564,180
3365,0.012206,190
3366,0.012206,190
3367,0.012335,192
3368,0.011564,180
3369,0.011821,184
3370,0.011050,172
3371,0.011821,184
3372,0.010600,165
3373,0.011628,181
3374,0.011435,178
3375,0.011500,179
3376,0.010729,167
3377,0.010150,158
3378,0.012206,190
3379,0.011692,182
3380,0.009765,152
3381,0.010536,164
3382,0.010279,160
3383,0.012142,189
3384,0.010407,162
3385,0.011178,174
3386,0.011371,177
3387,0.010793,168
3388,0.011178,174
3389,0.011885,185
3390,0.011885,185
3391,0.010407,162
3392,0.010664,166
3393,0.011885,185
3394,0.011307,176
3395,0.010215,159
3396,0.011628,181
3397,0.010793,168
3398,0.010022,156
3399,0.009701,151
3400,0.011050,172
3401,0.009829,153
3402,0.010600,165
3403,0.010536,164
3404,0.009444,147
3405,0.010921,170
3406,0.009637,150
3407,0.009315,145
3408,0.010279,160
3409,0.008866,138
3410,0.009958,155
3411,0.010343,161
3412,0.007838,122
3413,0.009508,148
3414,0.007966,124
3415,0.008930,139
3416,0.010279,160
3417,0.008994,140
3418,0.009765,152
3419,0.008673,135
3420,0.008480,132
3421,0.008866,138
3422,0.009958,155
3423,0.008866,138
3424,0.008480,132
3425,0.010086,157
3426,0.009251,144
3427,0.008223,128
3428,0.008866,138
3429,0.009058,141
3430,0.008673,135
3431,0.009958,155
3432,0.008801,137
3433,0.009315,145
3434,0.009765,152
3435,0.009123,142
3436,0.009637,150
3437,0.008480,132
3438,0.008352,130
3439,0.009380,146
3440,0.009637,150
3441,0.009444,147
3442,0.008866,138
3443,0.007966,124
3444,0.008673,135
3445,0.008994,140
3446,0.008480,132
3447,0.008544,133
3448,0.008352,130
3449,0.008223,128
3450,0.008673,135
3451,0.008544,133
3452,0.008287,129
3453,0.007324,114
3454,0.008352,130
3455,0.007838,122
3456,0.008416,131
3457,0.007902,123
3458,0.007324,114
3459,0.008287,129
3460,0.007966,124
3461,0.008223,128
3462,0.009701,151
3463,0.010086,157
3464,0.008866,138
3465,0.008030,125
3466,0.007067,110
3467,0.008416,131
3468,0.008994,140
3469,0.007838,122
3470,0.008287,129
3471,0.007581,118
3472,0.007709,120
3473,0.005718,89
3474,0.008095,126
3475,0.007709,120
3476,0.007581,118
3477,0.008159,127
3478,0.007773,121
3479,0.007517,117
3480,0.007581,118
3481,0.006746,105
3482,0.006746,105
3483,0.007003,109
3484,0.007773,121
3485,0.006617,103
3486,0.006232,97
3487,0.007966,124
3488,0.007581,118
3489,0.006810,106
3490,0.006746,105
3491,0.007517,117
3492,0.007260,113
3493,0.007067,110
3494,0.007067,110
3495,0.005718,89
3496,0.006746,105
3497,0.007324,114
3498,0.006103,95
3499,0.005718,89
3500,0.007003,109
3501,0.007131,111
3502,0.006938,108
3503,0.006360,99
3504,0.007131,111
3505,0.008480,132
3506,0.007517,117
3507,0.005525,86
3508,0.005782,90
3509,0.006039,94
3510,0.006938,108
3511,0.006681,104
3512,0.006167,96
3513,0.006296,98
3514,0.006617,103
3515,0.005782,90
3516,0.005910,92
3517,0.006039,94
3518,0.005846,91
3519,0.005139,80
3520,0.005782,90
3521,0.006681,104
3522,0.006810,106
3523,0.005653,88
3524,0.004626,72
3525,0.006746,105
3526,0.005075,79
3527,0.006039,94
3528,0.006167,96
3529,0.006617,103
3530,0.006553,102
3531,0.004947,77
3532,0.005910,92
3533,0.005718,89
3534,0.005975,93
3535,0.005268,82
3536,0.004690,73
3537,0.005653,88
3538,0.005332,83
3539,0.005075,79
3540,0.006103,95
3541,0.005846,91
3542,0.005975,93
3543,0.006296,98
3544,0.005332,83
3545,0.005910,92
3546,0.005718,89
3547,0.004304,67
3548,0.006103,95
3549,0.005332,83
3550,0.004433,69
3551,0.005718,89
3552,0.004947,77
3553,0.005846,91
3554,0.005332,83
3555,0.006103,95
3556,0.005075,79
3557,0.004176,65
3558,0.004240,66
3559,0.004818,75
3560,0.005204,81
3561,0.004754,74
3562,0.004240,66
3563,0.005011,78
3564,0.004690,73
3565,0.004433,69
3566,0.004626,72
3567,0.003983,62
3568,0.004947,77
3569,0.004369,68
3570,0.005589,87
3571,0.003598,56
3572,0.004626,72
3573,0.004818,75
3574,0.003405,53
3575,0.003983,62
3576,0.004047,63
3577,0.004176,65
3578,0.004304,67
3579,0.004690,73
3580,0.004369,68
3581,0.004304,67
3582,0.003919,61
3583,0.003983,62
3584,0.004818,75
3585,0.005139,80
3586,0.005139,80
3587,0.004626,72
3588,0.004240,66
3589,0.004369,68
3590,0.004176,65
3591,0.004818,75
3592,0.003983,62
3593,0.004369,68
3594,0.003598,56
3595,0.004561,71
3596,0.004561,71
3597,0.004240,66
3598,0.003790,59
3599,0.004304,67
3600,0.003855,60
3601,0.003855,60
3602,0.004690,73
3603,0.003533,55
3604,0.003790,59
3605,0.003148,49
3606,0.003598,56
3607,0.004690,73
3608,0.003855,60
3609,0.004626,72
3610,0.004754,74
3611,0.003983,62
3612,0.004176,65
3613,0.004176,65
3614,0.003405,53
3615,0.003469,54
3616,0.003855,60
3617,0.003598,56
3618,0.003855,60
3619,0.003405,53
3620,0.004304,67
3621,0.003084,48
3622,0.003919,61
3623,0.003148,49
3624,0.003405,53
3625,0.004112,64
3626,0.003919,61
3627,0.004883,76
3628,0.003212,50
3629,0.003212,50
3630,0.004626,72
3631,0.003148,49
3632,0.003533,55
3633,0.003276,51
3634,0.003405,53
3635,0.004240,66
3636,0.003212,50
3637,0.002827,44
3638,0.003148,49
3639,0.003855,60
3640,0.004112,64
3641,0.003405,53
3642,0.002762,43
3643,0.002570,40
3644,0.002634,41
3645,0.002441,38
3646,0.002506,39
3647,0.003148,49
3648,0.002506,39
3649,0.002955,46
3650,0.002634,41
3651,0.002827,44
3652,0.002891,45
3653,0.003405,53
3654,0.002955,46
3655,0.003469,54
3656,0.003533,55
3657,0.002506,39
3658,0.003533,55
3659,0.003212,50
3660,0.002184,34
3661,0.002891,45
3662,0.002955,46
3663,0.002762,43
3664,0.003790,59
3665,0.003726,58
3666,0.003276,51
3667,0.003341,52
3668,0.003148,49
3669,0.002827,44
3670,0.003855,60
3671,0.003084,48
3672,0.003212,50
3673,0.002891,45
3674,0.003019,47
3675,0.003148,49
3676,0.003469,54
3677,0.001992,31
3678,0.002698,42
3679,0.002313,36
3680,0.002891,45
3681,0.002441,38
3682,0.003084,48
3683,0.001927,30
3684,0.002249,35
3685,0.002762,43
3686,0.002313,36
3687,0.002570,40
3688,0.002249,35
3689,0.002313,36
3690,0.002506,39
3691,0.002441,38
3692,0.002634,41
3693,0.002441,38
3694,0.002698,42
3695,0.002827,44
3696,0.002762,43
3697,0.002249,35
3698,0.002120,33
3699,0.002249,35
3700,0.001863,29
3701,0.001992,31
3702,0.001735,27
3703,0.002377,37
3704,0.002891,45
3705,0.002506,39
3706,0.002762,43
3707,0.002377,37
3708,0.002120,33
3709,0.002377,37
3710,0.002762,43
3711,0.002313,36
3712,0.002441,38
3713,0.002506,39
3714,0.002827,44
3715,0.002056,32
3716,0.002634,41
3717,0.002249,35
3718,0.001927,30
3719,0.002891,45
3720,0.002249,35
3721,0.001927,30
3722,0.003019,47
3723,0.001799,28
3724,0.001863,29
3725,0.001992,31
3726,0.002313,36
3727,0.002762,43
3728,0.001863,29
3729,0.002377,37
3730,0.001478,23
3731,0.001799,28
3732,0.002056,32
3733,0.002377,37
3734,0.002120,33
3735,0.001863,29
3736,0.001285,20
3737,0.001221,19
3738,0.002184,34
3739,0.002249,35
3740,0.002120,33
3741,0.001863,29
3742,0.001542,24
3743,0.001863,29
3744,0.001606,25
3745,0.002249,35
3746,0.001863,29
3747,0.001542,24
3748,0.001863,29
3749,0.002184,34
3750,0.001799,28
3751,0.001863,29
3752,0.001542,24
3753,0.001863,29
3754,0.001799,28
3755,0.001478,23
3756,0.001735,27
3757,0.002634,41
3758,0.001992,31
3759,0.000835,13
3760,0.002313,36
3761,0.001413,22
3762,0.001799,28
3763,0.001799,28
3764,0.001349,21
3765,0.001349,21
3766,0.001478,23
3767,0.001992,31
3768,0.001542,24
3769,0.001863,29
3770,0.001285,20
3771,0.001863,29
3772,0.001863,29
3773,0.001863,29
3774,0.001349,21
3775,0.001542,24
3776,0.001799,28
3777,0.001285,20
3778,0.001221,19
3779,0.001478,23
3780,0.001670,26
3781,0.001799,28
3782,0.001992,31
3783,0.001413,22
3784,0.001606,25
3785,0.001349,21
3786,0.001735,27
3787,0.001221,19
3788,0.002056,32
3789,0.001992,31
3790,0.001221,19
3791,0.001992,31
3792,0.001863,29
3793,0.001478,23
3794,0.001221,19
3795,0.001927,30
3796,0.001478,23
3797,0.002056,32
3798,0.001478,23
3799,0.000899,14
3800,0.001349,21
3801,0.001349,21
3802,0.001349,21
3803,0.001413,22
3804,0.001285,20
3805,0.001478,23
3806,0.001735,27
3807,0.001285,20
3808,0.001542,24
3809,0.001799,28
3810,0.001478,23
3811,0.001028,16
3812,0.001542,24
3813,0.001349,21
3814,0.001992,31
3815,0.001221,19
3816,0.001221,19
3817,0.001478,23
3818,0.001413,22
3819,0.001156,18
3820,0.001542,24
3821,0.000964,15
3822,0.001028,16
3823,0.001285,20
3824,0.001092,17
3825,0.001349,21
3826,0.001349,21
3827,0.001413,22
3828,0.000964,15
3829,0.001542,24
3830,0.001349,21
3831,0.001670,26
3832,0.001478,23
3833,0.001413,22
3834,0.001092,17
3835,0.001285,20
3836,0.001156,18
3837,0.001799,28
3838,0.001799,28
3839,0.000835,13
3840,0.001542,24
3841,0.001028,16
3842,0.000771,12
3843,0.001092,17
3844,0.001735,27
3845,0.001413,22
3846,0.001156,18
3847,0.001799,28
3848,0.001092,17
3849,0.001156,18
3850,0.001092,17
3851,0.000899,14
3852,0.001606,25
3853,0.001092,17
3854,0.001413,22
3855,0.001349,21
3856,0.000964,15
3857,0.000964,15
3858,0.000642,10
3859,0.001349,21
3860,0.001028,16
3861,0.001156,18
3862,0.001028,16
3863,0.001028,16
3864,0.001028,16
3865,0.000771,12
3866,0.001028,16
3867,0.000835,13
3868,0.000642,10
3869,0.000835,13
3870,0.001028,16
3871,0.000771,12
3872,0.000514,8
3873,0.001028,16
3874,0.000835,13
3875,0.000578,9
3876,0.001028,16
3877,0.001349,21
3878,0.000899,14
3879,0.001092,17
3880,0.000835,13
3881,0.001221,19
3882,0.001028,16
3883,0.000835,13
3884,0.000707,11
3885,0.001092,17
3886,0.000964,15
3887,0.000835,13
3888,0.001028,16
3889,0.001156,18
3890,0.000642,10
3891,0.001156,18
3892,0.000578,9
3893,0.000578,9
3894,0.000835,13
3895,0.000642,10
3896,0.000899,14
3897,0.001028,16
3898,0.000964,15
3899,0.000899,14
3900,0.000642,10
3901,0.000771,12
3902,0.000578,9
3903,0.000964,15
3904,0.001028,16
3905,0.000899,14
3906,0.000642,10
3907,0.000321,5
3908,0.000642,10
3909,0.000642,10
3910,0.000835,13
3911,0.000899,14
3912,0.000835,13
3913,0.000707,11
3914,0.000964,15
3915,0.000964,15
3916,0.001028,16
3917,0.000642,10
3918,0.000642,10
3919,0.000642,10
3920,0.000578,9
3921,0.001092,17
3922,0.000514,8
3923,0.000835,13
3924,0.000514,8
3925,0.000835,13
3926,0.000385,6
3927,0.000771,12
3928,0.000899,14
3929,0.000771,12
3930,0.000707,11
3931,0.000707,11
3932,0.001092,17
3933,0.000964,15
3934,0.000385,6
3935,0.000578,9
3936,0.000385,6
3937,0.000899,14
3938,0.000707,11
3939,0.000642,10
3940,0.000899,14
3941,0.000835,13
3942,0.000771,12
3943,0.000835,13
3944,0.000514,8
3945,0.000514,8
3946,0.000835,13
3947,0.000578,9
3948,0.000642,10
3949,0.000578,9
3950,0.000385,6
3951,0.000835,13
3952,0.000514,8
3953,0.000385,6
3954,0.000385,6
3955,0.000771,12
3956,0.000450,7
3957,0.000450,7
3958,0.000257,4
3959,0.001028,16
3960,0.000771,12
3961,0.000450,7
3962,0.001028,16
3963,0.000321,5
3964,0.000578,9
3965,0.000578,9
3966,0.000707,11
3967,0.000707,11
3968,0.000771,12
3969,0.000193,3
3970,0.000642,10
3971,0.000578,9
3972,0.000642,10
3973,0.000385,6
3974,0.000835,13
3975,0.000450,7
3976,0.000578,9
3977,0.000514,8
3978,0.000707,11
3979,0.000642,10
3980,0.000899,14
3981,0.000642,10
3982,0.000642,10
3983,0.000385,6
3984,0.000193,3
3985,0.000450,7
3986,0.000450,7
3987,0.000450,7
3988,0.000642,10
3989,0.000899,14
3990,0.000514,8
3991,0.000257,4
3992,0.000642,10
3993,0.000707,11
3994,0.000450,7
3995,0.000642,10
3996,0.000835,13
3997,0.000642,10
3998,0.000257,4
3999,0.000128,2
4000,0.000707,11
4001,0.000514,8
4002,0.000385,6
4003,0.000450,7
4004,0.000450,7
4005,0.000707,11
4006,0.000707,11
4007,0.000321,5
4008,0.000835,13
4009,0.000385,6
4010,0.000257,4
4011,0.000771,12
4012,0.000321,5
4013,0.000835,13
4014,0.000578,9
4015,0.000707,11
4016,0.000771,12
4017,0.000514,8
4018,0.000578,9
4019,0.000707,11
4020,0.000385,6
4021,0.000514,8
4022,0.000642,10
4023,0.000578,9
4024,0.000450,7
4025,0.000578,9
4026,0.000578,9
4027,0.000514,8
4028,0.000450,7
4029,0.000450,7
4030,0.000707,11
4031,0.000578,9
4032,0.000514,8
4033,0.000514,8
4034,0.000450,7
4035,0.000450,7
4036,0.000450,7
4037,0.000514,8
4038,0.000128,2
4039,0.000385,6
4040,0.000642,10
4041,0.000514,8
4042,0.000193,3
4043,0.000321,5
4044,0.000321,5
4045,0.000450,7
4046,0.000385,6
4047,0.000707,11
4048,0.000385,6
4049,0.000321,5
4050,0.000321,5
4051,0.000193,3
4052,0.000385,6
4053,0.000321,5
4054,0.000321,5
4055,0.000257,4
4056,0.000257,4
4057,0.000257,4
4058,0.000193,3
4059,0.000450,7
4060,0.000385,6
4061,0.000514,8
4062,0.000642,10
4063,0.000385,6
4064,0.000578,9
4065,0.000257,4
4066,0.000257,4
4067,0.000642,10
4068,0.000193,3
4069,0.000385,6
4070,0.000257,4
4071,0.000385,6
4072,0.000128,2
4073,0.000450,7
4074,0.000321,5
4075,0.000257,4
4076,0.000064,1
4077,0.000450,7
4078,0.000321,5
4079,0.000450,7
4080,0.000321,5
4081,0.000257,4
4082,0.000321,5
4083,0.000257,4
4084,0.000193,3
4085,0.000193,3
4086,0.000321,5
4087,0.000321,5
4088,0.000385,6
4089,0.000450,7
4090,0.000450,7
4091,0.000128,2
4092,0.000385,6
4093,0.000321,5
4094,0.000064,1
4095,0.000450,7
4096,0.000193,3
4097,0.000321,5
4098,0.000128,2
4099,0.000450,7
4100,0.000642,10
4101,0.000321,5
4102,0.000193,3
4103,0.000257,4
4104,0.000514,8
4105,0.000064,1
4106,0.000321,5
4107,0.000193,3
4108,0.000064,1
4109,0.000193,3
4110,0.000193,3
4111,0.000064,1
4112,0.000193,3
4113,0.000193,3
4114,0.000064,1
4115,0.000385,6
4116,0.000450,7
4117,0.000128,2
4118,0.000257,4
4119,0.000321,5
4120,0.000257,4
4121,0.000321,5
4122,0.000257,4
4123,0.000321,5
4124,0.000321,5
4125,0.000514,8
4126,0.000385,6
4128,0.000128,2
4129,0.000064,1
4130,0.000064,1
4131,0.000128,2
4132,0.000128,2
4133,0.000128,2
4134,0.000321,5
4135,0.000128,2
4136,0.000128,2
4137,0.000128,2
4138,0.000128,2
4139,0.000064,1
4140,0.000064,1
4141,0.000257,4
4142,0.000128,2
4143,0.000128,2
4144,0.000128,2
4145,0.000128,2
4146,0.000385,6
4147,0.000257,4
4148,0.000128,2
4149,0.000128,2
4150,0.000064,1
4151,0.000064,1
4152,0.000128,2
4153,0.000257,4
4154,0.000321,5
4155,0.000257,4
4156,0.000128,2
4157,0.000064,1
4158,0.000128,2
4159,0.000128,2
4160,0.000064,1
4161,0.000321,5
4162,0.000064,1
4163,0.000128,2
4164,0.000128,2
4166,0.000193,3
4167,0.000450,7
4168,0.000257,4
4169,0.000128,2
4170,0.000257,4
4171,0.000193,3
4172,0.000193,3
4173,0.000193,3
4174,0.000064,1
4175,0.000128,2
4176,0.000128,2
4177,0.000128,2
4178,0.000193,3
4179,0.000193,3
4180,0.000257,4
4181,0.000193,3
4182,0.000385,6
4183,0.000064,1
4184,0.000128,2
4185,0.000578,9
4186,0.000064,1
4187,0.000257,4
4189,0.000257,4
4190,0.000321,5
4191,0.000193,3
4192,0.000128,2
4193,0.000064,1
4194,0.000128,2
4195,0.000128,2
4196,0.000193,3
4197,0.000257,4
4198,0.000257,4
4199,0.000257,4
4200,0.000128,2
4201,0.000321,5
4202,0.000128,2
4205,0.000193,3
4206,0.000257,4
4207,0.000128,2
4208,0.000321,5
4209,0.000064,1
4210,0.000385,6
4211,0.000257,4
4213,0.000257,4
4214,0.000385,6
4215,0.000385,6
4217,0.000128,2
4218,0.000450,7
4219,0.000064,1
4220,0.000064,1
4221,0.000193,3
4222,0.000193,3
4223,0.000128,2
4224,0.000193,3
4225,0.000321,5
4226,0.000385,6
4227,0.000321,5
4228,0.000193,3
4229,0.000064,1
4230,0.000193,3
4231,0.000128,2
4232,0.000385,6
4233,0.000128,2
4234,0.000257,4
4235,0.000064,1
4236,0.000321,5
4237,0.000128,2
4238,0.000257,4
4239,0.000321,5
4240,0.000321,5
4241,0.000064,1
4242,0.000193,3
4243,0.000064,1
4244,0.000128,2
4245,0.000128,2
4246,0.000064,1
4247,0.000064,1
4248,0.000128,2
4249,0.000321,5
4250,0.000193,3
4251,0.000128,2
4252,0.000257,4
4253,0.000193,3
4254,0.000064,1
4255,0.000128,2
4256,0.000064,1
4257,0.000064,1
4258,0.000064,1
4259,0.000128,2
4260,0.000193,3
4261,0.000385,6
4262,0.000193,3
4263,0.000321,5
4264,0.000064,1
4265,0.000064,1
4266,0.000257,4
4267,0.000193,3
4269,0.000064,1
4270,0.000128,2
4271,0.000193,3
4272,0.000321,5
4273,0.000064,1
4274,0.000064,1
4275,0.000128,2
4277,0.000257,4
4278,0.000193,3
4279,0.000064,1
4280,0.000128,2
4281,0.000064,1
4282,0.000385,6
4283,0.000128,2
4284,0.000128,2
4285,0.000064,1
4286,0.000064,1
4287,0.000064,1
4288,0.000128,2
4290,0.000064,1
4292,0.000064,1
4293,0.000257,4
4294,0.000257,4
4295,0.000128,2
4296,0.000193,3
4297,0.000128,2
4298,0.000128,2
4299,0.000257,4
4300,0.000257,4
4301,0.000257,4
4302,0.000193,3
4303,0.000064,1
4304,0.000064,1
4305,0.000064,1
4306,0.000064,1
4307,0.000257,4
4308,0.000064,1
4309,0.000321,5
4310,0.000128,2
4311,0.000193,3
4313,0.000064,1
4314,0.000064,1
4315,0.000257,4
4316,0.000064,1
4317,0.000128,2
4318,0.000193,3
4319,0.000321,5
4320,0.000193,3
4321,0.000128,2
4322,0.000707,11
4323,0.000064,1
4324,0.000257,4
4325,0.000257,4
4326,0.000450,7
4327,0.000128,2
4328,0.000128,2
4329,0.000128,2
4330,0.000064,1
4331,0.000064,1
4332,0.000321,5
4333,0.000064,1
4334,0.000128,2
4335,0.000193,3
4336,0.000128,2
4337,0.000193,3
4338,0.000193,3
4339,0.000193,3
4340,0.000257,4
4341,0.161830,2519
